# File generated by ImageToStl.com - Free Image and 3D model conversion tools

mtllib satellite.mtl

o obj1
v -803.41241324 -2058.09232027 2160.79837496
v -946.87786594 -2054.7849535 2196.1545824
v -939.02923368 -2069.49589066 2168.77933792
v -646.65069337 -2046.53396381 2198.05935444
v -936.77520505 -2029.66483587 2215.83573431
v -881.60394884 -2053.02372018 1999.46231881
v -579.01122933 -2058.19484953 2156.86135343
v -613.47619996 -2052.65383541 2052.22365963
v -443.57391299 -2047.96352037 2154.47438462
v -397.14550633 -2031.08583279 2191.78956814
v -431.61974941 -2015.18178156 2209.53151301
v -612.20521716 -2048.66042715 1752.24172598
v -903.43012707 -2055.82767621 1851.14200726
v -190.45991333 -2048.09082864 2182.87842629
v -316.74246135 -2046.87000896 2160.60841228
v -193.14114365 -2058.90088735 2133.37452016
v -44.04181878 -2014.61902048 2214.3117695
v -42.36744519 -2044.00805849 2183.97705263
v -340.13645304 -2043.91554221 1940.29444846
v 16.99510151 -2048.92578051 1912.20947191
v -39.00613024 -2055.44848803 2132.98437671
v -586.59090477 -2043.40493287 1609.75149048
v -924.57247239 -2052.83158338 1594.95804823
v -547.88376041 -2055.3008052 1392.948022
v -204.69872031 -2040.3711027 1333.72791422
v -370.26085582 -2041.68727204 1642.07154939
v -776.99539702 -2044.52981912 1327.90677224
v -319.02326149 -2049.0063616 1279.55360281
v -410.63887275 -2041.43654139 1042.92347986
v -479.60160998 -2046.31044577 1754.64858053
v -542.10072688 -2051.32619557 1705.99367604
v 129.4407985 -2037.896967 2210.68212325
v 143.75883747 -2055.74144879 2193.42333356
v 116.26143092 -2065.05687968 2171.64257304
v 134.85902452 -2072.02025778 2127.79247457
v 193.4839953 -2065.69017709 2163.87255014
v 351.68802028 -2029.17784107 2193.57395924
v 246.91294312 -2059.09959858 2004.29015034
v 271.49331785 -2052.24071079 2164.12987095
v 358.96423483 -2011.18565325 2210.61326556
v 349.61418991 -2053.18504331 1978.69798276
v 357.91503986 -2046.57017478 2160.73484764
v 318.21128553 -2048.13011304 1724.94529859
v 497.66955789 -2035.11960715 2204.80344504
v 491.26141504 -2055.24704884 2167.32053517
v 583.00494564 -2036.75424698 2193.13400772
v 633.84869528 -2010.2166471 2211.59689612
v 684.29669341 -2029.84005798 2193.79806579
v 630.00018405 -2040.35788262 2170.22653496
v 512.86047405 -2058.49216508 2140.06931352
v 614.44354206 -2046.62497314 2132.82321533
v 560.5642597 -2041.60458975 1911.28476554
v 809.80346811 -2048.41646851 2170.48629273
v 885.7091695 -2037.85335484 2197.31392613
v 874.78570749 -2054.58882895 2178.32784262
v 807.02722166 -2055.12667371 2133.49483777
v 809.93804435 -2061.02755249 2014.34871948
v 902.48040625 -2071.51436485 2083.92476524
v 655.34586616 -2044.85617253 1684.89816471
v 747.82981391 -2054.4626138 1675.2976968
v 747.37706505 -2057.76705717 1899.17391753
v 350.99139904 -2043.23936454 1561.84226981
v 323.45569765 -2048.50901906 1652.22947805
v 542.31088848 -2045.03195872 1581.11875071
v 652.39609352 -2057.01559648 1568.11203203
v 542.88863959 -2042.06333076 1408.318946
v 656.00240192 -2041.93686097 1243.58456605
v 320.51351822 -2038.72203189 1427.7178815
v 489.54814089 -2044.63364559 1083.5591827
v -24.7905876 -2041.89148058 1205.0094005
v -216.59421501 -2042.54615205 1282.59046357
v -367.3764319 -2037.90626606 810.34620746
v -172.34644638 -2040.92310324 853.03314962
v -39.5983739 -2046.53564626 1084.10083181
v -194.65774793 -2051.37549679 682.58155148
v 70.89357498 -2041.11047053 1041.15453792
v 78.60900953 -2037.99132957 771.6137661
v 191.59851932 -2045.72240373 943.06743547
v 279.54764 -2039.36082762 800.46348876
v -104.20871523 -2038.90478971 453.08423307
v 108.28909458 -2042.04101089 88.19211868
v 79.49171051 -2039.47643696 1709.54089008
v -126.69320138 -2043.35840398 1745.59961491
v 120.85065495 -2040.09765097 1458.64843222
v -31.53617649 -2046.7675795 1492.08838028
v -126.9359452 -2051.76929266 1576.95593817
v 2208.79943971 -2024.54958607 796.29781605
v 2238.76746062 -1983.42775859 913.54342021
v 2202.01453333 -2035.98452289 916.05947406
v 2224.20885557 -2004.37099653 634.1614018
v 2255.67565333 -1941.70217191 717.12728177
v 2263.25915463 -1905.72524287 872.14650752
v 2206.37462843 -2029.24599731 640.77169311
v 2266.13731919 -1879.62660993 686.28713239
v 2266.39244128 -1826.66506207 628.05806744
v 2277.44589194 -1497.29885064 588.15547906
v 2282.03426785 -1363.02944126 653.86006871
v 2271.42905203 -1555.47219075 662.61135091
v 2279.67878378 -1225.74513961 440.67354537
v 2268.48713773 -1364.25966647 401.59606173
v 2270.41611343 -1856.83510584 380.57332605
v 2238.44224653 -1990.81520977 476.65999737
v 2231.9090389 -2010.20461435 354.28728647
v 2247.61876397 -1942.58815859 611.01467226
v 2258.81016215 -1937.47585341 431.68019912
v 2266.07238074 -1741.7015611 891.92781843
v 2274.28204748 -980.24233223 508.13857246
v 2279.65705208 -1098.47902633 495.02400924
v 2279.31914983 -940.57302048 387.11449387
v 2281.58546559 -370.84749548 3.72148864
v 2281.11233894 -457.37123818 326.26030678
v 2282.3213264 -676.05947055 178.12047519
v 2277.10598338 -746.11122859 -143.30997502
v 2284.32426506 -1091.48635034 -31.95157499
v 2280.28375189 -1166.93923138 216.8668742
v 2276.05106423 -869.87703674 18.6537606
v 2275.23930715 -831.53383609 297.1801984
v 2255.74472344 -1943.04909573 219.63665067
v 2261.07552588 -1774.67446171 202.60613285
v 2276.2989103 -1573.9374005 306.02172057
v 2272.77423786 -1503.63564284 50.57600386
v 2233.50522492 -1999.44008792 241.70382083
v 2214.12583075 -2025.14333583 224.4446664
v 2278.95123745 -1405.63735156 94.65254168
v 2275.92170637 -1418.37258118 309.00295227
v 2273.9365826 -1347.91005685 5.66816404
v 2278.51152675 -1220.57631642 -27.66606563
v 2218.47518999 -2008.0213874 104.34205085
v 2247.65609364 -1965.77101992 42.30869768
v 2258.02401022 -1899.25258685 32.5741086
v 2230.29940439 -2007.45327165 5.47326591
v 2227.50404477 1500.19040498 -916.14084444
v 2240.25917453 1489.12058132 -862.89853542
v 2243.72646321 1360.57089886 -910.90470013
v 2261.53969918 1279.44834104 -910.91574827
v 2277.57852267 1219.35337104 -853.66513862
v 2258.52701288 1073.20542099 -911.03903915
v 2272.13784617 1272.91550459 -861.11667647
v 2257.47988489 1341.10788676 -845.53464458
v 2276.6258915 1206.85483584 -739.04355655
v 2277.82364621 1138.81784859 -788.75461617
v 2280.97013682 1110.07492881 -674.89926963
v 2266.3846913 983.55649555 -716.84244526
v 2267.54142222 1011.13040918 -857.66049951
v 2232.59969353 -2005.62563483 -80.34732659
v 2237.59748934 -1934.17690414 -167.43622452
v 2239.67707458 -1895.36452612 -233.87207666
v 2242.62091787 -1743.22329064 -181.49812964
v 2223.47737236 -1979.6347905 -208.101324
v 2207.01936652 -2012.81020626 -196.20744816
v 2267.51958597 -1475.7046128 -223.79969018
v 2265.52520571 -1621.95424667 -267.01767715
v 2270.77520453 -1691.62001793 -363.66101845
v 2265.5832985 -1524.34914413 -459.58472428
v 2280.37186765 -1396.98195599 -448.06089069
v 2229.56696298 -1989.87929707 -424.00064677
v 2201.38874101 -2031.93288717 -450.34808817
v 2270.36333786 -1749.69374842 -454.50101477
v 2257.7200352 -1908.8991933 -433.47492169
v 2257.14508671 -1911.33278708 -374.4668345
v 2241.98492686 -1943.67336391 -489.11304356
v 2262.82155784 -1080.55397824 -516.91037723
v 2268.41823971 -1071.97182467 -458.34671781
v 2276.87259212 -1189.55434383 -422.63092838
v 2267.52395346 -1156.61757666 -523.3445205
v 2267.30226571 -1051.45412453 -602.68357079
v 2267.74293828 -976.4292832 -556.50632471
v 2277.63893515 -930.52815972 -492.8854145
v 2278.55348792 -1116.81667286 -633.61362499
v 2251.7246232 -989.39095382 -673.17032548
v 2248.9780369 -941.66909115 -723.02469547
v 2274.46191722 -837.70473456 -765.51255059
v 2257.8786399 -414.68969012 -922.69461774
v 2281.70700581 -278.58235876 -860.58274134
v 2273.9228324 -426.86467722 -865.24277518
v 2277.58909647 -537.91854058 -877.88779487
v 2283.54466921 -613.63808378 -808.74149386
v 2279.63842597 -767.44448043 -807.71225785
v 2277.52026068 -791.57991754 -860.06803168
v 2266.94799114 -752.14955911 -910.04868308
v 2267.29151655 -1052.55287941 -763.23007958
v 2271.24879799 -1188.55568685 -760.85758219
v 2257.28466678 -868.85652975 -896.1081309
v 2261.35645904 -1158.71413455 -844.66855588
v 2267.07764335 -1039.33596047 -887.63437644
v 2250.18360165 -1107.03432547 -926.40793527
v 2255.18579337 -948.65309966 -894.89878022
v 2265.13965745 -991.40517443 -785.32920057
v 2247.14209658 -940.97292424 -786.78501034
v 2211.65118414 -2011.50747169 -613.78928124
v 2236.51421354 -1932.80214833 -711.55161143
v 2253.21416527 -1847.24660561 -613.10544517
v 2248.16508453 -1808.82827087 -768.75150208
v 2249.8982409 -1750.80617607 -663.24661934
v 2262.64115792 -1690.87307004 -669.57199832
v 2251.80864221 -1713.57509688 -604.92813798
v 2203.80059143 -2002.53151988 -759.8069811
v 2246.0837869 -1863.5460444 -795.98471732
v 2266.63503771 -1493.68898784 -854.31833638
v 2265.63430814 -1418.57949081 -714.14353165
v 2267.3576973 -1550.00038917 -834.23154442
v 2254.72634237 -1390.74025789 -841.49191985
v 2258.74025281 -1332.48732803 -910.81076768
v 2269.51344754 -1304.14968107 -851.02274325
v 2270.69020193 -1252.83681481 -878.14505775
v 2257.5979156 -1265.0941396 -917.15048931
v 2240.46143692 -1174.6975339 -919.78720731
v 2260.64505025 -1589.10988654 -886.41049921
v 2248.81423546 -1522.85866635 -917.24796207
v 2247.36038141 -1606.01015567 -923.07291318
v 2239.94435936 -1447.76113256 -912.01572291
v 2235.29347778 -1406.68215327 -931.99204107
v 2223.54789911 -1978.35781296 -890.56894485
v 2201.14921912 -2013.69753562 -888.16183938
v 2238.48393473 -1932.56044903 -834.20627461
v 2263.74393875 -1740.19765495 -773.16941047
v 2251.11625541 -1847.51747973 -830.01718824
v 2260.12870295 -1817.86220589 -883.60160026
v 2266.43362732 -1661.02077495 -893.05869282
v 2248.46293068 -1835.95070738 -919.70279604
v 2273.14700769 -1643.90578443 -842.35495776
v 2186.4336417 -2029.06008509 -932.02933141
v 2209.83232075 -1980.10280868 -942.346288
v 2233.32596804 -1863.1770264 -941.0238403
v 2274.17752761 -1616.54518868 -761.54599784
v 2275.10038181 -1541.9935529 -626.49210384
v 2265.40653604 -1643.94826523 -685.46329482
v 2258.02128925 -1632.8370595 -511.57852888
v 2264.01103004 -1577.0456774 -576.94657113
v 2267.35525624 -1357.12441261 -633.56272118
v 2264.08303841 -1297.13881705 -597.19937875
v 2277.13382877 -1467.73390925 -559.25492131
v 2258.46442089 -1571.57741593 -75.00186874
v 2275.2468749 -1237.3467023 -122.57273892
v 2279.72612056 -1259.89516402 -199.76868486
v 2276.98612236 -1172.46327938 -294.46955143
v 2263.88674972 -1112.22219108 -403.79605843
v 2274.58448513 -808.55733466 -523.24338556
v 2282.05348225 -766.86360874 -413.27649746
v 2284.13378962 -515.55928736 -502.75830907
v 2277.64991517 -691.30757866 -397.99036445
v 2280.72000088 -873.20033976 -182.87908224
v 2273.54788334 -1027.02346019 -300.0605547
v 2253.80188125 -1889.32314367 934.52632971
v 2247.18859341 -1721.47744083 951.67379093
v 2255.32530506 -1564.72878325 945.90566314
v 2272.69444251 -1567.44618972 870.71425613
v 2261.62509697 -1325.23879274 893.0923694
v 2248.74692753 -1376.88649838 941.81191342
v 2272.50277966 -1246.39723953 906.75246414
v 2255.87607351 -1255.97878323 961.85891018
v 2268.82821122 -1245.44960786 726.95595551
v 2277.37923554 -1061.57277643 886.45455133
v 2277.68489216 -1169.4996563 608.13826714
v 2270.55600472 -1367.60829919 840.51607507
v 2279.92610169 -878.07637739 867.54262495
v 2274.6880708 -968.64235662 919.07833075
v 2269.92341516 -797.56826015 925.46846767
v 2261.53255322 -930.3701404 957.48366579
v 2267.27863548 -742.48268898 882.53127296
v 2262.3262429 -699.50106078 925.2807849
v 2277.74249147 -650.46584282 718.33064995
v 2278.56257021 -890.19936329 716.09609181
v 2276.31109978 -570.83467833 907.60439269
v 2263.30524026 -521.34719111 953.79885126
v 2265.8574756 -290.47255721 938.6399156
v 2281.84258603 -740.50270787 557.47267858
v 2274.73243753 -259.56862615 98.64843725
v 2269.27024836 1175.51425935 825.17964934
v 2262.92137654 1139.29257938 906.42812374
v 2256.04735608 1095.00107518 930.32314357
v 2262.56516633 1356.16709109 916.53145628
v 2262.26901547 1451.01328248 821.95729857
v 2255.78952692 1447.96909274 902.08455716
v 2228.49924632 1442.26767554 956.02443872
v 2233.75095749 1400.80722655 964.58767091
v 2238.29220958 1542.29892596 930.26839581
v 2255.55709767 1587.16379488 872.55251371
v 2216.36740054 1631.43552169 920.04213945
v 2256.25606782 1592.70505468 775.98989161
v 2274.49361599 1295.47544122 463.79561591
v 2258.11446917 1444.89646101 694.82338762
v 2243.90108266 1532.26096234 608.22927203
v 2253.3183243 1522.20053795 719.80898354
v 2235.39864208 1571.27841802 666.15120844
v 2226.72090272 1598.50095183 579.32332796
v 2246.27533894 1552.17429252 369.74517159
v 2242.63227581 1594.47788123 487.06780358
v 2214.01581238 1626.33432529 327.84237148
v 2243.07269391 1568.48044473 195.90969199
v 2263.0402343 1461.9927747 343.2417834
v 2267.8773784 1405.10556788 -36.36140437
v 2270.88913066 1124.33298501 449.4390792
v 2272.20040548 1031.65842452 254.51349626
v 2271.54486115 1460.45517742 71.30911244
v 2240.00237393 1604.38388698 60.69389852
v 2258.05316318 1537.82004499 177.12163592
v 2205.10735742 1626.18991572 151.61236089
v 2211.08391509 1642.78513083 57.84218851
v 2257.91350762 1557.38022565 33.84495974
v 2278.45453516 1087.70481151 -163.37526744
v 2264.70429016 1190.15537243 -80.55073528
v 2271.266317 1037.55869303 112.91384115
v 2265.02776623 1354.07260877 -151.39093763
v 2257.10832115 1597.70127054 -170.4416575
v 2251.64543415 1611.76975174 -73.39690323
v 2269.32366119 1508.4211197 -76.38703157
v 2263.8771187 1557.93296029 -239.48607613
v 2249.18009436 1510.84714421 -351.84723577
v 2249.81802956 1589.41159737 -370.67713081
v 2244.37516149 1625.95188033 -264.9228276
v 2241.33413296 1620.94589875 -565.10202668
v 2245.27432183 1626.00510303 -483.9290227
v 2268.23771829 1379.10825344 -329.37516018
v 2263.67888432 1132.8086927 -486.01193977
v 2272.34905586 1077.81137862 -414.6352922
v 2264.51065944 1231.13999156 -661.80887584
v 2262.23745604 1528.42575807 -594.20511598
v 2269.28628836 1475.65280915 -551.1787491
v 2225.59169334 1634.99570275 -733.54556848
v 2221.81777127 1634.66538032 -648.94046577
v 2253.88394134 1392.84787684 -708.82138758
v 2247.46498812 1545.35935117 -737.07834531
v 2238.31727489 1604.98520526 -864.00907001
v 2228.75696974 1610.99106422 -913.31522193
v 2270.72892863 1273.25656898 -448.92365272
v 2266.38615235 1336.95444477 -450.25366962
v 2268.85247819 1046.81162261 -345.77030181
v 2087.82010973 -1997.43032866 -1050.87484712
v 2197.96976541 -1873.1295426 -984.45175623
v 2234.82791399 -1712.48427731 -954.44010013
v 1824.43849894 -1878.90848959 -1366.91170084
v 1765.2168021 -1540.54057225 -1421.06990138
v 2025.79896955 -1587.51382747 -1144.78133855
v 1741.96680612 -1636.10014358 -1424.62226853
v 2201.99880014 -1447.9302016 -971.17081158
v 2222.51637274 -1318.81118215 -968.38113963
v 1957.91214068 -1940.47342516 -1224.28841566
v 1963.26065832 -2032.80191614 -1158.89144324
v 1839.76992791 -2002.38236587 -1305.71797593
v 2206.4197044 -1584.90236937 -974.81796754
v 1468.14081464 -474.18963309 -1721.00836496
v 1844.27413717 -601.63901851 -1350.99678472
v 1656.10884735 -619.87688073 -1520.55646888
v 1311.0703933 -938.66778937 -1882.85015496
v 2232.56884178 -819.84291999 -954.20273431
v 1920.89403688 -1132.90116115 -1272.20272068
v 1732.31716188 -1976.48063717 -1445.63984623
v 1656.07399841 -2026.20293054 -1481.70283118
v 1360.97544921 -1489.56952059 -1824.86920012
v 1411.57311438 -1641.46050959 -1772.8170783
v 1672.94141889 -1787.79155285 -1498.58173817
v 1768.59496599 -1305.07829183 -1412.93318278
v 2202.7478117 -1178.05410293 -972.85806748
v 945.09426236 1411.25504619 -2226.81962139
v 983.61629066 1551.29984768 -2210.12186917
v 996.80684971 1404.06156701 -2190.44682092
v 983.19570955 1280.96659571 -2202.52958399
v 931.3111873 1267.70914715 -2233.2541911
v 1419.83118702 -1984.66693012 -1749.81524761
v 1412.30042689 -2012.5466912 -1741.42352365
v 1277.91527314 -1680.17194121 -1910.2794748
v 1091.41173857 -1973.25227163 -2078.45390513
v 1275.06261696 -1778.24701458 -1895.21355671
v 943.74024435 -1059.33430933 -2227.40970922
v 1034.55611596 -1325.85005243 -2158.17143194
v 922.42546257 -530.87196896 -2236.13895634
v 984.68041385 -669.58919036 -2204.82059968
v 932.19493981 -687.22701003 -2231.68021653
v 971.32750271 -528.83436916 -2198.19608738
v 1121.78137169 -2023.83747538 -2032.47966329
v 948.62736517 -1873.91634037 -2221.71757076
v 944.02476835 -1949.37398217 -2222.20682837
v 986.53817234 -1386.63240317 -2202.67631265
v 972.491918 -1631.20991843 -2211.32523782
v 937.64426776 -1787.32881644 -2229.8901777
v 984.04160603 -1749.3675107 -2205.73026762
v 907.92179806 -1878.6501068 -2242.61210023
v 921.65001462 -2006.81758667 -2230.83548951
v 1008.23571288 -2022.14595202 -2134.04496595
v 902.47356455 -2054.93038047 -2220.20926796
v 1328.74045261 -1277.01507864 -1869.61651316
v 1788.45785703 -738.9097729 -1395.76448247
v 1451.66511226 -607.06237551 -1725.24359373
v 2211.60718264 -1091.98122657 -979.67032372
v 2237.44165304 -1005.75911851 -945.22971206
v 2237.55980434 -724.26680893 -955.7219606
v 2230.1254649 -427.50148943 -962.29239485
v 2264.82930872 -72.60529346 -918.72568494
v 2228.042869 1324.73129856 -957.20731175
v 2227.02724652 1262.1281491 -962.1368161
v 2216.83437086 1371.71005784 -957.09122239
v 2195.83045773 1517.12765946 -969.03696122
v 2202.10389122 1615.56955426 -962.3286485
v 1897.32617639 1406.78902336 -1282.48958489
v 1868.98449674 1507.99959341 -1292.23860709
v 1991.28173783 1635.94918372 -1167.11495521
v 1829.89073927 1646.27046573 -1324.75142276
v 1518.4782528 1582.74762497 -1637.3881279
v 1570.72629933 1643.44184112 -1584.53559112
v 1685.58775468 1639.28291059 -1470.70954634
v 1487.51219327 1398.2637369 -1709.16205233
v 1322.03415071 1629.42791423 -1826.23431072
v 1416.89499732 1529.74823088 -1771.00604338
v 1543.89477972 1057.98285557 -1635.70587803
v 1140.03133581 1575.98149514 -2046.26164651
v 996.68446475 1627.43253868 -2183.8193795
v 1212.43944178 1070.90264089 -1981.20867116
v -922.57331756 -1913.80338505 -2241.8625085
v -892.38654775 -1969.97489252 -2246.86397466
v -941.34540769 -2007.27311244 -2230.06441198
v -867.2800447 -1896.79911018 -2249.15035271
v -891.25136069 -1826.62503896 -2236.54073253
v -705.49646916 -2025.02029451 -2235.55197111
v -523.46247422 -1997.25991058 -2245.34812165
v -872.67525474 -1715.04520416 -2236.78780365
v -300.77510086 -1886.9426401 -2239.57029935
v -632.24824004 -2011.55459307 -2241.64401533
v -427.35047303 -2024.06825598 -2233.77781335
v -927.3813822 -1444.78898097 -2235.0133872
v -903.94815582 -1428.26334518 -2245.00972611
v -918.77646015 -1498.09513293 -2228.56050671
v -898.47451517 -1596.35782736 -2233.91255838
v -855.47402698 -1604.66641923 -2244.28560714
v -857.18521622 -1438.24430016 -2251.69698402
v -626.55770681 -1601.80874321 -2255.70358589
v -880.93131694 -1261.69315374 -2234.67501032
v -859.31925372 -1327.43302096 -2239.07686673
v -909.54544927 -1329.85099191 -2224.56123954
v -916.91850367 -1167.88041117 -2234.79756734
v -872.52220295 -1169.98319244 -2249.46358491
v -117.97355268 -1973.30786648 -2234.53734836
v 12.14767839 -2026.96472115 -2222.96752983
v -210.93515217 -1496.4581391 -2240.84349664
v -334.84008606 -1598.81666503 -2254.98802247
v 122.85495647 -1707.61339795 -2256.65356982
v -120.6478704 -1789.06287148 -2254.83739707
v -914.64678053 -1030.81766693 -2220.6566983
v -867.8845111 -1077.11295298 -2235.81636831
v -888.73992273 -988.59580301 -2237.01338889
v -817.44029666 -1095.96829745 -2241.54830411
v -900.5132465 -782.55893829 -2221.61568329
v -847.65478975 -735.24075971 -2236.65718951
v -906.55230574 -866.9635406 -2231.52803655
v -846.01055887 -851.37534216 -2242.8129513
v -359.99194789 -743.99171495 -2243.96287489
v -910.96436741 -543.46640945 -2212.90132737
v -843.73463345 -512.71091335 -2236.39132054
v -895.9252512 -389.03644663 -2226.17623037
v -842.97524213 -330.36005272 -2239.20211159
v -102.42991602 -1198.21435995 -2237.21996623
v -715.56742789 -1219.74685745 -2251.07809372
v 249.5317098 -1941.39439827 -2243.9362902
v 177.3824074 -2033.46959674 -2225.08057416
v 279.87230502 -2008.63402097 -2224.52589114
v 550.57365085 -1828.77170445 -2253.98024868
v 506.40492672 -1986.52280501 -2238.76955339
v 405.10552044 -2009.96677917 -2223.82667786
v 554.84428533 -1930.96823747 -2251.04421371
v 404.7708777 -1629.16624207 -2243.26344543
v 133.291036 -1665.51183499 -2246.63794528
v 87.24992509 -1403.46752548 -2244.59888077
v 515.11852134 -2020.49765815 -2224.92262994
v 591.57463913 -2062.40353859 -2219.41018211
v 620.93724682 -2033.00375704 -2239.71242949
v 662.32732532 -2076.89084019 -2219.29226528
v 876.44975802 -2015.26412185 -2245.10990159
v 853.53575964 -2062.54512871 -2221.91873848
v 870.09110546 -1783.94100201 -2242.22464741
v 838.9322365 -1923.74068599 -2254.84183355
v 900.24788746 -1384.76888155 -2239.16434599
v 386.84922 -1722.26829364 -2252.1994798
v 290.14362962 -466.4367549 -2243.0048955
v 282.18468031 -578.95866686 -2251.38819593
v -344.32996542 -626.89967325 -2237.38255331
v 413.86959056 -667.88438132 -2243.23585793
v 214.82089321 -862.80589881 -2239.10743127
v -166.65477622 -709.47516598 -2250.37889897
v -897.46774293 1266.12520491 -2224.8546971
v -876.42105258 1291.97762282 -2234.3383406
v -884.36885983 1115.65389201 -2234.82906291
v -905.93564387 1374.39668892 -2240.82271431
v -837.90091265 1321.75277099 -2242.8210083
v -815.74941976 1240.06124364 -2241.55489598
v -938.63999858 1581.94991014 -2239.34053514
v -914.20964317 1649.9976407 -2250.81026277
v -899.77280918 1522.09883762 -2255.74385715
v -847.21610141 1386.01473347 -2252.09468953
v 231.32413195 -252.91853847 -2238.60914097
v 906.46737681 -1541.94527288 -2237.87455134
v 888.51080899 -980.67421653 -2245.01200173
v 864.55040821 -688.69826543 -2241.30203974
v 687.91644344 -854.43038985 -2237.68899491
v 866.79899727 -538.72560908 -2254.44559453
v 938.33560352 -174.09590625 -2229.4470625
v 628.00035477 -595.42996523 -2253.59255675
v 866.66281551 -242.38098934 -2240.05741093
v 899.58248293 1388.70597194 -2241.34159206
v 881.75326559 1243.13480417 -2242.903603
v 918.02559468 1475.17826278 -2234.404337
v 942.25392343 1566.44938201 -2229.49979705
v 861.85102849 1597.53580427 -2241.29593611
v 636.46968502 1504.75747411 -2238.2661411
v 301.51754944 1204.4526499 -2244.4863413
v 339.83564974 1547.92494161 -2242.57765157
v 499.96464356 1626.2013158 -2255.45265857
v 542.41690915 1057.09536062 -2239.00246512
v 165.49051526 1457.07141837 -2240.29492911
v 152.22169419 1591.19629572 -2265.94776056
v -345.33771509 1414.76878373 -2249.14451615
v -257.9061429 1568.43870943 -2264.78783052
v -720.02025034 1628.88180446 -2255.01534939
v -397.70732247 1607.67063691 -2262.12229707
v -2213.74385385 -1894.65036532 -919.21785978
v -2196.84492488 -2011.52048177 -963.16079264
v -2229.09492219 -2026.42429177 -916.49990256
v -2190.6884295 -2039.34067193 -962.57131537
v -2183.16035833 -1932.89767844 -970.66451639
v -2061.46016625 -2006.07552956 -1117.87063743
v -2204.85787371 -1771.66354853 -937.76064581
v -1984.7872027 -1823.74239633 -1166.11209586
v -2040.75546645 -1721.73360971 -1110.51663443
v -1973.57577341 -1934.63082357 -1196.81766276
v -1927.89095676 -2015.86483036 -1227.72440303
v -2207.99119163 -1375.56186409 -933.74776726
v -2187.84006096 -1569.14120891 -953.12356159
v -2206.18844725 -1592.57455933 -921.95394409
v -2169.43795613 -1716.38498252 -980.82516152
v -2186.55442665 -1349.16428015 -966.83083704
v -2198.97167118 -1115.7526596 -921.13125154
v -2180.32957749 -1237.14853281 -954.44411856
v -2203.41013972 -1295.49814319 -917.39406872
v -2162.56443829 -1330.85922539 -991.42953194
v -2103.57419814 -1507.22091715 -1035.66152914
v -2057.00803619 -1558.79073933 -1090.95657512
v -1833.94979986 -1991.74715048 -1322.81180948
v -1813.37423694 -2038.9744445 -1337.96354378
v -1752.61361947 -2045.78047212 -1405.33769195
v -1841.33872251 -1818.90840568 -1301.6702076
v -1706.48654641 -2046.87129041 -1455.35759142
v -1572.40549891 -2005.28644569 -1578.22319787
v -1607.61582345 -2025.74274605 -1539.09929496
v -1586.14048613 -1957.30451269 -1572.87981348
v -1509.71763339 -2036.46185798 -1625.28753166
v -1729.83190409 -1523.54670647 -1407.16166755
v -1710.08152726 -1810.79206694 -1451.3923813
v -1925.67235251 -1459.03719355 -1212.52286504
v -1948.12412993 -1546.46566133 -1190.13407012
v -1840.70812656 -1384.79097401 -1308.78348888
v -2165.40673941 -938.03757024 -963.86831355
v -2190.74511817 -904.87143365 -927.29818305
v -2084.26024558 -1256.00900224 -1065.57034346
v -1996.36559874 -1185.33919859 -1143.05008363
v -2203.52491152 -718.35104847 -928.31411267
v -2184.16895561 -726.37881862 -961.95479955
v -2122.92798894 -787.8450635 -1026.33254881
v -2047.11536677 -853.20052894 -1089.51431481
v -1811.31385766 -982.45216658 -1323.08939836
v -1893.6203727 -988.05995826 -1248.18876
v -1861.36169776 -1193.30525714 -1271.63785809
v -2191.89479054 -582.90671202 -929.42171815
v -2162.41627636 -591.91110526 -971.44271554
v -1984.14723795 -668.00686163 -1151.8702746
v -1765.24109398 -1256.62092677 -1373.57011327
v -2015.92784353 -1411.23897972 -1115.6992527
v -1446.49339823 -1971.29718237 -1743.19012232
v -1454.3084579 -2031.73114267 -1716.57537588
v -1432.162587 -1997.01312413 -1753.29107509
v -1548.20337246 -1525.58148857 -1601.59710029
v -1467.5467505 -1775.92413641 -1720.43597101
v -1587.85289353 -1841.79023054 -1573.0471718
v -1252.72277328 -2026.87273542 -1911.66876848
v -1339.51293402 -1962.42828121 -1838.04107914
v -1239.83019748 -1999.12481005 -1936.939521
v -1396.53870566 -1542.08929444 -1756.35845946
v -1287.50036473 -1906.31548597 -1872.48663806
v -1531.23072838 -1250.24164408 -1604.63347799
v -1479.62757919 -1303.2631262 -1662.84539431
v -1597.75806336 -1383.13849757 -1536.83061864
v -1468.1682211 -1492.88495187 -1680.66900321
v -1072.78784613 -2018.67790334 -2117.77558787
v -1234.92371363 -1738.04351101 -1911.42572727
v -1103.14978976 -1856.97429138 -2073.9147467
v -1187.46606598 -1961.5925812 -1996.4444061
v -957.93208272 -1881.48807898 -2221.19234094
v -963.485058 -1955.61796204 -2221.35469421
v -1077.18226441 -1793.3420881 -2100.58735526
v -1068.47950818 -1721.88517854 -2087.80659392
v -947.77235633 -1808.43510002 -2207.96504646
v -1141.18190256 -1608.11833602 -2015.14338273
v -1281.46498213 -1493.19976305 -1866.27899672
v -1166.02601492 -1686.63713593 -2005.5938211
v -1189.16567158 -1439.79216624 -1946.86945486
v -1111.13845264 -1460.40629857 -2030.06757838
v -1120.76759883 -1546.94670426 -2020.65803206
v -1131.5074766 -1330.20988833 -2023.72809995
v -1023.43111259 -1631.15812579 -2117.92329511
v -1231.296662 -1195.48772472 -1907.79682118
v -1189.2890968 -1177.14482738 -1961.74482106
v -1529.60512456 -1095.00971042 -1598.80217923
v -1336.42349829 -968.20617414 -1800.3563869
v -1347.28603958 -1134.49285674 -1794.27594208
v -1392.7040169 -884.71887191 -1740.591736
v -1539.32913356 -866.90326553 -1598.99224228
v -1278.4160492 -1109.44658908 -1877.48261013
v -1219.57011023 -958.87065878 -1916.76837931
v -1234.51554061 -1054.28118189 -1916.34076635
v -1253.87554464 -587.54039905 -1876.97370007
v -1319.66630796 -714.27453278 -1816.80499603
v -1659.01994223 -448.86024098 -1473.07255932
v -1431.13454208 -1232.36139068 -1703.45721283
v -1336.17861074 -1291.82623028 -1792.25726581
v -2230.27084974 1378.69619157 -858.49874284
v -2211.17881094 1364.59792581 -923.12105813
v -2202.42904838 1194.22854142 -940.16360002
v -2164.64463147 1305.00246886 -987.86831358
v -2176.65096974 1103.93691657 -974.10287116
v -1948.76646395 1246.88187282 -1190.24417751
v -2233.81675207 1424.21181642 -901.89779054
v -2198.29795502 1409.05349278 -957.76870274
v -2241.95176771 1551.02321743 -909.49782681
v -2248.26598027 1611.65969176 -930.65358825
v -2205.10142723 1531.95766728 -958.64431279
v -2208.29916085 1097.07265738 -929.41091421
v -2186.02425835 1055.98110562 -967.01223355
v -1659.32581504 -1258.08601003 -1472.69035716
v -1758.90004764 -850.04597532 -1381.50187624
v -1822.18764822 -710.17171051 -1308.32914398
v -1793.46428064 -259.33842678 -1340.20597629
v -1563.59368373 -300.46216551 -1577.02300294
v -931.39577712 -1633.13468427 -2208.94429522
v -950.44588515 -1657.48429447 -2191.2670483
v -971.00899916 -1561.81596041 -2179.28633451
v -954.7146357 -1390.58207298 -2216.28633522
v -961.92972572 -1314.49528131 -2188.87666694
v -937.76908501 -1239.57377146 -2201.29146292
v -947.92875695 -1161.51859612 -2214.25972419
v -1091.2587067 -1135.14030649 -2043.4966564
v -1010.60654801 -1181.91984398 -2135.01094215
v -1072.24991443 -1239.13652148 -2074.2455586
v -1053.10293636 -1393.69450404 -2104.87544225
v -1043.61331521 -1325.88359054 -2102.68598954
v -1030.59368044 -948.38859485 -2149.61225964
v -958.06707367 -902.50669471 -2208.03242882
v -934.79198522 -977.32865414 -2214.36250797
v -999.97448203 -894.23020728 -2169.96406762
v -923.66796939 -799.02054819 -2209.96431509
v -1025.32415317 -817.32591152 -2109.70845128
v -1194.8901857 -824.71050145 -1945.31147121
v -1232.1187021 -760.60460708 -1898.91291001
v -977.07336113 -850.14860228 -2174.83467409
v -943.53590452 -436.26609349 -2195.15010524
v -936.61287712 -265.79889958 -2191.05171687
v -1176.43193033 -918.32597916 -1960.68854721
v -1197.41800645 -1097.9796666 -1960.40448867
v -1153.22111103 -1047.17302404 -2000.91169276
v -1136.41850214 -994.21837243 -2026.22260658
v -1047.75919916 -1094.25297549 -2098.19575498
v -1063.38066702 -891.87638926 -2076.62446524
v -1072.25761683 -990.7252666 -2099.49165235
v -1022.16447563 -1057.38468823 -2130.75654712
v -1079.14726647 -960.48796221 -2096.98481611
v -1112.5402073 -1004.45854472 -2060.70258809
v -998.24135584 1178.98396515 -2136.08272004
v -917.99294903 1245.34871476 -2213.23018448
v -952.63436027 1100.49153551 -2193.00850328
v -938.40687989 1031.01729297 -2208.7091875
v -1119.52418871 1188.58222645 -2033.8303954
v -1036.55531599 1112.90547227 -2094.58271836
v -986.37539704 1321.11445884 -2176.80391196
v -947.3445777 1359.47469004 -2216.611775
v -1047.46902711 1417.37605285 -2129.56343078
v -959.96580073 1513.39595413 -2227.61397171
v -995.49479504 1606.63203656 -2194.16621625
v -965.18181024 1649.71651054 -2230.65303398
v -1063.86673706 1541.34272693 -2117.10664295
v -1192.57997834 1337.59784826 -1964.81452307
v -1082.05068125 1223.62177887 -2073.96015778
v -1145.40835395 1445.1686511 -2005.29743528
v -1117.56338852 1528.29523924 -2042.83039549
v -1150.59024896 1629.07819678 -2055.84199072
v -1213.45852209 1451.35456122 -1936.02289618
v -1201.40115613 1572.01886838 -1977.48786252
v -1396.89807581 1149.17181394 -1746.90411374
v -1265.97975256 1284.94818685 -1879.14484212
v -1221.29774115 1124.34967806 -1934.88764193
v -1439.59399274 1064.32794 -1696.25164606
v -1259.34595466 1077.20392444 -1884.6601012
v -1326.08618404 1024.79498598 -1822.63714907
v -1330.84877304 1386.96405315 -1821.02850628
v -1356.77333728 1478.08136159 -1814.48822194
v -1319.14724331 1540.91730074 -1858.18500093
v -1297.26248272 1631.33295111 -1883.00311712
v -1382.38906166 1556.43206848 -1775.41803039
v -1503.7818801 1579.23614032 -1665.26140888
v -1436.97511671 1513.67230047 -1714.75860418
v -1456.71730727 1584.34441875 -1714.1274998
v -1374.05019909 1628.97027685 -1808.58612158
v -1523.38721965 1457.31267755 -1623.92974298
v -1458.33985499 1351.54522434 -1698.27947727
v -1753.09532226 1066.43022122 -1390.85734524
v -1568.63122166 1118.37786112 -1584.36821757
v -1625.47679564 1021.35326147 -1519.58183813
v -1574.3569377 1313.69377884 -1572.83574661
v -1614.81886327 1578.99944113 -1570.74724387
v -1698.23523804 1519.76030174 -1468.34245506
v -1732.80628782 1599.49211176 -1499.89762933
v -1839.68859571 1407.83378189 -1317.8653981
v -1780.15796522 1535.59281769 -1399.71855012
v -1851.81787563 1559.39237511 -1337.10038292
v -1911.41003597 1564.48111762 -1269.0116352
v -1939.45471445 1601.69168768 -1248.89957343
v -1783.0994819 1309.90934589 -1359.18168475
v -2057.56627574 1488.34500283 -1111.26297158
v -2009.76501476 1602.44278324 -1192.8541602
v -2029.21325294 1546.99038982 -1156.60196208
v -2063.74596741 1570.75821057 -1124.13821545
v -2115.84264455 1587.15518095 -1049.61416533
v -2139.698602 1612.04275315 -1034.29629319
v -1874.71897552 1092.91886337 -1273.73929794
v -1468.94372857 1176.42620532 -1684.54913013
v -2244.34411089 -1980.94077193 933.43936812
v -2267.60851865 -1980.83786768 854.35782617
v -2251.49352339 -2036.77353592 913.43534012
v -2246.1597902 -1880.36984916 908.59653373
v -2257.35705031 -2043.00608012 872.02176615
v -2255.47863975 -1996.0173105 749.57120455
v -2239.80334477 -2038.06198755 753.50852076
v -2254.32556559 -1858.63657315 840.94467862
v -2259.92639756 -1925.97397574 730.26578482
v -2235.89392396 -2040.44565437 682.2154908
v -2202.22376195 -1673.96518415 956.93198103
v -2225.66907708 -1676.05136682 894.76096154
v -2226.29870912 -1810.60690884 911.82925991
v -2250.47230292 -1580.77622142 917.19657054
v -2240.03821618 -1804.93247096 800.75266139
v -2242.69569227 -1910.84409217 571.63699989
v -2251.40101263 -1839.94565505 686.07511062
v -2231.31531488 -2032.1897948 594.33682849
v -2234.63245804 -2033.58603518 490.24924319
v -2236.0089296 -1873.16733407 496.98657845
v -2239.49525569 -2012.6723391 403.95517602
v -2233.02430289 -1748.00522456 795.27976069
v -2238.3265591 -1753.76047382 558.17758807
v -2240.54652879 -1711.17160673 623.81888456
v -2243.20717438 -1796.7236088 514.04154092
v -2260.40150847 -1529.30283318 823.92319451
v -2263.57875357 -1571.34262824 804.55600715
v -2259.63294871 -1577.26731069 891.87448842
v -2238.21987117 -1369.60153827 907.38822039
v -2226.0218777 -1296.1987057 876.05832484
v -2246.82704962 -1403.18564509 857.386878
v -2218.56313635 -1279.57529229 918.27939385
v -2238.38100167 -1615.26084003 714.79819355
v -2230.90467667 -1673.45834947 808.51547838
v -2252.48013321 -1904.99985432 186.027076
v -2249.18862764 -2014.12168035 114.99307164
v -2230.91689499 -1853.19431138 370.47708726
v -2231.04848739 -1811.27121569 398.55542589
v -2240.99160375 -1718.92819854 465.12213775
v -2228.68545422 -1780.40415015 339.24576392
v -2250.22843799 -1789.68686594 -13.49315821
v -2252.84635708 -1817.43344808 -22.28116869
v -2249.67862527 -1999.04770576 -39.27213372
v -2225.59952516 -1771.88876916 154.62323571
v -2234.11026126 -1828.73129883 237.12341919
v -2222.53409779 -1714.86972606 158.62245738
v -2237.42618516 -1655.85397964 274.4323793
v -2236.44352506 -1601.06174327 193.73912669
v -2247.12735657 -1557.82651424 382.99133968
v -2234.68131752 -1555.53635256 250.90592043
v -2240.53458056 -1602.70664091 396.8844058
v -2224.91423064 -1522.54074667 216.23814962
v -2227.94766493 -1367.06052219 668.48428928
v -2219.65593352 -1282.54208921 372.50095152
v -2222.05608214 -1434.04770455 172.12013802
v -2228.49967312 -1478.63034643 414.20932593
v -2237.36147462 -1665.03854995 568.81864028
v -2211.11661471 -1011.91537985 921.32852683
v -2220.4398572 -1052.8564203 873.651037
v -2227.7831259 -894.48843966 872.25400363
v -2212.0384992 -785.24814357 930.89017237
v -2201.50458037 -392.65671244 941.18259135
v -2219.10932243 -314.10538264 888.49478694
v -2220.69915474 -579.72488955 884.62668398
v -2222.92669132 -1056.57468213 464.58997143
v -2219.61102497 -782.59952329 567.4290521
v -2228.30072278 -913.93649877 423.62595189
v -2231.23036826 -1653.05148913 645.78519275
v -2254.9386247 -1565.49802337 630.68881927
v -2242.6854725 -1852.62863807 -151.20232506
v -2224.0233576 -1730.90317339 97.03719896
v -2227.43767093 -1690.21616182 -15.31747714
v -2215.03948465 -1539.44858315 -26.60820243
v -2243.16179481 -1763.30515176 -152.1114437
v -2251.84098461 -1999.18430253 -172.51390914
v -2239.32854125 -1983.48361839 -335.69936501
v -2233.14933779 -2013.15695797 -268.13448491
v -2237.51800133 -1801.08676773 -312.38042588
v -2234.61418739 -2031.04233401 -419.98009641
v -2243.77825707 -1721.74277386 -274.86290851
v -2219.61615546 -1365.91257261 -96.6753409
v -2217.37641217 -1426.163427 -221.09832226
v -2217.93450974 -1248.14413992 137.64058462
v -2231.24726564 -1104.91806628 11.70807387
v -2228.192583 -1259.71494115 -254.15966212
v -2217.52240384 -1575.30539478 -269.14443432
v -2232.37054326 -2005.91171867 -582.62941902
v -2234.01386099 -2040.93405761 -781.99379883
v -2218.11712349 -2046.02939383 -581.75576242
v -2221.76801107 -1797.6366938 -531.75417534
v -2218.03071525 -1755.29318777 -692.29366525
v -2233.92523289 -1944.19907226 -569.77541505
v -2226.73384091 -1895.7970944 -847.78774446
v -2230.46943073 -2031.85190414 -849.36629655
v -2228.92207582 -1813.69162575 -822.55257591
v -2222.07587724 -1544.07871041 -388.84569755
v -2232.35908595 -1583.1114257 -555.59652107
v -2232.95770859 -1686.60666499 -426.55224004
v -2221.52633047 -1462.31479437 -622.20333307
v -2224.24995892 -1661.73410601 -721.86068158
v -2214.06320283 -960.7553458 -283.71697475
v -2218.70285837 -1097.56772394 -583.0674079
v -2217.64180542 -1302.42514576 -380.8089851
v -2223.30588425 -802.25302687 -254.25545702
v -2217.63181288 -904.7457024 -377.16417919
v -2222.15621645 -604.34335885 163.14060006
v -2219.18381022 -512.05954525 121.04073116
v -2213.67430328 -574.55850741 -274.28920988
v -2227.573468 -284.8308774 134.4974576
v -2218.54003271 -490.13239068 -344.73659736
v -2225.83564882 -928.61404993 90.38893702
v -2218.68551001 -850.9673211 -7.65410786
v -2211.17745413 -1368.62595115 -542.75966897
v -2203.7653838 1005.72396373 938.56308461
v -2217.88380072 1180.73220286 914.12094656
v -2216.40576549 985.02395097 898.72916182
v -2227.55470064 1131.01552763 830.35147676
v -2266.71071313 1339.6845933 887.43112935
v -2233.11817831 1196.70534672 870.74252925
v -2255.93410289 1195.21059475 718.05503025
v -2235.98146497 1114.52736808 664.71274422
v -2285.18044666 1456.70058371 844.97049784
v -2284.98489072 1514.38576438 886.70737527
v -2224.49122489 1051.28103069 732.09262653
v -2224.03923355 -1592.93393511 79.27287096
v -2225.68573544 -1007.88260461 263.45935632
v -2215.53999369 -666.64194255 371.46048503
v -2220.40620325 -391.9451349 677.47281434
v -2228.16793192 -269.47473729 573.05020726
v -2225.40451159 -225.26245689 447.86395836
v -2217.12594084 -1711.18112719 -893.92556227
v -2222.9909431 -1426.86984815 -884.71517383
v -2210.92601337 -1135.19760641 -860.21554056
v -2212.19602562 -1297.68344631 -856.12069188
v -2212.53807871 -1039.36227933 -874.11117038
v -2205.28271555 -868.18735226 -884.33883183
v -2209.67333884 -845.51450088 -822.49087021
v -2213.95948106 -694.55905674 -886.8641
v -2207.45558563 -437.03165167 -876.83803827
v -2203.70657046 -281.52133656 -910.5176649
v -2215.48095468 -332.95868449 -279.19961019
v -2228.64070622 1108.51479516 -749.60396752
v -2215.37948445 1187.47365805 -869.61287924
v -2218.32113146 1082.00637276 -897.8602546
v -2220.30063057 1277.95632385 -860.27224181
v -2260.71714594 1547.87844122 -852.54354132
v -2290.61534037 1607.59267331 -817.20485593
v -2246.05502715 1429.70937448 -755.22432809
v -2257.33335089 1468.56093649 -794.95552877
v -2289.90537336 1582.97316651 -702.90016846
v -2295.12852104 1610.44631081 -747.62990456
v -2222.4451528 1312.95461477 -618.92928518
v -2228.57211009 1439.68264184 -587.40841089
v -2223.5003328 1294.76101121 -733.54494675
v -2273.72543125 1605.67617014 -440.86904124
v -2287.66806117 1611.08937754 -503.21474375
v -2237.1194723 1519.70632311 -482.92980334
v -2265.55160934 1477.64015976 -710.97377792
v -2244.30720687 1240.63161577 -542.88747514
v -2228.83795478 1150.69155297 -316.93477806
v -2230.57550953 1092.90175797 -510.23925186
v -2219.8970343 1076.75954652 -333.54384828
v -2253.71052118 1185.17189856 -461.00850744
v -2225.99346904 1186.78383825 -204.91098973
v -2252.16486735 1370.71877363 -286.15227582
v -2224.16096631 1391.01235395 -385.07293134
v -2244.44880757 1310.37185013 -453.60811722
v -2224.41365515 1371.33254437 -480.23861126
v -2231.47933312 1551.56655285 -394.72609875
v -2228.65290636 1449.61318383 -250.83670983
v -2220.74202635 1424.91494199 -473.76598569
v -2225.68391759 1585.33938025 -237.98673438
v -2238.90193569 1638.33852518 -196.9257902
v -2253.77791813 1637.88710852 -331.73513098
v -2255.32257829 1416.47914946 -151.24985564
v -2248.09797196 1417.68581482 -219.71988769
v -2252.87970718 1381.98867105 -185.34218668
v -2244.57233928 1558.4981929 -126.49596512
v -2263.14753877 1644.30019404 -136.40883662
v -2232.89582469 1512.09804693 -151.99405828
v -2248.18414895 1454.04287048 -76.9612741
v -2236.69928919 1468.6941161 -142.78232716
v -2241.59992252 1539.31069303 -39.30787016
v -2274.25471216 1609.24733711 -71.89839912
v -2253.9922582 1303.50087804 -313.934838
v -2238.66560209 1055.26369609 -654.78823222
v -2237.44441382 1074.01870103 -707.69985337
v -2224.36335841 987.94973187 -777.34737591
v -2242.31062136 1134.13320277 -569.78017542
v -2241.31035326 1226.32277801 70.47949098
v -2237.89092215 1159.13955062 -53.4766783
v -2226.95780533 1093.19924348 140.18489654
v -2215.60624944 1022.12154622 -82.12271352
v -2241.48809181 1383.53811003 132.15303682
v -2238.89361999 1508.4227537 14.41315519
v -2248.71710436 1427.44655698 -21.66569417
v -2237.11309933 1543.93984362 120.48989729
v -2254.8906939 1601.02419343 24.76626716
v -2242.24151655 1580.78896449 174.55271032
v -2248.94853993 1530.02663509 303.68881901
v -2237.60820073 1563.29335922 501.10642105
v -2231.63823027 1437.87893077 370.01996449
v -2258.39116358 1623.25087785 472.47602035
v -2266.2217355 1634.0218736 357.15073383
v -2233.42435581 1252.96743167 351.40854489
v -2235.18899015 1156.43715816 577.56784673
v -2238.32424971 1156.25820294 448.08545551
v -2247.91898699 1588.27578065 634.88077453
v -2238.71537278 1478.8479246 546.55197774
v -2249.95414552 1617.66249931 612.10239327
v -2247.44607236 1210.97365664 583.22482968
v -2281.96878579 1559.50197545 740.74491176
v -2273.09744501 1410.11830884 657.47745532
v -2275.54861138 1538.29970522 911.57798033
v -2301.30496431 1598.65688183 851.29148243
v -2293.69412398 1553.9717015 817.5953151
v -2296.54495755 1609.22670626 793.10544706
v -2251.22415225 1244.26418382 531.50980299
v -2249.16238989 1357.76931087 525.72257146
v -2225.94095626 1150.16347692 274.09930995
v -2231.04959422 1060.01870131 289.55396105
v -2229.78448171 1201.93398456 -122.24666767
v -2281.32258264 1636.06117958 -31.17703384
v -2232.73589513 1125.53676764 -139.27356879
v -958.82824807 -1949.03898234 2217.09989543
v -972.90954444 -2027.57328471 2194.82450542
v -1144.68573723 -1993.8538098 2029.15324828
v -1015.29064947 -2040.37858442 2147.3733354
v -1263.25141557 -2020.26238432 1899.71660795
v -915.02875569 -1766.42691988 2236.60087008
v -956.13928994 -1799.63627226 2212.89603789
v -950.48842013 -1588.24760014 2216.21219975
v -895.40486067 -1613.13480476 2244.67118172
v -949.06569429 -1499.59733152 2221.21146727
v -942.40264116 -744.45176239 2225.88138885
v -990.50393081 -1429.76933041 2197.33964291
v -1579.47409719 -1751.1828083 1588.24103584
v -1587.67208352 -2027.66254499 1579.82575299
v -1690.91574308 -1950.17304755 1492.26765204
v -1619.33165107 -1555.17402098 1556.94306395
v -1464.18942782 -1653.2545806 1718.23224174
v -996.61211004 -862.70506065 2194.09184044
v -1346.08862141 -988.56957788 1841.48943872
v -1008.55154506 -1293.79350112 2177.09037612
v -949.81476019 -527.21134523 2222.30887941
v -965.80950563 -667.886822 2208.30497386
v -1002.66913026 -568.22941395 2182.20609852
v -1240.43628561 -724.50994192 1923.71392141
v -1695.77829056 -2002.67756436 1470.53632901
v -1951.57041551 -2011.64229722 1217.0790648
v -1827.2852536 -2024.84065605 1333.42683769
v -2003.55138653 -1748.53292449 1160.0263327
v -1835.2565844 -1622.12727749 1339.72151577
v -2081.53550867 -2026.08407536 1082.13998356
v -1986.53685113 -1917.13985734 1198.06124406
v -2186.28258274 -2043.01388951 979.10385533
v -2198.38195898 -1808.0325668 962.35764004
v -2223.28674153 -1878.82150832 951.149084
v -1875.9168698 -1488.34602926 1311.45271872
v -1603.07911208 -988.05170582 1564.02131031
v -2194.86318381 -1263.58493481 965.56876049
v -914.01308082 1280.6835538 2235.61820402
v -948.35488513 1437.78047612 2222.49271724
v -966.46016045 1188.06172533 2209.03837232
v -987.45406424 1345.97944902 2199.74100996
v -2167.27674913 -1421.53940138 1011.30771192
v -1494.27748303 -733.13245057 1665.91193055
v -1661.87502859 -632.43439881 1506.09980409
v -2218.77088505 -1576.7817132 963.56308527
v -2214.85854178 -1352.10471107 953.99496986
v -2187.00357504 -1024.99997353 966.89493202
v -2193.34489473 -773.27780584 964.80112126
v -2182.10248269 -317.14209367 972.45590593
v -2175.65576502 1054.21877697 978.74509022
v -2193.81592899 1216.38320489 964.28659492
v -2234.34059439 1367.9395996 951.21604005
v -2268.17971636 1593.57558445 933.23276516
v -1886.12867586 1628.86893611 1314.31929631
v -2104.85280672 1632.60635331 1094.6058049
v -1735.29724598 1567.81767317 1458.61885027
v -1966.13440735 1382.2065791 1200.6326543
v -1537.90098551 1270.17656852 1623.89935922
v -1998.45751158 993.30875054 1175.29256782
v -1764.1313568 1645.32743754 1436.18415914
v -1534.10277614 1470.74382943 1632.36151725
v -1670.36279307 1499.82097191 1497.52326637
v -1602.47839436 1610.30547195 1591.8468718
v -1223.91758147 1458.51898947 1940.54265604
v -1325.87340349 1633.79095767 1853.26446225
v -1123.19675883 1624.96528293 2048.56523464
v -1329.84067061 1217.68597703 1849.76788039
v -1005.27963874 1611.39180176 2168.25248535
v -898.99936156 1600.55257301 2243.23832055
v -958.50229325 1612.96712119 2209.70853799
v -689.87115298 -1998.13198816 2232.20877039
v -898.5247794 -1972.39310568 2236.56644553
v -551.63679202 -1661.81203583 2247.26174286
v -877.02893745 -1786.93351002 2246.74295826
v -690.68933565 -1830.61721769 2253.20486418
v -843.97987595 -1536.56680935 2250.8552615
v -635.65661658 -1933.94192232 2246.5205356
v -279.53682206 -1534.22095948 2246.22559816
v -458.17632344 -1416.90614796 2236.95680714
v -437.65063414 -1973.3015328 2230.0100289
v 144.01490458 -807.98131695 2259.13085308
v -352.31798592 -701.44685378 2256.94190993
v -483.71787799 -956.39223306 2237.08547036
v 139.68730811 -1037.31566772 2252.55419311
v -49.61726921 -1908.42590549 2243.87329318
v 6.37057844 -1765.78405734 2252.05810519
v -94.32118014 -1645.69971115 2242.42822678
v 432.93904205 -1612.31284729 2248.36399475
v 207.46670039 -1488.75401925 2238.3784089
v 204.73664641 -1199.29051839 2242.22460043
v -899.25381087 -1340.90360376 2237.46781275
v 832.855558 1581.44913308 2226.846155
v 825.86215773 1411.32523141 2238.20406546
v 879.87589172 1380.77384217 2232.45308654
v 884.7170075 1580.37052207 2209.99849648
v 930.78825393 1200.67167155 2251.14619955
v 876.59446458 1267.30057543 2255.55489332
v 906.56798338 1086.24894099 2258.74629826
v 916.94047153 1285.15030864 2242.41036031
v 920.26084143 1344.69120234 2218.88716681
v 585.83249729 1366.41628537 2253.82590213
v 951.82469949 1021.79893077 2245.65034902
v 146.82577687 -2000.98900725 2227.34667327
v 363.40246629 -1971.4157556 2228.36009154
v 888.71611828 -1770.5873635 2253.54390647
v 883.60411325 -1642.18440962 2255.7050395
v 882.00972411 -979.33815725 2259.87935598
v 853.72585949 -1208.60396659 2256.8041619
v 477.12305271 -670.37876332 2255.8356725
v 964.75011039 -286.6401861 2238.78047541
v 911.83024955 -267.43758221 2257.9294035
v 964.91322213 -880.69826104 2235.05147149
v 902.57715835 -764.05940879 2255.27095664
v 939.39784658 -987.28883833 2249.81953902
v 928.64511081 -1235.55965179 2248.88179535
v 532.29528933 -1988.14804802 2229.19968376
v 844.79813891 -1540.76656464 2240.41622284
v 659.48950247 -1972.64169481 2228.20114305
v 883.65170594 -1313.09102583 2247.59468794
v 928.87845224 -1343.15547698 2233.54366057
v 891.29997007 -1551.88204112 2231.69722667
v 822.6007699 -1978.87508611 2229.66549139
v 949.26195573 -1790.27058839 2234.97700929
v 899.28246607 -1844.79195288 2238.22676733
v 946.56541699 -1656.32796155 2242.1842848
v 891.48761059 -1985.38912119 2220.15767588
v -77.06342024 -609.91156343 2249.37353852
v -385.44248175 -373.60682837 2250.07399146
v -910.27956358 -1438.31400463 2234.51517651
v -874.58123305 -656.9288102 2244.1387101
v -906.33823698 -1013.86521296 2233.0083404
v -902.33026132 -553.17087684 2237.53543983
v -896.63607101 1381.54231921 2236.95804701
v -873.37716653 1547.11580655 2250.29862216
v -443.59253014 1573.62083022 2252.52394517
v -389.61110066 1229.47288336 2244.38405023
v -860.86695777 1179.92305807 2246.63260599
v -168.08209732 1322.99572019 2255.06543703
v 34.61502245 1431.63318022 2255.89379732
v -400.90271365 1629.1524483 2242.86818159
v -194.82751471 1552.74010379 2249.43433469
v 101.12665953 1608.73657669 2222.82397019
v -61.19948291 1636.52099342 2225.76538353
v 139.29612937 1498.08875121 2243.13134157
v 381.72421747 1444.34010458 2252.73899699
v 381.00694414 1179.64723345 2258.725081
v 358.42303486 1530.07215922 2232.71922261
v 223.70882703 1631.92994142 2221.26415038
v 525.56649339 1624.06472024 2221.18357078
v 918.32476871 -1998.84834853 2204.85567275
v 938.92364585 -2053.87691208 2154.19453904
v 1066.12639839 -1986.89570535 2078.18891824
v 1063.05327868 -2011.56281974 2062.85835197
v 961.77923313 -1942.42268745 2184.45479194
v 1028.70305149 -1732.41194234 2171.10884175
v 990.1923136 -1801.5641657 2200.27852117
v 1081.51848088 -1808.27192538 2088.52998202
v 1135.07181888 -1691.02546308 2051.77436445
v 1050.92728992 -1645.90815719 2149.32661422
v 1032.5709784 -1946.19477908 2117.32051151
v 1084.48966027 -1541.99421529 2079.80683736
v 1092.98233873 -1586.74653426 2096.33637801
v 1192.07962471 -1598.74286781 1991.46698891
v 1197.76504702 -1559.91864882 1973.23297987
v 1206.56240684 -1465.78730078 1988.19074316
v 1084.1448059 -1385.71235495 2104.8869155
v 1280.68838272 -1543.12860613 1895.27985125
v 1185.9385286 -2005.97870793 1977.06965031
v 1176.07610234 -2030.38959703 1964.10785875
v 1206.94926909 -1971.65107029 1972.54828709
v 1186.02641661 -1926.21039738 1997.16620792
v 1264.59233257 -2000.86603359 1876.4132748
v 1313.63407309 -1816.54864863 1888.64715938
v 1203.70255776 -1802.13117297 1976.86432727
v 1198.17496449 -1663.38520153 1992.43598278
v 1145.32340366 -1639.55988646 2054.54218626
v 1217.01273634 -1763.20648977 1968.13617727
v 1451.40136707 -1034.3463721 1755.6029639
v 1264.29577792 -888.55194669 1939.59613614
v 1270.03577485 -1040.23407534 1941.19672183
v 1356.03148934 -822.02197442 1860.71258721
v 1289.8707436 -1234.9691819 1925.09149635
v 1580.21471508 -1006.84471852 1634.76384694
v 1600.26928361 -1113.03801599 1599.59990564
v 1477.33909038 -576.91643933 1736.57586316
v 1543.80760187 -766.65191006 1675.55291103
v 1771.45468802 -807.0645588 1438.84196358
v 1429.71194816 -1801.31219336 1771.48492286
v 1467.4118947 -1724.20147394 1742.60003351
v 1456.11452521 -1588.69476057 1736.09991194
v 1439.28421851 -1980.95904353 1699.79449275
v 1428.29154327 -2009.39556745 1683.84942487
v 1428.03385179 -1935.56573348 1733.55633406
v 1339.36185911 -1940.09564458 1829.44122563
v 1531.60268 -1539.82048969 1684.47503071
v 1428.06484209 -1544.49664168 1768.77300887
v 1619.34755219 -1607.09941652 1597.54302004
v 1442.81789167 -1497.44122111 1765.8504008
v 1513.93897928 -1423.79802953 1699.08501683
v 1759.89185148 -1464.13163694 1460.68888792
v 1622.97267827 -1722.61711656 1573.80412828
v 1518.945341 -1755.93364943 1688.79595411
v 1540.86160098 -1820.55889261 1629.03569925
v 1648.96084308 -1895.23540155 1530.038258
v 1360.59304584 -1607.40142978 1831.81646885
v 1339.70266065 -1475.43854007 1864.65301761
v 1189.46572418 -1371.82904957 2014.28119801
v 1607.79981107 -1327.07878714 1611.65593558
v 1352.52529368 -1539.47894479 1827.95343209
v 2198.31761581 1273.66013027 1018.82961582
v 2088.49828385 1288.27523778 1124.29580715
v 2176.60204362 1206.67465569 1042.77444099
v 2144.72703172 1461.37631445 1025.29665918
v 2144.18333569 1366.66757419 1048.2485635
v 2202.07150802 1544.33615583 968.12630755
v 2234.45262662 1214.76193849 983.71126708
v 2237.57494829 1033.74631363 967.78322739
v 2264.39429045 863.1860731 939.64974233
v 2145.57006657 1098.6747764 1057.75552145
v 2091.46167105 1073.21322619 1098.99356092
v 2074.30322614 1037.35324008 1117.16104214
v 2212.42626425 1120.75827542 999.85866794
v 2193.46997172 995.33932928 1018.70955988
v 1673.6048878 -2018.25444345 1447.0206788
v 1796.45436018 -1738.05058065 1385.74235312
v 1693.50771163 -1788.8468498 1488.83561933
v 1723.53017293 -1824.22807408 1461.77763462
v 1767.57789188 -1591.79496668 1452.87846278
v 1776.18837709 -1902.53532275 1407.17765674
v 1713.86465094 -1959.8777327 1448.47221512
v 1898.32336909 -1593.47464847 1309.65006351
v 1861.3807448 -1613.30253094 1350.91178387
v 2029.61131964 -1402.81253335 1195.79263589
v 1908.78210116 -1399.29447223 1317.11966754
v 1972.68481593 -1601.83841475 1224.61868819
v 1827.84377379 -1997.0533869 1339.79471991
v 1753.05154081 -2034.08048978 1379.42362943
v 1899.69899324 -1922.25736325 1296.67264645
v 1933.01332574 -2039.28922215 1212.73770847
v 2041.82008243 -1971.9758629 1142.59817735
v 2055.92639846 -1787.43216111 1162.01602341
v 1893.36500132 -1741.35929224 1304.77921411
v 2244.06135816 -820.1814815 983.93221392
v 1862.64926805 -889.28116858 1355.61930335
v 2244.18856471 -1040.25466265 976.302148
v 1995.1548874 -1115.69937568 1223.26761298
v 2215.02963422 -1119.79677818 1012.42562339
v 2258.44023309 -129.83855484 957.80782364
v 2233.24982835 -673.5528809 984.83687748
v 2222.13580485 -424.40481009 1009.2185308
v 2139.64222215 -1999.1325969 1027.72573655
v 2060.71278219 -2031.2401443 1073.44314723
v 2208.10559729 -1962.20388297 978.48226432
v 2215.80625759 -1415.80874103 991.93093342
v 2060.40001672 -1461.90030056 1154.68191677
v 2091.62560987 -1666.07193006 1115.52847303
v 2232.50156441 -1286.15346687 991.67318122
v 2214.49132864 -1690.14370203 1002.56508875
v 2198.51209253 -2018.26626132 947.58272861
v 2227.33801574 -1883.57363311 978.613367
v 2218.01867503 -1765.99489816 987.12032541
v 1613.54189475 -1798.77422146 1557.50591092
v 1726.61999758 -1360.30839621 1488.67167746
v 1792.50085042 -1285.85697731 1413.64994606
v 1695.69640189 -1064.52116611 1516.5878165
v 1786.65928496 -970.62895022 1437.68559085
v 1553.050625 -359.64144212 1651.06365282
v 1524.38693714 -512.02739919 1691.41741384
v 1823.44369068 -593.54856531 1400.52384608
v 1732.82844524 -251.58450372 1489.29985101
v 1959.16474931 -486.16611309 1262.98819561
v 955.68187906 -1846.29988498 2212.03999729
v 929.33091514 -1571.36971035 2217.78340664
v 950.2624917 -1514.01033444 2205.76851315
v 969.05630947 -1389.23726233 2205.40962561
v 967.77218687 -1275.32722821 2229.0077702
v 1017.27127103 -1308.80793893 2188.26728952
v 1132.9099295 -1110.32246024 2080.15620048
v 979.54219558 -1026.9345275 2229.71992789
v 1050.23925663 -598.26100146 2167.32563769
v 986.64935046 -509.84440878 2224.00044515
v 1030.79197996 -329.12553478 2183.69941783
v 1203.6896749 -279.78003772 2001.29853137
v 987.76628235 1144.7573674 2219.93965409
v 991.52127902 1278.17008729 2165.49482971
v 960.87125999 1219.25114063 2229.69722362
v 969.84713178 1574.28519864 2142.62837558
v 914.54116787 1506.33097259 2196.62862213
v 976.32363909 1448.45951533 2150.52437139
v 1136.83926104 1385.43059169 2017.78278722
v 1058.12931007 1242.06596422 2102.49775648
v 1058.64114126 1438.69877674 2078.68305919
v 1171.51198275 1559.81401605 2014.10761481
v 1094.96132407 1599.05412501 2064.73994237
v 1078.46877598 1469.51982253 2063.83173997
v 1255.9361721 1586.1238342 1926.33380741
v 1204.59193453 1610.0315468 1966.51911238
v 1138.88063311 1623.33525486 2032.24518948
v 1041.32963515 1127.37846349 2163.83735683
v 1009.05611212 1636.90287614 2113.07002425
v 1104.98612473 1152.23710885 2084.38618217
v 1252.50613677 1176.67205182 1937.46295795
v 1212.73270503 1090.66460379 1983.19086496
v 1428.76870834 1050.54596089 1772.97283794
v 1353.61831242 1241.7141705 1843.20233341
v 1433.44924522 1166.76312418 1772.42754965
v 1208.89785701 1278.46294347 1961.67572841
v 1322.66066159 1483.85455 1874.18072832
v 1236.69020752 1452.90886753 1955.66535122
v 1266.90503926 1645.89751632 1873.89374345
v 1334.80640748 1579.89849585 1831.50226099
v 1400.49622075 1641.3710329 1754.04376202
v 1328.69922592 1648.36199656 1812.33612356
v 1367.88929426 1531.34808225 1806.58123904
v 1376.08705241 1446.14031894 1818.51129239
v 1483.18286811 1550.90423964 1706.16643907
v 1462.81873556 1485.76910691 1713.87456985
v 1462.30713471 1588.69000533 1721.35918901
v 1570.35034485 1546.06732938 1615.80193331
v 1567.64868656 1507.12006364 1619.6959764
v 1544.27026424 1607.5991886 1620.55559656
v 1419.39601938 1243.17779642 1775.85027975
v 1433.03248893 1343.8369767 1760.73370201
v 1623.67836267 1154.94550554 1565.39470442
v 1593.71059399 1094.02985482 1613.44353385
v 1662.12368058 1024.31184023 1558.5128668
v 1724.02015508 1173.66157438 1482.0041971
v 1698.76100397 1096.11250101 1499.69316305
v 1673.73290845 1544.81513664 1505.81254891
v 1594.30883524 1601.69379528 1540.96684926
v 1558.18700907 1626.83783667 1566.33025416
v 1776.8941588 1572.22932572 1429.40946823
v 1705.35351561 1492.33686654 1492.058153
v 1724.27159934 1620.05683807 1457.46366975
v 1636.29456087 1414.26545238 1533.26262379
v 1703.85376137 1452.88850221 1489.57792845
v 1815.40014971 1278.63606568 1352.40665893
v 1753.35925565 1351.38667332 1413.64799465
v 1783.18115864 1248.62739728 1392.71513202
v 1852.01452615 1332.53084267 1327.53898155
v 1808.31017955 1423.72554291 1398.29032623
v 1918.92528926 1375.69783779 1290.8976212
v 1713.52099854 1401.3047624 1457.19389483
v 1823.52013549 1524.79268225 1384.9086117
v 1917.15794845 1520.10860431 1279.08866132
v 1792.25731398 1615.9776174 1381.83915506
v 1923.18224485 1430.63387313 1290.56143937
v 1686.82838099 1237.37873584 1508.56035107
v 1697.00623059 1359.44477633 1474.01164457
v 1595.45777424 1349.03815568 1590.90813339
v 1989.59118937 1130.82870025 1196.0123642
v 1924.7795456 1146.33333609 1251.25699594
v 1935.84900719 1083.62935708 1270.38944175
v 2020.18761413 1374.73495159 1193.08084431
v 2039.37780123 1317.67269657 1171.59121945
v 1908.51245441 1185.19954631 1259.33841755
v 1881.01866065 1599.96065351 1231.42240313
v 1940.33787963 1503.72786802 1252.26846987
v 1942.43089179 1559.30587104 1183.77432916
v 1848.84581127 1601.76363062 1283.29593969
v 2033.91831841 1492.21078226 1113.53726461
v 1992.30675098 1465.73678142 1197.83450764
v 1999.95519039 1432.29623 1207.89700731
v 2025.97141208 1613.86153875 1077.07278742
v 2094.80979921 1436.05160524 1087.23269652
v 2063.07688176 1576.4136644 1060.88748306
v 2177.8908398 1629.72446043 958.48958986
v 2099.15353797 1616.81124898 1010.93893412
v 2007.12780522 1238.0783348 1183.33743668
v 1799.74085871 1090.05952691 1409.94144965
v 1816.75562655 1130.45454719 1389.25529168
v 1899.12513472 1032.08370118 1321.41861816
v 1531.00453473 1239.68085306 1654.34185202
v 1514.88979762 1072.07257598 1692.319758
v 2235.11471287 1637.93723149 877.90047603
v 2102.08981198 1638.80246005 911.89193692
v 2145.03218696 1627.20858986 721.18270653
v 2231.9218382 1641.82919912 799.9941041
v 2215.79366016 1624.36252361 686.21773762
v 2119.41913604 1645.26840319 423.38699232
v 2220.32587696 1637.18039491 475.56743835
v 2151.85784846 1634.75900519 223.40994012
v 2213.27288 1650.45895905 67.02905517
v 2107.63396575 1650.7670599 107.64763584
v 2205.77752429 1632.79636107 177.67373171
v 2209.52266076 1629.02902725 615.18398545
v 2123.06099756 1642.86886722 782.70358151
v 2109.8153821 1640.3620307 551.78408746
v 2111.01606997 1634.30600048 643.44363331
v 2122.44820366 1634.94650391 753.49716064
v 2119.52071186 1629.40451159 712.24844251
v 2100.09957624 1640.86239649 882.87789892
v 2113.78390134 1641.36129845 858.79623329
v 2121.57638095 1642.37301754 840.2445972
v 2124.68184876 1643.423921 819.75936758
v 2106.69256088 1647.55087334 135.9497065
v 2108.39446624 1645.28671325 158.01731812
v 2117.13031136 1637.79074196 271.19470116
v 2114.61908183 1637.49972622 292.45062168
v 2115.67108191 1636.79965303 248.76718047
v 2109.24944969 1635.41513126 216.28623898
v 2116.25433852 1639.8245554 358.45403958
v 2106.49970947 1639.3700872 578.07162423
v 2123.3158446 1651.8467725 -26.70462734
v 2225.8051004 1647.49216272 -77.08035852
v 2160.11125242 1646.73105145 -85.17134381
v 2130.85611722 1636.82455603 -283.86203162
v 2129.4186205 1649.57687531 -195.90135346
v 2231.80484859 1635.77988271 -264.24616079
v 2131.48185469 1647.38510294 -157.83600015
v 2132.33341917 1647.56845258 -112.3177049
v 2128.93742478 1648.26498564 -72.6274658
v 2129.61466352 1641.96200715 -247.04615937
v 2125.75624667 1642.00814956 -668.28799575
v 2128.58876773 1641.58273465 -633.66848904
v 2168.27651368 1639.48434771 -594.52231158
v 2134.44594896 1641.86215385 -553.47043021
v 2110.72114264 1642.25607371 526.6316216
v 2118.53947992 1651.35470686 30.19397821
v 2247.03389964 1632.4200201 810.93331242
v 2228.30680614 1642.3516599 -156.30098546
v 2132.26870934 1633.78952192 -413.52987836
v 2235.44937208 1633.2740235 -444.20310064
v 2118.86707994 1644.01937973 -816.58725082
v 2122.00795056 1649.26864744 -777.60916258
v 2114.7674698 1641.08041471 -837.01236051
v 2141.75794645 1641.7148153 -879.1524984
v 2108.86170732 1639.293183 -856.30032411
v 2223.90076818 1641.81564897 -891.29038041
v 2230.96377218 1640.40061021 -533.12814928
v 2135.50186109 1640.1836871 -465.42004574
v 2234.29093464 1644.13120118 -208.51819459
v 2216.47059732 1647.00351485 -773.63693771
v 2194.26306992 1640.43954904 -960.14957101
v 2122.14125263 1647.00875975 -750.27346923
v 2068.24793498 1643.27401619 -916.572295
v 2100.75964709 1654.36129788 -1057.36801175
v 1960.58166984 1654.26131617 -1028.55733668
v 1863.31030386 1637.62410489 -1129.33638516
v 2088.44837551 1643.32150242 -891.88937352
v 2100.19691151 1641.56308008 -874.45565821
v 1737.6718701 1647.77094998 -1256.87007107
v 1813.61743044 1640.23994744 -1179.75776971
v 1266.21530618 1645.28753093 -1738.80291179
v 1454.460669 1647.8054835 -1702.19049326
v 1330.79855476 1637.44366169 -1823.72784137
v 1474.20396308 1645.38861424 -1522.82782323
v 1382.05015015 1647.64678893 -1619.74932799
v 906.46156751 1634.44156794 -2104.80326228
v 928.05922441 1638.63663725 -2085.74247221
v 930.47786231 1634.32084145 -2141.21683755
v 1612.13695284 1639.47211637 -1383.04303922
v 889.49818821 1631.59513165 -2116.69120099
v 871.14107123 1628.44412988 -2126.12015527
v 1088.08212002 1635.16789424 -1919.40922725
v 1276.85153112 1631.19097378 -1879.43938687
v 1124.63692486 1621.10368685 -2041.55925326
v 1047.00972325 1633.90910338 -2128.11576842
v 1026.24825503 1632.69328216 -1983.1475058
v 944.66365056 1616.38895731 -2222.45511942
v -825.89702104 1645.26693167 -2254.21016898
v -616.50047511 1634.31796622 -2253.32858633
v -491.21992671 1627.34751271 -2253.38645314
v -332.50050593 1637.28843761 -2257.34129406
v -179.62521562 1628.2728193 -2257.31420113
v -190.4542816 1629.24571921 -2140.49266746
v 120.72276924 1609.68738321 -2263.48071817
v -16.65159028 1627.26342701 -2254.73974537
v 132.8084093 1614.84619721 -2255.75610932
v 201.12574517 1633.54773828 -2263.83863184
v 354.15504175 1643.40553306 -2260.75123618
v 470.37422399 1648.45754009 -2141.2971397
v 497.12031358 1634.70363501 -2250.2168186
v 330.3774287 1641.35511698 -2140.04688944
v 577.85334733 1599.87270592 -2250.23537682
v 679.11415129 1587.02725136 -2246.17312539
v 810.18287753 1600.92850221 -2217.45706666
v 617.8625044 1597.883694 -2211.10354263
v 727.31142053 1609.32449468 -2141.25857671
v 561.23195152 1637.26271984 -2141.70852063
v 801.70643978 1617.34256434 -2139.55936122
v 829.89058278 1621.7228146 -2136.75711635
v 851.21852469 1625.46121885 -2132.66458799
v 648.56172573 1608.03811429 -2141.94045804
v 169.11143861 1616.10742927 -2139.82373786
v -683.69187881 1635.11007754 -2194.28927676
v -773.17710635 1646.24361855 -2138.48214394
v 271.93385656 1622.01160857 -2139.94874236
v -5.9786344 1633.65502904 -2141.66186497
v -465.6444826 1636.76694742 -2137.41941324
v -358.14515431 1642.97654684 -2138.62889059
v -934.32853426 1651.18501775 -2126.20894353
v -914.12827819 1651.4540616 -2132.29268465
v -893.32987747 1651.45027833 -2136.14034181
v -868.09654012 1650.5116808 -2138.20919057
v -2228.60240726 1614.6947268 -955.34981714
v -2153.65123908 1621.43789414 -1033.01748399
v -2109.17419165 1635.32156308 -1095.98269589
v -2072.8807366 1626.32327365 -1150.23086642
v -1937.38110815 1627.80118485 -1270.93094559
v -2041.58813595 1640.30728381 -1179.54263537
v -1971.14770879 1640.66910329 -1236.96927419
v -1847.40210777 1602.36539776 -1376.9458421
v -1834.45081434 1610.67557899 -1380.38492958
v -1904.30029869 1625.03275367 -1298.51969215
v -1742.6670053 1607.8696748 -1484.7557832
v -1638.6161067 1620.93193521 -1579.65324869
v -1605.85109114 1635.99638977 -1543.79985656
v -1691.08460609 1610.6166253 -1442.10515069
v -1560.03761797 1615.03496599 -1642.41997575
v -1450.5110112 1621.77630378 -1739.80669929
v -1232.36038551 1623.03595687 -1946.22797348
v -1205.82474265 1625.51191018 -1982.06195901
v -1086.15226357 1628.41694471 -2122.47309705
v -1027.02030887 1644.05659573 -2182.70869534
v -979.25138441 1647.55317985 -2097.66670524
v -953.05924673 1650.83589584 -2117.06074936
v -1085.82828291 1630.97199844 -1981.54011367
v -1055.08585264 1627.69844021 -2016.26008572
v -1177.67373704 1626.85273173 -1874.56696512
v -1015.71378478 1638.92353959 -2061.19722123
v -1366.68337618 1636.06427132 -1764.55755745
v -1554.21144486 1620.81963421 -1608.36553265
v -1395.87868349 1624.64019777 -1657.08038332
v -1340.34682621 1637.74469239 -1714.27374512
v -1994.66979613 1643.91397531 -1064.72830636
v -1744.72498163 1612.55216983 -1318.29484561
v -2144.71910324 1621.56533594 -874.33712549
v -2097.07115695 1623.40249622 -939.39248646
v -1237.85293389 1630.37335898 -1816.89411093
v -1115.18924308 1628.51801766 -1944.11469735
v -1558.18690522 1642.95586451 -1505.85503443
v -1492.81898705 1626.1781574 -1562.74261053
v -1452.5223574 1621.55718748 -1595.02044432
v -1412.24965426 1623.11798026 -1637.81463553
v -2052.72179441 1635.73330871 -988.81009094
v -1759.2031304 1613.68778931 -1302.50736939
v -1712.38269788 1612.46196128 -1350.65141441
v -1727.19702814 1611.95524677 -1332.99003681
v -1812.81067221 1624.42118541 -1242.87614146
v -1690.90931054 1610.19780206 -1383.40996027
v -1702.46118973 1609.70146367 -1367.9044666
v -1661.04883836 1612.91826235 -1413.91044985
v -1647.4442251 1619.02739381 -1430.56963014
v -1628.886365 1628.88249716 -1448.84782919
v -1774.71094237 1616.5760943 -1287.43351617
v -1962.59606736 1643.54446988 -1103.85196499
v -1947.71801628 1643.32291291 -1119.62906525
v -1928.51684516 1644.16690789 -1136.07620965
v -2023.45873466 1640.80594183 -1024.38907171
v -2136.18370373 1623.04409608 -893.06191834
v -1846.96643262 1628.84208235 -1208.48514876
v -2292.4548653 1602.30666249 885.8714381
v -2273.85086945 1615.42848947 714.79581473
v -2243.19998906 1620.26552695 753.5685795
v -2261.5967415 1638.51137575 224.3320233
v -2272.43073286 1640.84633622 66.84998336
v -2265.6709282 1605.84951034 924.93125138
v -2202.55814841 1621.5012465 639.04593368
v -2208.26396803 1638.63784293 448.72159311
v -2280.79743841 1647.48854776 -71.30971476
v -2251.42708349 1650.90419846 -214.47782212
v -2259.71102513 1626.86623423 -377.83483164
v -2267.77963056 1616.14516454 -432.46990209
v -2284.15415459 1618.04836207 -712.04396754
v -2277.97984475 1613.74575004 -866.76723441
v -2174.10648388 1622.14443622 739.80874982
v -2195.6785016 1619.45388352 823.13956131
v -2166.75957812 1643.44167775 347.79263622
v -2169.33841899 1624.50075967 707.559421
v -2158.95658598 1630.44180016 646.3704557
v -2171.62015192 1621.86684843 827.18350557
v -2175.23489881 1621.68398695 808.94449206
v -2176.05838613 1621.97500254 786.43899893
v -2173.57574763 1647.42861593 182.36947978
v -2162.00224416 1637.00954905 564.14206228
v -2220.4673917 1619.94033263 -817.40798399
v -2155.67464458 1635.3846714 -287.05791969
v -2173.11094228 1633.29690208 -710.21212425
v -2170.8128484 1631.07058382 -754.04409456
v -2166.94907985 1629.19912403 -778.5127837
v -2167.26425783 1633.57766405 -600.86733691
v -2166.04452531 1632.13857719 -466.06725761
v -2163.6976026 1633.10708316 -490.69543154
v -2161.8257731 1631.39089671 -416.24804393
v -2155.56112111 1631.41933937 -334.93493385
v -2156.82673937 1648.33327975 -163.94941439
v -2153.56795175 1643.38808946 -201.9230626
v -2164.65537008 1633.29665831 -577.65829161
v -2173.88434328 1648.33865009 139.94127239
v -2172.01203077 1649.54763455 96.74779086
v -2178.98542322 1650.32448971 11.02432525
v -2178.98615777 1650.42861569 -37.5545007
v -2167.17632314 1643.27285449 416.76849683
v -2160.30399706 1628.1235628 667.75821211
v -2163.43314647 1626.22304996 688.26706234
v -2162.64506465 1633.48183906 601.18582451
v -2168.49200587 1643.61599408 213.59631671
v -2171.09504745 1650.80959748 -105.06654786
v -1510.28808369 1626.25921133 1677.60431406
v -1605.8454605 1618.4292511 1583.654245
v -1019.8754078 1631.52363706 2076.42167544
v -1707.77967001 1643.62614605 1485.15217426
v -2001.11598597 1633.82095745 1195.18636677
v -2203.65993905 1609.00490856 992.59177113
v -1566.08911367 1625.43230459 1571.90839365
v -1642.81617335 1648.26421042 1391.20930033
v -1863.82911878 1635.05521638 1241.2277426
v -1925.36476637 1629.92850471 1166.11153436
v -889.50840081 1629.62239764 2133.77396466
v -896.43235204 1632.08077136 2112.69730481
v -916.76224755 1633.11690329 2102.45487406
v -951.06943862 1632.49434319 2075.99808845
v -1381.74511282 1631.52423159 1731.54852231
v -1202.7293619 1642.2993859 1830.24809945
v -2164.85207826 1610.26492002 981.5392792
v -2001.90370905 1625.02225136 1109.69710899
v -1980.83913637 1621.13272591 1048.22469596
v -2087.18167059 1622.85342439 937.24844328
v -2137.27591121 1621.8176556 882.78280827
v -2164.05789528 1621.5821808 844.93637389
v -2154.29568754 1622.1003697 861.53433489
v -1797.02357715 1635.99332965 1233.87642132
v -1866.22902394 1622.64567038 1164.2878013
v -1754.38026452 1632.68632468 1278.07160989
v -1411.77258309 1625.04742364 1623.07879706
v -1535.70776964 1636.34099733 1499.83417357
v -1367.14477386 1632.20343145 1667.20782343
v -878.96506089 1616.74214908 2234.4121478
v -673.42929388 1615.59347642 2242.6584767
v -829.86680001 1638.38363072 2125.28738979
v -427.87225809 1641.49070395 2232.83522378
v -251.89520729 1637.41588254 2229.15088992
v -628.16977288 1620.72116395 2236.62356261
v -876.80368969 1633.01595288 2119.12870044
v -561.25419048 1639.6059325 2118.86110852
v 112.96612137 1618.40308111 2222.31591303
v 360.6857857 1645.12391713 2221.64182994
v 105.79379854 1625.9935349 2108.15722194
v 198.2254238 1627.70142468 2107.37474719
v 486.54421529 1630.34596853 2221.53806467
v 568.33010371 1636.63906293 2221.94357867
v 765.14083359 1638.65054614 2221.64010327
v 667.11513743 1646.83975084 2221.5778517
v 832.64876793 1640.86649147 2218.51265892
v 340.04555234 1647.24464377 2107.32395975
v -50.57015093 1641.71178978 2109.10498268
v -197.81485968 1637.67394155 2111.0363856
v -407.51374305 1648.89414723 2115.19264477
v 871.39351896 1626.67179102 2205.68575293
v 700.32924385 1643.92190561 2106.36276236
v 481.96437595 1637.10329255 2105.76072112
v -856.30356752 1634.52608562 2122.85794759
v 601.9395341 1649.47451362 2105.64865533
v 844.84700543 1633.4545047 2103.88765838
v 924.08217774 1617.77884899 2176.37813344
v 871.69478369 1628.05081935 2097.19966893
v 796.93013525 1638.83780339 2107.99215267
v 908.2687628 1608.65006412 2180.79390561
v 962.61141183 1622.37015926 2140.96236027
v 1083.99098482 1645.38713234 2057.7414077
v 1122.02907007 1637.57353537 2034.17792947
v 1156.14711117 1626.59172534 2002.79572583
v 1193.63783206 1622.54180022 1958.21735505
v 1135.26160983 1623.13676837 1924.03803631
v 1128.62757487 1619.68010304 1880.30891063
v 980.05098111 1642.13895886 2025.44307239
v 1520.14440736 1643.77252739 1602.09404976
v 1229.60791551 1649.46978031 1771.91364254
v 930.98402793 1627.93717448 2065.86275227
v 912.48201442 1625.69584067 2078.54390543
v 892.46339915 1625.97660151 2089.01973638
v 1099.95264923 1626.45952074 1912.67280348
v 1063.73011604 1641.12138439 1950.10066151
v 1004.36457898 1644.28739742 2010.09846684
v 1581.31603563 1638.52692459 1537.7070842
v 1720.69762336 1631.33051955 1437.52592576
v 1619.75060247 1630.11652588 1449.79277588
v 1824.97667161 1616.82893719 1320.36930499
v 1662.31834836 1618.95991153 1366.91569882
v 1875.34934949 1608.49239154 1248.2557774
v 2081.76657552 1622.83480779 1027.04007014
v 1943.56577717 1616.38594921 1188.03031055
v 1401.85424558 1643.17425561 1586.75091529
v 1810.11680568 1615.92476174 1258.86210349
v 1894.56101419 1627.20992168 1147.53348652
v 1942.65207308 1634.85323433 1027.85782524
v 1038.95191892 1646.43315088 1980.93635595
v 1022.51686104 1644.97184645 1995.87117112
v 1188.39588147 1644.29289863 1814.59491876
v 1484.94823555 1642.62982565 1490.72259134
v 1451.64647915 1644.62726072 1525.15826174
v 1354.27343688 1645.95855529 1631.85492127
v 1292.31555451 1644.38274692 1707.33807828
v 2018.86227503 1637.11629918 958.5260348
v 1960.40414734 1636.54659448 1008.20664038
v 1717.99998514 1624.61360049 1284.58525205
v 1794.31357929 1633.41743683 1190.88346649
v 1772.20261867 1631.41206477 1218.46208074
v 1758.14671119 1630.81123408 1234.4791712
v 1631.07237715 1617.90949512 1376.62321972
v 1645.24779155 1615.95832387 1360.11406383
v 1612.30797355 1619.54084196 1394.32536898
v 1672.87364455 1619.61921375 1329.62370617
v 1989.32797429 1636.61165922 981.3779648
v 2063.87985171 1638.22262439 926.59292736
v 2080.11129629 1638.45016417 910.13229433
v 1817.76462802 1635.83552868 1168.75663441
v 1888.95774003 1635.45748003 1094.69168989
v 1523.65270203 1640.05768379 1458.69439141
v 1576.57298903 1626.41059138 1420.02873968
v 2130.40744559 1460.24728551 885.6634811
v 2148.58249171 1467.429049 831.008451
v 2137.69235403 1459.86142157 801.36520197
v 2149.55832005 1466.05966427 789.74282596
v 2147.85714659 1449.32748646 736.7339149
v 2147.50191241 1465.51852649 534.15554578
v 2126.10225832 1454.13852067 616.76302962
v 2147.56416217 1464.26303333 393.30605847
v 2081.38032771 1464.17904606 471.74472103
v 2137.55416953 1542.53170965 863.32882502
v 2155.49067142 1459.2505825 287.0023777
v 2141.30927395 1453.91305747 259.29495035
v 2157.51654303 1472.70712556 133.75185882
v 2165.03313887 1472.93185733 2.93214156
v 2142.79315345 1469.65609952 109.90371493
v 2150.54584412 1510.35409791 267.61218017
v 2136.75777112 1540.34897035 593.64895445
v 2159.94914693 1467.1391325 -175.96312237
v 2133.78948475 1465.26645069 -45.38078861
v 2152.27897478 1456.41769662 -326.99273934
v 2134.43180553 1451.70456107 -360.89807304
v 2163.72208883 1553.40280454 -257.06439512
v 2154.69304866 1546.23788715 23.13360523
v 2166.57608477 1463.48581248 -529.30032664
v 2163.88149952 1461.76291197 -649.27902525
v 2144.59879032 1458.55710058 -523.47073583
v 2114.64321402 1461.22323697 -747.06881802
v 2150.81655283 1470.32455691 -761.49215944
v 2125.12685272 1456.83004895 -840.25766125
v 2143.41274181 1463.840914 -823.69491791
v 2164.41592035 1531.00412293 -648.7005951
v 2146.01334268 1522.32846295 -423.42138897
v 2118.56247094 1559.12094221 894.22018327
v 2137.87814057 1603.893404 843.05886651
v 2145.12105762 1605.55575783 778.88583153
v 2145.00606572 1579.42196876 714.77114647
v 2138.23115265 1580.55087472 470.43542289
v 2135.09979928 1577.84604059 336.9834577
v 2139.3361336 1547.54928785 448.48232836
v 2154.01043678 1551.49911759 149.8477452
v 2141.27849484 1595.6082479 3.01100669
v 2130.16620845 1613.33078159 439.46990811
v 2131.17914073 1583.30307167 245.21679527
v 2104.20748743 1622.90683026 888.55416828
v 2128.59980803 1574.74960476 534.24923557
v 2105.28584443 1629.41195726 617.27621413
v 2101.66572414 1635.95858796 552.84774749
v 2120.21357952 1593.07101553 597.18636972
v 2121.33394946 1642.95114253 844.16396977
v 2135.09884027 1639.00119196 799.80056585
v 2092.86178375 1639.71102898 892.52102668
v 2131.08467744 1624.39755409 724.10049278
v 2130.35389698 1602.38852086 -843.84738316
v 2146.69668177 1585.63485946 -600.90884628
v 2150.85978733 1608.63595827 -128.90886172
v 2139.25111639 1599.70211988 -786.77493482
v 2128.76136803 1642.50595243 -795.76992948
v 2109.88660913 1635.32931586 -872.55496283
v 2121.71424999 1647.94992184 -765.02682614
v 2118.86707994 1643.9870311 -816.59909164
v 2114.760878 1641.16977017 -837.08572476
v 2108.83704911 1639.33956972 -856.35855165
v 2125.26405857 1642.59274427 -681.52975598
v 2133.03188566 1640.63461472 -573.09677293
v 2146.8490269 1636.98947372 -517.96682968
v 2135.25796387 1641.34555232 -481.07913386
v 2145.05020345 1630.29220802 -417.61255104
v 2133.06143333 1635.96054246 -425.46496751
v 2152.11563943 1601.0287806 -302.85476936
v 2142.31632226 1631.67465419 -289.79403896
v 2149.62076247 1587.34665158 -406.27597287
v 2138.75456087 1625.97397044 -153.88298228
v 2131.07315668 1636.6902787 -319.4795243
v 2129.99576865 1648.42294467 -203.71508944
v 2129.44400878 1637.68869171 -261.55868683
v 2115.88249838 1651.67392061 50.6954756
v 2129.25553984 1648.25692901 -76.64907226
v 2113.92180022 1645.30990686 -65.46498193
v 2106.53460639 1621.2351995 212.52407784
v 2100.95085889 1646.92697172 71.8862607
v 2105.22844905 1649.96200608 126.94342757
v 2107.21478108 1640.29489191 206.62391607
v 2108.41741552 1645.02938904 159.10821472
v 2103.59075953 1630.19320719 239.55493124
v 2114.34808578 1638.7427682 294.71218785
v 2116.5665904 1639.0273142 266.55163478
v 2117.9010706 1644.14572246 444.32244771
v 2117.38666402 1644.22714334 392.11236472
v 2115.6322683 1640.59726045 361.21871856
v 2110.49067409 1641.21444772 530.19833304
v 2113.19306509 1643.97116171 496.73611368
v 2109.80171023 1640.39279242 551.71792536
v 2107.21748374 1637.3146673 595.15127508
v 2107.07295142 1639.0313421 572.4016413
v 2120.03877897 1629.10409658 727.98507579
v 2122.43990287 1634.93527344 753.33169433
v 2123.57442562 1643.55172857 790.97860591
v 2124.68136048 1643.35397471 819.71102773
v 980.82631807 1465.73026748 2017.73067002
v 945.16225503 1455.19681866 1994.68233173
v 903.51492038 1444.98575727 2081.00630816
v 1052.50380613 1466.31925987 1968.55390907
v 869.71774078 1448.69608294 2097.79341901
v 866.73403398 1519.40543339 2095.6357043
v 1139.10500073 1443.50334569 1907.04841212
v 1164.49110826 1441.14323938 1884.71637976
v 1126.4193309 1437.79826701 1881.19269979
v 1067.86586411 1528.84379668 1972.2981711
v 931.15468629 1529.25712078 2060.05000813
v 1234.97120617 1467.81401883 1805.51081028
v 1243.22523434 1472.40984438 1806.7090521
v 1334.31287622 1466.18267551 1695.05743679
v 1319.90247585 1460.80096102 1690.19671965
v 1477.79248412 1466.99383901 1550.4896815
v 1556.30481031 1460.972236 1477.81511752
v 1626.91503813 1445.92634065 1424.51543181
v 1618.8659645 1433.67341061 1381.04143314
v 1686.14367357 1439.09455613 1366.12211868
v 1775.72460219 1448.2448286 1283.79435597
v 1479.48718477 1515.72174436 1565.03240603
v 1538.11694276 1517.77435923 1504.10247183
v 1816.20042866 1456.54793095 1209.65897823
v 1868.15050078 1459.65462268 1186.95011365
v 1874.70555291 1452.09322159 1143.2225743
v 1772.55760648 1527.09114193 1282.23832584
v 1900.08262744 1468.39156255 1144.38077632
v 1918.64122089 1453.75130457 1122.8113175
v 1953.59739534 1456.0214477 1072.34805914
v 1941.00571817 1491.66976258 1053.81851867
v 2032.05674177 1459.25057711 980.61075102
v 1549.76989367 1559.64643005 1472.92925355
v 1608.62890231 1524.67633985 1434.48088672
v 1661.86180914 1559.2720453 1393.02885802
v 918.79463619 1622.01407825 2067.79732312
v 1049.09462041 1625.16996773 1989.37239067
v 1107.79017828 1549.68706014 1942.07795451
v 1434.6925059 1575.40045334 1598.74017166
v 1354.08606216 1612.80901915 1671.99432558
v 1328.12439599 1567.56365669 1712.6378814
v 1241.78480016 1555.97063533 1787.56635197
v 1193.62683799 1647.652518 1806.35273103
v 871.84145103 1621.33853909 2087.27754978
v 1124.7889527 1615.55620151 1896.33112759
v 1177.75575077 1556.47527121 1864.54194071
v 2005.43271616 1520.24142067 991.93094261
v 2103.76364824 1460.47799723 919.72592123
v 2080.76486489 1561.94369447 928.5395819
v 1789.50230611 1555.86641123 1253.26286123
v 1879.97471432 1512.10140054 1120.36075767
v 1922.56321149 1535.33089458 1056.49027241
v 1857.11472783 1547.18086731 1129.33988464
v 1924.08786563 1605.04366321 1033.2646864
v 1972.88717829 1632.38436358 974.96127851
v 2066.09811341 1637.28610105 925.28610354
v 1954.06991909 1636.05379635 1013.87491458
v 1994.1713579 1636.54513111 977.24954662
v 1875.78403471 1631.29549215 1107.13334086
v 1851.81308753 1626.44563759 1104.41642296
v 1790.45603552 1634.21235854 1195.71854967
v 1816.20139567 1636.40181279 1170.91068721
v 1810.60508132 1632.46980571 1146.96244527
v 1716.39402828 1623.26057307 1287.1659406
v 1822.79050907 1576.56978183 1158.56571622
v 1617.881217 1611.72736564 1415.32317147
v 1769.95469404 1630.34211838 1221.34501541
v 1770.35422896 1629.10908617 1192.53434644
v 1618.76866674 1615.83149166 1386.68303471
v 1603.19798948 1619.02228687 1423.13274242
v 1596.53636753 1622.02192037 1406.35784037
v 1470.60680539 1643.63617268 1503.20562419
v 1534.38011873 1638.75702508 1450.53960578
v 1852.61863188 1579.4124345 1111.14896687
v 1485.43493211 1603.58649071 1502.55340187
v 1443.85351417 1608.84381311 1575.56634314
v 1374.22082375 1646.53668116 1613.55316259
v 1442.84105987 1637.71039022 1532.79534709
v 1284.12488102 1647.17608152 1717.88739504
v 1322.71728631 1644.36956465 1670.81232011
v 1293.81518904 1639.55559855 1719.42328329
v 1339.95434588 1644.55437986 1648.61407717
v 1063.60230929 1640.10417247 1968.74653554
v 1140.86988381 1622.81267194 1869.09955951
v 1048.93861278 1644.47868355 1968.09004204
v 1065.33680546 1640.257737 1948.3224632
v 1112.95801986 1623.56535627 1899.14350604
v 1014.08009383 1645.34269569 2004.56880333
v 887.29066983 1625.13199679 2092.13741239
v 964.82991248 1638.68583319 2038.1028631
v -825.77999963 1458.85372367 2137.49002633
v -492.08944798 1461.05283494 2137.38332229
v -783.36239801 1456.17953119 2113.91092291
v -874.55471925 1451.0244979 2120.99369057
v -801.71201102 1565.36617589 2139.98367762
v -112.4085932 1457.38708005 2133.11743655
v 18.45194879 1464.95922932 2133.85717693
v 23.76909037 1456.16088971 2104.18188373
v -341.74075455 1470.78257784 2137.47120634
v -881.00699781 1632.91243708 2118.73490179
v -824.42612538 1629.46492978 2134.66580752
v -352.37066836 1466.20213303 2121.98414626
v 181.56910597 1444.94190247 2118.21923034
v 158.17057415 1444.54712605 2054.53270793
v -23.36429895 1529.09142964 2115.11181743
v 358.11590126 1458.69166604 2053.77317771
v 349.02813483 1468.50563049 2112.21922302
v 503.65566816 1456.79714116 2109.11374752
v 624.92458846 1470.96841111 2109.43869339
v 625.20894889 1465.78396288 2050.24557814
v 810.84524325 1459.75113408 2109.57491573
v 716.63027652 1459.35684285 2088.38717571
v 422.89550329 1515.24159563 2109.85569441
v -194.90346742 1633.70165164 2108.06934446
v 232.15229648 1451.25538124 2115.20262657
v -559.48288919 1639.97299801 2119.55202641
v -404.78680972 1558.99595399 2130.77321105
v 483.08626319 1632.79091467 2102.13913904
v 820.39522314 1631.63626633 2100.69405594
v 850.26149517 1632.4978399 2102.76168158
v 818.74641947 1636.97318032 2106.94527671
v 579.9626054 1648.51040133 2104.91159574
v 652.98946108 1646.29311936 2107.47604568
v 734.07234708 1640.73489537 2107.9313644
v 778.87404384 1640.8867528 2107.52853041
v 441.90211985 1641.26417947 2104.29734397
v 491.10948692 1638.40395213 2104.25241994
v 301.87013755 1642.24720558 2108.0444204
v 376.03596973 1647.266618 2105.33811833
v 127.13432138 1618.95068915 2102.7563421
v 165.67621423 1626.70593986 2107.02733651
v 98.25755123 1626.81921816 2107.6394
v -76.70179237 1642.08752106 2108.18384124
v -13.92153214 1639.52941834 2108.97363342
v -196.4442236 1636.97679805 2112.50879765
v -147.14626537 1638.17785001 2110.33374667
v -380.08677166 1647.3263994 2112.53907911
v -303.35465485 1645.75767717 2113.35499373
v -493.35199958 1643.14499797 2116.43947469
v -842.31137998 1635.71358623 2124.91849385
v -774.54410727 1641.80233431 2125.62601042
v -899.392006 1584.51436498 2106.23929713
v -938.51132584 1456.1001787 2066.93119337
v -1352.09410754 1447.05108836 1645.41424367
v -1150.6045974 1462.88007666 1848.52776026
v -1306.3398357 1440.93231594 1625.02788913
v -1224.61705392 1518.27606952 1781.69499982
v -1558.60693504 1464.78606468 1431.74018043
v -1586.24890356 1470.15605859 1419.88080664
v -1021.57450101 1451.52705495 1975.71549876
v -915.64731829 1631.84541896 2102.58841893
v -1284.96081039 1636.76923094 1752.09832277
v -1076.11668533 1634.40986507 1952.17729313
v -1441.71105747 1537.49102585 1585.47870071
v -1415.4649657 1620.80657875 1623.53631675
v -1597.19238867 1459.78044776 1325.76386376
v -1669.2935859 1513.05510281 1357.4542966
v -1779.65296361 1457.78275912 1240.32051236
v -1724.33545629 1454.0280008 1292.34260467
v -1719.44581072 1448.39054984 1220.94843942
v -1788.43848798 1439.17802241 1177.90742681
v -1855.18336178 1442.04203317 1163.5995684
v -2129.62185054 1445.13381804 887.75241242
v -2162.07058306 1439.72268381 835.25705251
v -1855.50209193 1559.34147163 1176.46834283
v -2169.02004617 1444.97439249 835.45267049
v -962.87174643 1635.61738955 2063.51713193
v -1180.6120514 1641.6253146 1850.77409946
v -1533.75354586 1636.10930796 1502.87775259
v -1402.69982885 1626.42413302 1632.12701444
v -1368.73364112 1632.01959349 1665.47515749
v -1351.89806908 1631.72809032 1682.33367726
v -1335.32165243 1633.6583889 1698.73589821
v -1508.26843734 1634.18548095 1526.04218019
v -1461.7520777 1629.21612263 1571.92718792
v -1435.32775995 1626.79034253 1600.13568286
v -1668.84290782 1648.21696807 1366.45393037
v -1572.36450978 1640.98308557 1461.92218787
v -2184.81057875 1529.06020723 799.81454863
v -2180.92776705 1566.8558617 819.3147926
v -2166.43118546 1617.42910452 859.79764108
v -1760.71070867 1628.54606562 1278.21162481
v -1602.68750934 1643.21758131 1429.59577318
v -1756.88282807 1635.10185192 1278.96968129
v -1787.09169191 1636.13859376 1244.80305663
v -1867.10915095 1623.2223305 1163.55952986
v -1812.59389022 1632.80399792 1217.52705677
v -1895.61403445 1616.68314468 1141.43160141
v -2187.598912 1616.42678426 814.72671916
v -1945.24599523 1622.90787395 1084.24715534
v -1898.74196477 1621.3757715 1131.64278319
v -2041.11306491 1621.85318226 985.92214733
v -2135.2290361 1621.73684514 885.13412654
v -2171.4700054 1621.08828399 827.34195283
v -2142.98318371 1440.1283243 767.34781096
v -2180.12649384 1444.18471916 780.8829078
v -2175.93948516 1445.06972911 712.11600088
v -2181.29300153 1510.0260277 760.10696791
v -2120.07279976 1461.46951182 412.4322521
v -2132.0727965 1465.56692341 491.24417279
v -2139.70121046 1458.59390061 575.82724197
v -2145.75711852 1523.0578896 643.57473979
v -2136.50371088 1466.56619079 350.93216126
v -2133.83770773 1468.42031688 67.2969225
v -2139.16315097 1472.35342212 -15.33202739
v -2144.65240286 1473.52432032 121.34870367
v -2147.83281492 1548.95193248 376.57943959
v -2135.53764138 1558.39810001 558.04483212
v -2182.74198025 1613.72292705 769.78598408
v -2149.53348817 1606.62429569 670.76382687
v -2149.3230414 1626.14602421 634.2685876
v -2141.96415855 1591.76833899 511.56921594
v -2138.12286224 1583.14712334 221.86889839
v -2162.81621561 1614.81863105 390.88989557
v -2135.31304652 1549.07095158 216.71432674
v -2086.41046949 1464.03860509 -116.83172643
v -2121.22760998 1470.72036626 -151.6392658
v -2116.54743837 1455.69302272 -262.22695826
v -2110.81844012 1452.87905812 -394.46493459
v -2082.31501932 1449.92056328 -332.51532036
v -2128.70929782 1513.17617648 -72.32054752
v -2137.14801584 1549.76601986 25.56964298
v -2141.84748339 1563.24697669 -67.50570472
v -2129.31135343 1564.88577118 -131.06173554
v -2118.97273411 1582.85781753 -198.48440445
v -2126.85384981 1455.24856426 -604.74709942
v -2122.69368957 1498.31667968 -470.35909911
v -2140.88364151 1454.76699626 -754.98446452
v -2126.89219017 1445.63332988 -849.6550584
v -2151.12142946 1494.86672726 -600.09011593
v -2114.70003134 1485.44692905 -348.69900424
v -2162.46909186 1537.55886544 -697.97976387
v -2144.73789608 1543.14480371 -815.73782129
v -2165.63095422 1527.86587213 -642.02010797
v -2108.47715806 1557.29421936 -897.02835022
v -2121.94273219 1534.440459 -873.07302736
v -2125.27083734 1540.6380907 -412.88448962
v -2163.41952432 1561.32778629 -514.20199284
v -2169.57526703 1608.85720497 -31.77243858
v -2148.97076989 1611.16457892 83.77453851
v -2162.51079181 1641.83706368 506.50497734
v -2175.38333635 1621.74062757 807.95279284
v -2176.21683426 1621.8969996 766.60605216
v -2158.88602932 1629.99795251 646.53500648
v -2161.00956334 1627.27212234 669.82748704
v -2162.49809121 1631.2674836 617.06662285
v -2174.23737607 1625.9364284 -7.18468031
v -2172.38385658 1649.20876735 104.52704198
v -2156.95123187 1638.3622104 265.88717924
v -2166.74249157 1644.56972951 273.54614574
v -2166.12090659 1644.24563285 340.59060982
v -2173.10504467 1648.40285911 179.57617531
v -2178.94074757 1650.33999265 -36.79158032
v -2177.74836183 1650.42165774 30.35993177
v -2149.231552 1591.92910527 -848.82790898
v -2187.14731838 1629.20144248 -694.77401328
v -2176.12265208 1573.87942148 -564.94961191
v -2178.5477093 1604.68813719 -726.03261962
v -2183.04891919 1626.05373758 -457.30123514
v -2156.15853346 1631.5741245 -340.3671848
v -2172.67658989 1650.0357937 -93.56303827
v -2141.14680675 1644.77261149 -144.97530924
v -2162.55183602 1650.512967 -138.61747444
v -2154.42366662 1638.95718122 -251.49696088
v -2153.50276627 1644.74416856 -202.07992296
v -2142.7115085 1629.6435831 -262.83019809
v -2156.78889758 1648.21194186 -164.20724215
v -2130.3357713 1621.28262172 -161.83697353
v -2164.86434918 1630.90261533 -459.29604795
v -2160.20956171 1627.68374346 -409.7424898
v -2180.29991053 1624.41946036 -797.02260977
v -2148.03209144 1619.66958384 -874.37417368
v -2163.58603028 1632.702298 -489.82769473
v -2164.68662009 1633.47402647 -577.76632384
v -2173.08384264 1632.99221458 -709.84280052
v -2167.36557617 1633.45095507 -600.55520311
v -2169.87852258 1630.44118933 -762.83773474
v -2135.55015886 1623.11221134 -894.03445255
v -2148.08043099 1624.01870493 -863.26229624
v -2092.30869649 1443.89883432 -906.59408579
v -1844.80846419 1456.99283928 -1164.24515862
v -1843.81932728 1454.68937253 -1139.90018796
v -1770.08507612 1440.98368728 -1194.10587966
v -1922.23521888 1464.54642477 -1085.35233297
v -1945.65367882 1541.43277628 -1075.02689249
v -2038.69774037 1517.04287964 -966.03024536
v -1819.93456729 1520.39591654 -1203.17704447
v -1754.07690015 1440.37968407 -1257.41117821
v -1622.5045161 1426.39690173 -1354.78618396
v -1737.21472053 1484.47599828 -1281.89457738
v -1609.50061185 1434.19402144 -1392.78093551
v -1662.50390555 1433.58696346 -1343.12541561
v -1545.63953082 1454.11126056 -1440.42595783
v -1540.34326744 1463.16802349 -1460.28460064
v -1998.71470731 1461.16800345 -1002.80887259
v -2006.78612447 1599.82571794 -1001.89249041
v -2047.19823397 1629.39688317 -975.30002038
v -2098.55748493 1623.86538678 -935.71157819
v -1830.86792081 1601.89432915 -1210.96683892
v -1912.86803839 1580.80851014 -1129.51322205
v -1837.5695785 1568.03593042 -1188.50455835
v -1959.90673387 1602.59012429 -1089.04617898
v -2009.21581564 1644.6190528 -1041.19705573
v -1738.78943104 1551.47367888 -1294.55058317
v -1684.87354038 1556.05705526 -1356.12089803
v -1622.89368189 1518.73491441 -1391.37248765
v -1562.79102504 1553.37432134 -1454.71196782
v -1500.92005108 1460.94878693 -1494.81792756
v -1416.11536649 1439.66546544 -1582.73651037
v -1365.33326756 1510.72882216 -1638.94745009
v -1337.79164055 1453.33087414 -1672.69073742
v -1374.13416349 1435.61016943 -1544.90875341
v -1287.69032402 1455.67731188 -1712.17181871
v -1287.84169241 1460.32989976 -1735.11456773
v -1457.16322227 1555.13775369 -1563.71185037
v -1131.21926119 1444.15949645 -1872.51643005
v -1057.01370098 1502.37580829 -1956.14717059
v -1210.91994613 1521.06610918 -1826.37128496
v -1002.10452208 1454.90010268 -2021.51204116
v -1044.36233196 1451.73152173 -1964.88984693
v -1001.86666576 1446.82490738 -1976.72725113
v -954.09634659 1468.32637431 -2081.87544658
v -910.80539933 1598.82100511 -2119.14180589
v -955.34195681 1569.2731516 -2089.69575902
v -917.65170678 1469.78951067 -2110.18843645
v -1023.73910594 1515.92732342 -1991.20686443
v -1280.94020775 1568.80573014 -1731.7318776
v -1100.96145705 1570.75996164 -1937.18525461
v -1472.72987381 1584.5271573 -1560.7701993
v -1564.81471299 1636.22576168 -1516.15337398
v -1601.21620085 1634.95610677 -1485.43413411
v -1955.54894874 1639.2705444 -1120.0583862
v -2081.39903884 1629.31375179 -957.23361263
v -2052.88365963 1635.5803546 -988.59518614
v -1929.96191334 1642.04642443 -1134.03189806
v -1950.09203957 1642.66849386 -1116.86234152
v -1994.87963496 1642.98025948 -1064.80203682
v -1908.80993655 1639.4845357 -1153.85575152
v -1831.89428959 1621.08549121 -1228.41422657
v -1845.18383991 1628.51725333 -1210.21403067
v -1672.09241723 1607.09111343 -1414.34440933
v -1710.98609124 1593.53227384 -1365.18742521
v -1779.15161603 1617.23832555 -1282.91935582
v -1812.79687816 1623.14750377 -1241.81852428
v -1736.20484069 1604.43437235 -1341.66325419
v -1703.44593086 1609.07731812 -1366.70256226
v -1713.62683842 1611.97978349 -1349.13627763
v -1727.20044611 1611.98002704 -1332.9855202
v -1744.16052857 1613.30656439 -1319.1987763
v -1690.32203009 1607.62529232 -1381.83781674
v -1642.76990913 1623.28508444 -1436.41325827
v -1545.33668583 1639.59856526 -1516.91118733
v -1578.7635645 1639.88982357 -1489.05425228
v -1044.91483034 1593.81636058 -2009.02778636
v -948.55198048 1599.00679447 -2098.80147221
v -1219.64589999 1576.27802286 -1810.38410196
v -1132.06241003 1619.74848567 -1907.2237054
v -1307.40078184 1634.64545066 -1730.02252586
v -1359.13551771 1582.78521891 -1659.80157633
v -1417.87465405 1617.39214994 -1638.66021634
v -1470.58815253 1619.94891033 -1579.16131267
v -1509.75233617 1629.84710198 -1548.00518303
v -1491.14149717 1617.82159009 -1579.16436353
v -1324.80837478 1638.59747627 -1729.91095283
v -1398.55922536 1624.97357168 -1653.9574584
v -1253.80105339 1632.2067323 -1800.97650769
v -916.17130795 1651.2982998 -2131.87813378
v -1019.35648477 1637.78926208 -2057.48335388
v -1048.66715189 1629.61689752 -2023.95283502
v -1151.5934159 1624.69721529 -1902.59528658
v -1182.047272 1626.02863485 -1870.92914755
v -1085.47025062 1629.78535294 -1981.271559
v -934.3110782 1651.15144842 -2126.21577947
v -952.87559193 1650.38032944 -2117.16157944
v -972.41971967 1649.55073874 -2102.36909812
v -863.33224982 1475.5010609 -2128.50655406
v -801.36886885 1466.31649329 -2090.48116614
v -578.74087936 1454.5365958 -2130.32321689
v -342.55130473 1464.14292936 -2133.7883151
v -505.74746902 1451.04380114 -2085.06076891
v -228.17215734 1524.30370096 -2142.19530253
v -247.57913585 1451.00035539 -2126.06859269
v -146.2314037 1450.10485201 -2136.0185483
v -860.15250747 1615.09029443 -2130.36617334
v -867.56730429 1650.70723747 -2138.30171989
v -340.88123827 1642.23155248 -2138.83787572
v -529.1787532 1624.97214484 -2134.46140265
v 47.13714951 1452.52734581 -2132.46216026
v 159.18426249 1435.21558313 -2116.1005929
v 252.44294435 1434.81898076 -2125.42823369
v 220.00131997 1518.69947251 -2144.71363266
v -51.78995176 1453.28405535 -2134.68285906
v 419.03313928 1456.90114136 -2098.18605347
v 399.40856499 1466.77186804 -2123.35646277
v 517.49624328 1462.80934879 -2097.85182926
v 596.44478965 1461.41128095 -2122.15969404
v 635.91714247 1449.33022799 -2094.26052584
v 558.44350402 1543.46218261 -2129.12404785
v 697.76802967 1506.92422484 -2126.2175598
v 717.18703979 1425.28567588 -2121.48342979
v 948.55197091 1452.4110522 -2050.43632076
v 881.73342566 1445.96952096 -2120.31986276
v 839.56270655 1526.71536873 -2125.94925545
v 902.8295508 1571.06620157 -2114.71878946
v 265.06459537 1577.40967956 -2149.94337096
v -709.00504802 1642.90560866 -2136.51754713
v -802.21842724 1648.19967197 -2138.5790665
v -596.09049704 1637.28134601 -2137.63644855
v -643.93186662 1637.90378045 -2136.03024529
v -483.1619081 1635.31907068 -2137.93943201
v -540.35825813 1635.34104083 -2136.29880451
v -415.99400059 1639.92210096 -2138.08714002
v -450.66578391 1637.81540999 -2137.15085921
v 9.67514318 1633.00476117 -2142.73925824
v -199.05051898 1631.47045028 -2142.65404403
v -36.74966529 1636.21118003 -2139.00756675
v -259.9152345 1632.38194665 -2140.55076989
v 823.42158866 1617.48990416 -2140.53470396
v 518.72303997 1635.1795881 -2153.13991525
v 414.15056045 1642.05861185 -2152.55690287
v 542.26961191 1593.8849114 -2146.17531667
v 240.22059968 1615.40467359 -2147.53150464
v 326.14399979 1639.99598594 -2140.39601035
v 248.54712284 1616.33814563 -2138.96973743
v 167.20206047 1616.88648192 -2140.88428465
v 311.5115838 1635.6880019 -2149.8364394
v 434.48198167 1646.39967719 -2140.8408393
v 835.05824629 1623.24185779 -2136.73587635
v 515.4278741 1643.80739558 -2141.17555964
v 586.41633908 1629.12197388 -2141.73195923
v 645.74861531 1600.33974991 -2151.25442276
v 641.66255569 1610.50173703 -2142.20242063
v 806.29396415 1618.44315048 -2139.58865829
v 671.23537073 1607.7074268 -2142.79226567
v 2112.25624507 1464.62582475 -882.18643266
v 2063.32265002 1460.46700914 -916.15377671
v 1989.45936425 1474.74349517 -1005.22439116
v 2099.42396333 1595.2265322 -896.97476218
v 1846.99561354 1458.51277605 -1149.48592058
v 1903.91627065 1463.29573752 -1080.32649924
v 1648.3967278 1461.2202869 -1347.85493045
v 1490.65550946 1465.85773117 -1512.61053879
v 1580.48022439 1454.34491772 -1343.24591869
v 1328.42796218 1471.47356881 -1694.85760201
v 1331.68284641 1465.13323692 -1668.72393516
v 1234.21592249 1458.06951196 -1789.63433129
v 1733.68762476 1468.82612559 -1262.32661387
v 1233.15964456 1563.16423847 -1765.0625539
v 950.18429346 1456.61759524 -2084.46610599
v 1074.4113511 1451.64970517 -1932.37236142
v 1365.16685194 1583.28607042 -1625.276671
v 966.18667033 1554.45585278 -2066.5503352
v 1866.21106089 1632.81502298 -1129.65974954
v 1955.50635222 1653.33492435 -1035.00948489
v 2100.1825072 1641.62301661 -874.57601954
v 2064.69837406 1644.50765861 -923.99893058
v 905.2737623 1634.34256887 -2105.60697316
v 978.07296061 1629.48209842 -2019.65275271
v 1022.95076953 1633.41606034 -1985.81437577
v 970.90370892 1636.98270846 -2039.6984067
v 930.36769632 1636.31022133 -2082.78910317
v 1111.56063661 1637.11686988 -1895.18498511
v 1117.80367984 1631.57292484 -1872.3843262
v 1183.73117201 1637.53874803 -1822.23271776
v 1423.41868244 1646.0272839 -1575.25445675
v 1368.64365538 1648.55242799 -1633.20171998
v 1305.95737326 1648.32049166 -1697.96929537
v 1615.38988256 1639.68366436 -1382.2295628
v 1542.45103657 1642.4232852 -1452.88287992
v 1732.10265606 1648.74555911 -1260.0597681
v 1914.13623352 1646.87776922 -1075.93257879
v 1866.36364902 1636.32588725 -1120.57039408
v 1999.57739924 1652.13961377 -988.13235059
v 1510.03575176 1645.13214608 -1487.09576913
v 1862.1991934 1463.66060386 883.70163979
v 1873.81259236 1449.51131238 769.83799182
v 1815.40621066 1469.36653443 569.28434447
v 1579.69235073 1468.42072335 734.50756034
v 1861.42806805 1456.86250812 712.59427899
v 1255.61164832 1471.96209102 419.25681157
v 1602.50519974 1470.58027024 343.07741408
v 1351.20697993 1461.13763231 287.07220656
v 1672.11188386 1467.68769516 218.27232681
v 1871.12800238 1458.26839234 328.61411499
v 1962.11712576 1465.44881624 53.03835494
v 1794.14192338 1463.030596 447.3260019
v 1133.50568652 1466.77434154 305.00580983
v 748.01307692 1464.28775242 420.27609035
v 629.74853036 1466.57363593 -39.46222388
v 581.16015741 1468.38137306 98.5761541
v 241.83620612 1470.63209065 285.15837566
v 412.43737368 1467.61232272 -25.99813357
v 125.33930834 1465.66699767 -136.1010034
v 511.30827635 1469.13478797 -206.94069618
v 459.29185975 1461.27565484 -172.24796014
v 921.0748207 1468.50406858 -120.01380369
v 636.47765033 1466.15530126 -177.3888828
v 1351.17167264 1471.39349168 -365.49728196
v 661.93082927 1472.53445276 -333.27728113
v 1059.97734099 1466.0281225 -272.71342524
v 1197.78067624 1472.27275743 -483.17351427
v 1215.18389768 1461.55730409 36.83317213
v 1582.20317009 1466.51068928 -294.69977619
v 1615.94915232 1463.23713118 -56.41604048
v 2000.53422817 1459.48275346 -223.98093767
v 1920.39823661 1464.49337008 -338.6447983
v 2055.28678768 1450.880583 -323.44891186
v 2080.13566216 1452.73641905 -377.98861632
v 1967.1729085 1468.44759575 -21.50887124
v 1799.21500252 1465.96589896 -487.12022635
v 1372.41226418 1464.8565053 -578.80895892
v 1944.9874569 1462.51558795 -640.63607135
v 1742.28200907 1452.94612108 -730.14558397
v 1917.9964839 1449.30892173 -795.58956138
v 1980.4797731 1461.36239126 -489.93319204
v 1308.86762189 1466.20013045 233.24118424
v 1665.91986419 1466.82368122 147.25198712
v 1278.72453899 1470.34282933 -139.91157018
v -318.23968403 -2039.72547778 -619.98320142
v -556.30187632 -2037.45803213 -559.71011973
v -611.38346609 -2041.9980736 -238.61961744
v -813.74995885 -2039.32083635 -1097.83748884
v -990.01794067 -2042.42899835 -562.21168768
v -882.34209043 -2046.02872509 -383.96800953
v -1216.84540418 -2053.7993696 -800.02368949
v -951.45036655 -2055.46366464 -387.5704235
v -677.7159939 -2049.81521517 -435.80548185
v -967.62062309 -2047.04117999 -1053.77486005
v -841.11615235 -2054.57498794 -714.27474351
v -758.90568604 -2043.67337302 -1708.55990335
v -708.18820775 -2044.03799482 -1479.54269365
v -829.93821006 -2057.56473354 -1546.05025669
v -819.64993401 -2048.8652702 -1376.90389484
v -1053.45431716 -2055.87944058 -1402.901077
v -929.26230241 -2060.7517496 -1450.05855313
v -586.03017939 -2041.12319456 -1285.92368044
v -404.53167376 -2044.73463682 -1266.730329
v -895.63073145 -2046.47696786 -1912.48750968
v -1004.62255043 -2061.9338818 -1875.12605472
v -934.7278513 -2039.43180355 -2201.0387775
v -814.64417141 -2045.49503073 -2191.22652689
v -979.64764854 -2042.82377329 -2145.61616812
v -939.35633203 -2022.00626665 -2223.01582808
v -1065.62963836 -2061.89189228 -2054.81196514
v -1075.76318553 -2045.59062319 -2089.9760272
v -1121.45055245 -2070.87089863 -1863.21638164
v -1019.60600549 -2071.58866762 -1783.85847594
v -1158.84374506 -2063.80254089 -1950.73444642
v -1193.47545968 -2048.67485686 -1952.80854158
v -1176.55723192 -2053.96587174 -1617.97541244
v -1118.9612868 -2061.68754891 -1674.8395507
v -1239.73715767 -2058.86724169 -1488.111396
v -1361.22848872 -2058.59942474 -1443.0110489
v -1404.77756442 -2073.33697547 -1536.35333215
v -1327.90501551 -2056.62530219 -1741.14129938
v -1235.1937132 -2063.83013212 -1780.37445773
v -1378.67955342 -2045.08038253 -1770.34698563
v -1437.28111228 -2058.9524554 -1700.8222028
v -1476.40537664 -2061.5857579 -1629.83257707
v -1594.406228 -2040.03547008 -1536.69536488
v -1502.59763477 -2069.19171607 -1577.8252517
v -1423.0357473 -2074.23565791 -1632.73956182
v -1031.62486077 -2058.34306267 -1665.76899787
v -914.66270307 -2059.38675873 -1678.34004791
v -1231.70343005 -2051.86113782 -652.56665759
v -1176.39177754 -2051.5852565 -492.21186264
v -1344.28594219 -2053.39971696 -485.1042198
v -1307.71100249 -2059.77398294 -753.9262734
v -1282.77582305 -2063.23272209 -785.40161629
v -1391.22797046 -2070.34893777 -769.03100608
v -1343.09528497 -2074.83917004 -886.48456043
v -1443.76716863 -2070.31134241 -1080.04803259
v -1273.3373545 -2058.01738964 -963.50616993
v -1762.95441427 -2047.55757218 -823.47129745
v -1512.45038332 -2058.86700947 -774.69671123
v -1477.30950923 -2060.68243762 -663.1733363
v -1606.47775869 -2057.01545108 -1496.14140927
v -1496.0453708 -2071.56256539 -1171.2877764
v -1634.71737272 -2085.98688786 -1296.62700374
v -1564.16733541 -2052.75934572 -1526.927666
v -1525.74789805 -2053.8137874 -1441.63665206
v -1685.53000303 -2065.43684125 -1464.52495074
v -1748.96823248 -2066.5208284 -1397.60295089
v -1722.37875495 -2076.46223349 -1407.78678995
v -1678.35385409 -2079.35310071 -1444.52604968
v -1867.19356394 -2061.29793318 -1155.88834612
v -1823.02474733 -2064.26863437 -1310.52457852
v -1775.50216609 -2067.40315378 -1354.11613333
v -1730.45541191 -2085.18904048 -1343.39335698
v -1918.28328714 -2051.93904869 -1181.22977455
v -1936.07235149 -2034.65755533 -1206.32865072
v -1852.19891344 -2044.96541299 -645.5856124
v -1982.83039287 -2049.64071167 -872.26248657
v -2013.78035425 -2048.55331068 -1104.68020983
v -2142.52973929 -2051.99838467 -1002.72396641
v -1947.02962195 -2051.56502651 -1110.51956821
v -2039.26106306 -2056.187345 -1018.97860959
v -2162.48090648 -2078.2727996 -921.84219063
v -2146.51484469 -2066.93930281 -971.46560442
v -2209.11103385 -2068.56894422 -921.57680773
v -1871.9955602 -2047.0639246 -1011.44761104
v -1565.12544059 -2066.79523443 -975.82744623
v -1076.1326218 -2059.55522282 -489.47001522
v -1213.48895527 -2062.22075617 -726.10425604
v -1080.90399735 -2043.2942367 -776.17414709
v -969.51441646 -2055.16898769 -937.17830235
v -1139.34431112 -2050.1304209 -923.91334131
v -1024.76850349 -2056.24101159 -884.90748694
v -975.45369806 -2048.17997428 -1195.02193002
v -1282.62422744 -2052.40191153 -1134.11346933
v -1173.01058195 -2068.83183838 -1195.74762939
v -1067.96687406 -2067.42070098 -1040.49238496
v 927.35730004 -2069.77144384 2124.55293798
v 1042.88787387 -2028.19746418 2056.64570637
v 995.91759862 -2049.29194865 2049.910601
v 830.45421497 -2052.84127229 1938.03511995
v 1237.51469604 -2035.85748985 1845.84040001
v 1163.70183429 -2055.82294718 1927.79267374
v 1140.72612553 -2073.39887592 1893.00812885
v 1057.64458556 -2047.34321549 1987.8234401
v 1021.3114476 -2062.15303153 1788.08149833
v 1112.03947903 -2075.99165061 1867.8584719
v 899.32981854 -2050.6117771 1784.95503881
v 949.8214655 -2055.10176512 1981.30012938
v 851.32547996 -2044.31002138 1675.09871767
v 1413.91812986 -2035.60784835 1650.22332687
v 1287.65909928 -2052.57953356 1693.27142809
v 1210.17314209 -2046.73224691 1807.17426351
v 1140.37467613 -2049.74457906 1711.47211812
v 1140.86246349 -2060.84907123 1572.02119037
v 1493.06753888 -2050.57976872 1519.7398029
v 1253.92667221 -2052.69843152 1574.30536511
v 1279.74685543 -2054.19183859 1407.7937673
v 1061.71756603 -2053.16450437 1579.73628172
v 949.67227535 -2073.10396239 1500.62056396
v 1086.92361772 -2075.35102671 1489.12373179
v 1155.64224323 -2064.76972488 1444.31696609
v 1128.01101225 -2045.08491163 1340.55634718
v 994.60562377 -2073.33931199 1473.16340867
v 736.18430015 -2053.97897173 1539.68331743
v 718.9363109 -2054.7753592 1460.76571564
v 837.66922139 -2053.3197876 1470.0664917
v 793.78458285 -2059.05318796 1578.89815866
v 665.80081011 -2049.02633808 1403.81674336
v 828.05898905 -2047.02730755 1411.08614545
v 758.7397728 -2042.90023539 1360.74715922
v 850.00643037 -2047.99044136 1240.58638863
v 930.43723402 -2048.91133628 1640.33089195
v 1076.05827305 -2062.06611507 1771.6630389
v 892.05240325 -2058.02828132 1537.29817878
v 991.54691381 -2056.94502502 1623.52754455
v 1607.32815628 -2040.84697564 1467.29717095
v 1555.88809295 -2059.64470738 1451.90337437
v 1622.31228577 -2070.92497791 1405.94780506
v 1731.41628732 -2053.90739502 1369.21501221
v 1493.73684565 -2058.0443683 1403.56548646
v 1486.26919032 -2053.57659519 1317.46734226
v 1578.31557981 -2075.4012982 1358.96013609
v 1610.15847637 -2078.09074993 1380.49199505
v 1734.21132843 -2071.90715076 1286.12895252
v 1830.67665357 -2059.42008599 1141.1836358
v 1725.29787793 -2073.65178005 1322.13115017
v 1731.21583934 -2051.4276587 1176.54264894
v 1899.71962554 -2060.63150876 1213.42130368
v 1495.74269738 -2043.28643364 1243.41814751
v 1574.48316499 -2042.56963333 994.73882278
v 1891.59022722 -2065.19132357 1122.40592318
v 2048.63685381 -2052.57705889 1037.25723467
v 1852.44788778 -2049.35074911 1013.32847127
v 1934.67005345 -2056.64176114 953.39206631
v 2164.21302008 -2053.20229798 908.26980286
v 2005.68103373 -2053.51675803 818.16666038
v 1713.98731166 -2044.47319168 907.78019852
v 1668.32458789 -2057.74333528 801.99370149
v 1998.4046648 -2060.58707085 771.25705376
v 1854.64697355 -2061.1998701 751.86356639
v 1564.28967223 -2043.88591795 734.4613574
v 1017.24750967 -2043.62202585 1026.11409128
v 1120.73926165 -2038.31855453 842.06165755
v 1553.52222175 -2051.42083053 854.4464653
v 1712.75536359 -2040.6439681 580.2800765
v 784.50310287 -2039.86642079 525.66976551
v 1477.67137024 -2038.85052135 376.74950816
v 479.9937942 -2039.861063 507.21027565
v 497.92456283 -2041.90561788 104.79985922
v 744.81986523 -2044.0433024 290.48968302
v 822.00852891 -2048.50045235 377.85836251
v 830.4644338 -2040.06722444 1148.16121858
v 1273.06203649 -2042.74664845 1316.51630177
v 1210.70179848 -2040.4961629 1124.06757403
v -118.04136767 -2044.56067411 -498.78859958
v 528.50529157 -2043.40232065 -1070.03981802
v 254.532578 -2041.19701036 -982.88343398
v 447.75379174 -2045.20591305 -1174.1528516
v 583.32939927 -2043.89035536 -818.47384142
v -320.67459034 -2041.71217222 -1326.95897036
v -138.86350533 -2042.45166623 -885.39458622
v -238.68051585 -2051.3327741 -755.14317804
v 165.69070452 -2039.79869881 -639.59198722
v 292.14821411 -2044.45628606 -1569.8189825
v 554.59543085 -2041.81076677 -1289.18825666
v 459.58058824 -2053.31882757 -1553.82997614
v 663.33717942 -2054.00265655 -1568.66519013
v 581.26088107 -2050.84787498 -1666.15676369
v 716.45784474 -2051.33444134 -1593.01797565
v 631.99372381 -2044.8201628 -1806.11062333
v 360.179364 -2068.70286512 -1789.73890735
v 398.98088209 -2069.03611537 -1689.11512974
v 249.45121174 -2044.14098031 -1481.16175407
v 810.60437388 -2054.90621457 -1968.71707645
v 734.90827176 -2050.48043663 -1876.64590615
v 666.19037199 -2067.15500018 -1990.86672834
v 587.02600616 -2050.64426145 -1931.96206179
v 897.20934502 -2067.70113266 -2195.12528336
v 935.09533495 -2059.3561603 -2104.35746275
v 725.90758876 -2089.93160889 -2181.84890868
v 447.13344821 -2047.13914061 -2165.11745119
v 596.81603803 -2063.82468094 -2109.88869796
v 506.55434658 -2049.80393294 -2169.42140886
v 642.08599444 -2088.89718873 -2182.63674682
v 457.71379838 -2028.89768507 -2206.61403368
v 539.73357431 -2042.63645102 -2208.00515055
v 560.49663868 -2060.24558097 -2160.66262216
v 656.12347133 -2090.32223694 -2154.17190368
v 684.32537873 -2067.64865173 -2060.43337952
v 129.13180155 -2046.17943771 -1785.62207596
v 190.50742563 -2053.30736472 -1827.7188804
v 59.06638553 -2058.31518297 -2008.71448012
v 285.93311394 -2078.83006563 -1885.0012332
v 333.76437059 -2059.14793463 -2132.01783685
v 380.64294581 -2068.57298141 -2034.76051469
v 227.60746323 -2074.56200177 -2175.73487323
v 295.6882562 -2041.789782 -2195.99561839
v 5.27451259 -2063.05053688 -2165.38476586
v 162.66073308 -2080.63158469 -2149.42285867
v 193.10627112 -2061.22167125 -2206.29151235
v 167.10100816 -2071.49779543 -2186.4362866
v -3.81552115 -2051.65014665 -2202.40429671
v 314.83780538 -2079.85960538 -1935.61207431
v 531.42426306 -2050.0109631 -1874.15920292
v 421.96188249 -2053.06785265 -2077.10524305
v -460.85169612 -2046.43703186 -1612.54734314
v -292.79459858 -2050.85181944 -1636.30101259
v -655.38714003 -2049.49001888 -1912.92184635
v -142.0858365 -2042.36597301 -1826.18810414
v -440.32677921 -2057.75172823 -1988.83286649
v -265.98733119 -2053.51441592 -1961.7173956
v -90.56466334 -2065.28100982 -1987.23583589
v -356.16107645 -2052.25709565 -2159.04734771
v -190.46339825 -2067.6543052 -2161.11766746
v -149.33867566 -2052.44312176 -2208.79564777
v -354.5073011 -2042.95680261 -2212.14671302
v -497.86188303 -2058.958762 -2186.80100363
v -501.82410431 -2045.45314694 -2220.053689
v -478.75399204 -2052.30129046 -1920.45432478
v -635.13824911 -2059.13918792 -2161.56515778
v -613.86115227 -2045.32949461 -2211.11008059
v -688.53333247 -2048.2356258 -2214.72506756
v -795.6778647 -2031.7092633 -2220.45186952
v -33.50253903 -2043.01037744 -1309.25817725
v -217.30957404 -2051.92383762 -1439.14732937
v -0.76497572 -2044.8549805 -1582.54125973
v -107.46591369 -2051.31177228 -1569.51793964
v -14.69118159 -2052.39770572 -1778.0972894
v -9.3927863 -2057.64282268 -2020.28881795
v -1040.22577091 -2054.29179352 2091.94511383
v -1000.94855079 -2061.29740703 2049.38578594
v -1001.25337404 -2046.23795881 1751.41276349
v -1207.70575992 -2055.09062896 1895.82012115
v -1092.23712949 -2063.82255751 1944.24748427
v -1305.49848786 -2041.20660003 1833.4209555
v -1264.02082649 -2053.58941072 1826.58831209
v -1020.66361513 -2040.31181219 1212.69169501
v -978.95102054 -2051.32304084 1410.79813849
v -1181.770588 -2051.05107705 1699.76177041
v -1386.02742529 -2067.48199418 1652.29937699
v -1567.07418239 -2051.84088881 1572.58625014
v -1382.47725178 -2058.21099793 1721.33526551
v -1287.34018123 -2044.77776623 1405.0870924
v -1103.19491222 -2060.57646424 1511.47880799
v -1159.34066161 -2060.59355654 1570.05778993
v -1361.05086538 -2070.3853134 1590.19634856
v -1539.97213118 -2060.61090716 1573.57428606
v -1530.45174653 -2062.88702979 1546.42426123
v -1494.53256357 -2047.4043622 1413.41583681
v -1064.27609852 -2043.58024672 1310.2270973
v -352.65742361 -2043.56385819 430.08830277
v -668.50137009 -2046.46304192 121.20828117
v -731.44579075 -2045.02774193 977.0957351
v -1025.82715513 -2041.67155363 597.9383383
v -866.34149838 -2045.8448865 594.0379407
v -945.73182519 -2052.90677962 427.01456771
v -851.91847549 -2045.36807923 324.96118836
v -701.38533737 -2040.78372206 238.72671523
v -1157.67945723 -2044.79008967 430.62044245
v -1654.92782512 -2038.3850821 1470.88557039
v -1667.25680729 -2047.07502405 1401.05817835
v -1713.32077207 -2035.10102704 1414.31989911
v -1450.35166352 -2042.19610832 1231.92071769
v -1599.66452845 -2045.06574375 1258.53144199
v -1659.90391856 -2049.70612724 1019.77680596
v -1821.03537567 -2049.92390772 1308.20869776
v -1771.18649874 -2061.71345633 1295.97517508
v -1703.66025588 -2060.22468384 1245.69001588
v -1788.75693629 -2061.76326178 1227.64839362
v -1828.78806631 -2073.35872252 1168.31306822
v -1727.45151935 -2055.11164777 1166.23811262
v -1788.16148527 -2051.64973637 1055.60261723
v -1920.86142991 -2040.3025742 1216.35897068
v -1861.85752204 -2054.9893392 1238.76216635
v -1576.68955001 -2047.60102107 1321.17621638
v -1346.38890303 -2044.40997096 1045.21734401
v -1452.69153615 -2051.47955569 561.92944582
v -1261.36510754 -2057.7991274 843.94353658
v -1184.07824606 -2053.39848926 762.30461719
v -1226.43152195 -2046.03520986 669.02306386
v -1840.72498292 -2046.98994862 577.89418446
v -1744.07947939 -2047.86665338 478.97727961
v -2118.88878141 -2063.53988754 1015.77804672
v -1965.61131091 -2068.61629686 1117.94381151
v -2039.65770013 -2073.43417119 1055.91329716
v -1964.3489842 -2073.14315227 1058.52388958
v -2048.53650193 -2050.80697431 675.42721357
v -2238.68639391 -2067.50375997 895.68863545
v -2218.8941574 -2076.79746027 890.52487726
v -2199.99327905 -2078.04282077 876.70297702
v -2125.41857538 -2071.9676222 805.82656996
v -1239.34556009 -2044.3671196 1227.85064011
v -1096.82383916 -2052.97343662 1045.82524326
v -1035.75047548 -2049.02787731 1036.41740367
v 372.03829518 -2044.21726889 -49.93832879
v 328.09928906 -2042.43797394 -294.31748871
v 523.47493523 -2042.2660904 -172.96077728
v 439.3897304 -2049.12595736 -174.071705
v 510.09852747 -2043.47898161 -264.49172152
v 241.032902 -2040.33849044 -202.25086503
v 776.62532664 -2042.36715355 -155.01996193
v 620.06873348 -2039.97189672 -463.0802273
v 1032.29841678 -2045.25117558 -285.11061031
v 1169.59345013 -2039.89887466 -522.24071275
v 769.50323674 -2046.77975152 -607.52536323
v 1054.46148709 -2045.08247344 -642.60942109
v 713.76672115 -2041.53768853 -701.91268989
v 767.65782599 -2045.89461976 -899.52481383
v 647.5715228 -2050.06637794 -891.67532128
v 1309.47784504 -2047.67511366 -632.94121935
v 1286.99285504 -2053.67548085 -745.42327403
v 2027.27764517 -2051.96890553 -741.46249096
v 1831.73589517 -2061.09366993 -795.30299755
v 1610.10808795 -2048.48576946 -773.66730671
v 1326.67169094 -2045.71283263 -671.17644959
v 1211.83671915 -2044.39252515 -918.07244067
v 1269.0367867 -2043.04120429 -1047.14629571
v 1657.23173221 -2053.37199787 -1075.15766521
v 1520.13103131 -2050.27825387 -909.50629203
v 1800.05521776 -2049.35783147 -1088.98420954
v 1815.32805275 -2043.05448608 -903.20717164
v 2074.88017497 -2050.19155969 -951.72482214
v 2155.60258855 -2047.79861183 -915.58749657
v 2114.21562887 -2055.63125524 -850.07199183
v 2050.48441722 -2022.11807443 -1056.33798025
v 2032.97257883 -2040.58597071 -1019.21920507
v 1992.7650576 -2041.5257918 -1058.9018205
v 1922.17545494 -2054.17520895 -1141.3932725
v 1860.43424471 -2057.67936204 -1128.67940261
v 1587.00296709 -2043.20000387 -1187.44098734
v 1766.3032555 -2045.52140717 -1294.08711334
v 1786.62930347 -2030.2441846 -1320.81196774
v 1650.34280109 -2050.27043567 -1417.56537976
v 1374.72242924 -2046.94146823 -1654.98528958
v 1612.0660702 -2056.81267367 -1366.823923
v 1441.07032823 -2034.23089404 -1674.26764112
v 1211.35952862 -2048.51190994 -1326.83098557
v 1060.85708127 -2049.96797121 -1464.06486571
v 978.30916209 -2043.25520626 -1608.06339726
v 936.89423765 -2052.60347467 -1787.78348822
v 1306.32386212 -2040.15863431 -1821.05376804
v 1293.06080186 -2050.32709192 -1802.16851355
v 1249.18299491 -2055.8839786 -1792.57354093
v 726.7877968 -2054.30880612 -1687.3617261
v 1108.04480351 -2061.61982461 -1976.91484336
v 1121.69409394 -2050.42670878 -2001.4845461
v 959.21966084 -2046.01399616 -2153.14457318
v 997.86663685 -2053.77583529 -2084.37968229
v 959.88327499 -2046.55037308 -1240.17313766
v 1167.65873285 -2046.70478294 -1098.63396217
v 1336.57803794 -2049.98602556 -1248.9491551
v 869.00455359 -2042.34249131 -1196.09024795
v 1041.04960486 -2049.35591153 -1035.69010898
v 1078.36246499 -2056.87641771 -1182.25822585
v -2217.147093 -2062.14145434 770.10672533
v -2224.08215525 -2060.16269487 688.35928911
v -2188.31164788 -2068.07895308 670.29349165
v -2215.0487102 -2056.90390542 640.85800698
v -2216.27747263 -2058.53574141 578.37796553
v -2225.51698607 -2035.62155724 338.36624718
v -2187.23060188 -2053.43027139 486.21921182
v -1940.88197278 -2045.9262323 408.67421814
v -1575.31740233 -2053.79694386 292.34412404
v -1454.45265703 -2045.52069346 282.40979258
v -1848.68825789 -2053.46419214 156.47157739
v -2201.71889183 -2048.19003765 292.42349712
v -2196.34487878 -2042.60666339 60.44372241
v -2234.56875183 -2038.36545412 153.98848574
v -2233.10562392 -2028.93588863 6.44560752
v -2110.20328422 -2046.86837837 -104.19164207
v -1742.62344 -2050.32942188 126.59743488
v -1154.54788042 -2048.46928875 84.00711529
v -1118.1986458 -2047.55900884 -110.64386439
v -2238.17643086 -2031.45761737 -136.99778119
v -2204.47623778 -2041.50131706 -198.13411995
v -2164.68375987 -2060.94443056 -275.92614439
v -2022.2228183 -2055.79110402 -177.76741344
v -2223.94620999 -2029.37607377 -220.46563155
v -2042.43059904 -2049.09408342 -561.46316756
v -1695.62833912 -2045.95539638 -241.99852207
v -2200.8983604 -2053.4141587 -289.59197533
v -2190.80412745 -2065.92905084 -423.95037421
v -2215.2806902 -2054.43881754 -418.21737143
v -1524.4966337 -2045.28961742 -434.79418385
v -2183.98626243 -2062.62875757 -559.79885473
v -2199.52094002 -2066.15829927 -783.25002593
v -2219.57269951 -2056.49985288 -812.09847476
v -1432.96121211 -2040.52765053 55.09565895
v 1060.78367068 -2043.49055422 274.96348513
v 1268.97434229 -2045.62372383 222.07568916
v 1040.11227092 -2045.83601411 -25.76214187
v 749.643338 -2043.7858559 -19.30726086
v 1314.73421239 -2040.64935659 -175.41950632
v 1721.97215603 -2043.42668254 476.03361614
v 1831.85229328 -2054.01505665 701.06132129
v 1959.5771428 -2052.34610575 611.35928934
v 2138.51208498 -2065.19106863 727.93899344
v 2145.36682297 -2050.898832 780.14040915
v 2175.85949522 -2055.47134044 694.77029063
v 2127.25865508 -2050.08486795 469.96270609
v 2192.43126474 -2037.49782897 533.87502624
v 2169.14048928 -2045.44570597 434.94585855
v 1664.30442146 -2044.61992237 247.03264209
v 1790.44430881 -2042.17240709 129.83767503
v 2084.51572594 -2058.79141279 250.39341779
v 2094.9981424 -2047.97207639 137.36137388
v 1991.74779044 -2045.33987876 466.04953452
v 2189.58677187 -2045.26662792 286.9839436
v 2191.32041157 -2041.25930363 225.22344547
v 2148.50571487 -2057.14053109 222.2104316
v 2122.37973057 -2042.32742188 60.05290863
v 2161.90488002 -2040.54275218 129.76688853
v 2190.96225227 -2028.30495794 123.80243261
v 2169.03548991 -2038.73745402 9.13448008
v 1544.68549796 -2043.18254967 -369.55835609
v 1935.74055785 -2050.1622689 -235.22159645
v 1893.76948367 -2046.62699242 -342.47481422
v 1997.55757041 -2058.35025448 -335.89559513
v 1896.04439927 -2042.55606947 -35.22147265
v 2145.65169205 -2047.23025289 -200.42073283
v 2150.02498811 -2047.78188844 -85.57142882
v 2199.4908068 -2037.79214019 -112.90984041
v 2185.59626884 -2038.08279021 -266.68881624
v 2194.09041179 -2025.21816581 -200.47183663
v 2141.34480502 -2055.89272866 -261.02102866
v 2065.72126456 -2059.14981205 -385.52957028
v 2145.57673312 -2060.37954489 -391.07007059
v 2151.51788954 -2051.45766963 -512.49368535
v 2188.25177143 -2036.44204302 -607.77945356
v 2163.467835 -2048.6908234 -640.38107601
v 2132.85309042 -2054.86514115 -611.83145309
v 2176.54912659 -2026.78762459 -784.05417229
v 2137.16045522 -2043.57192807 -789.19076725
v 1962.44013079 -2050.31876188 -510.30034823
v 1792.18586018 -2043.06059061 -460.66624655
v 1305.38682028 -2050.32294099 272.42300813
v 1855.03109738 -2045.82377145 47.81543634
v 314.75785725 1469.05006259 -299.87910311
v 45.37432433 1469.08764847 -548.83819778
v 597.72865908 1467.92495289 -835.60451832
v 247.07810462 1470.35535748 -741.23371441
v 534.07400261 1467.64260147 -684.39626358
v 314.68305585 1469.0853409 -1062.43665926
v 580.94538148 1466.64004004 -1144.20241797
v 804.17489198 1470.57486425 -721.28445898
v 663.14680941 1461.05264129 -877.25033416
v 1049.4695112 1466.17668162 -668.13542185
v 799.24612643 1465.47818435 -579.44553054
v 516.2491536 1463.15724913 -1144.3148419
v 569.17614985 1468.33913621 -1269.59707078
v 412.78894632 1467.58156101 -1190.3233823
v 734.86381972 1460.80227822 -1579.9479081
v 685.63268046 1455.89565985 -1564.71841376
v 915.52014723 1468.71183201 -1195.15250584
v 1044.54492176 1460.91459644 -1334.35575855
v 986.60777665 1468.74369547 -1585.43217203
v 665.76530775 1458.74783184 -1610.01992656
v 735.21208117 1456.32083292 -1702.28042764
v 898.96494822 1460.05533715 -1735.3182766
v 777.06174432 1460.84720194 -1863.7947117
v 800.61465863 1457.77444906 -1939.51761312
v 891.77945331 1455.79801261 -1947.0653466
v 1212.08422776 1462.99211841 -1346.90837818
v 1358.19290013 1465.13738847 -663.2063582
v 1614.53139719 1462.28034401 -755.71882057
v 1256.1466337 1458.02251585 -711.20903928
v 1330.51648979 1469.45831011 -1087.50616167
v 1249.85805019 1467.09710053 -914.54943207
v 1551.70423725 1459.55426705 -1021.52667916
v 1541.69666222 1469.58820216 -1164.11688868
v 1373.39587837 1461.33953757 -1231.77801413
v 1717.8951528 1457.84004091 -1078.50947451
v 1740.4511809 1461.90998819 -1124.17243936
v 1645.77344164 1464.03217643 -1233.98505729
v 1889.62160047 1468.6596285 -902.19533406
v 1864.64698507 1465.39742037 -1043.34651705
v 820.58973955 1466.03177415 -917.71292649
v 1081.92750133 1460.079393 -1078.76237639
v 1127.22241997 1453.80778853 -1158.94060103
v 1204.2562288 1462.59221573 -1256.49431534
v -927.31913342 1452.28194189 1896.28446436
v -890.58055314 1465.58589857 1769.19486315
v -1160.76842361 1452.99909477 1659.12956734
v -600.04197913 1461.49789858 1760.20547056
v -733.80735933 1462.36263882 1776.25503696
v -840.05724305 1460.45821523 1641.8241334
v -1138.99560141 1451.55170803 1544.47563572
v -1270.26427969 1453.8657892 1511.78350279
v -1268.30078324 1466.98163401 1421.50786794
v -1493.8989299 1466.93218568 1372.70575378
v -1153.96277147 1461.02057944 1394.34257974
v -1059.16540338 1451.24043222 1494.54203849
v -953.38269169 1459.676472 1430.81388445
v -1279.40272112 1465.27997337 1209.91033424
v -965.36341333 1471.41389823 1242.32548165
v -609.12573486 1455.84555443 1399.96059791
v -763.70630367 1463.56112384 1352.77469159
v -715.87476387 1469.85275191 1286.53799516
v -357.79853998 1469.66416893 1080.023209
v -309.62692888 1461.30088979 1317.78834361
v -1692.01124284 1459.09062428 1176.03046947
v -1692.35266899 1449.49284595 1269.76716382
v -1897.78370825 1443.38346197 1058.13667963
v -1799.99660676 1458.86649847 893.24232722
v -1915.15615277 1457.16214773 888.87758616
v -1389.97158451 1465.07794217 849.80780002
v -1225.5365222 1455.93341811 925.65312974
v -1446.6067006 1468.75457544 1213.80230933
v -2030.633821 1459.55984776 728.84585292
v -1325.2814063 1456.9508698 673.86925959
v -1103.70742643 1460.15693418 797.41935977
v -1755.95683348 1462.36088516 401.50035141
v -1121.54850607 1465.76362285 455.66960469
v -1216.58927145 1465.74066948 595.24913765
v -1729.19388142 1465.37016367 692.93330312
v -658.42794015 1466.00302298 947.3936445
v -815.06284346 1465.21883644 589.43820701
v -409.49847834 1473.27317546 678.5915096
v -913.06167208 1468.97908607 861.14341149
v -917.02238334 1457.83772847 440.37232402
v -872.00884708 1468.60140231 141.22441861
v -507.5321323 1468.08530496 133.64318014
v -218.20012797 1464.02611351 561.00556374
v -37.72355985 1471.67687823 522.71063397
v -1225.68446214 1465.96515638 1148.02312487
v -1091.50453445 1457.71369741 1049.31926158
v -812.64137643 1466.93502307 1032.09952283
v -287.26083296 1472.14769252 -604.51054653
v -119.59843074 1466.81347133 -542.79839565
v -172.41611139 1459.76244364 -730.99169168
v -399.09747 1466.58445521 -1254.16282435
v -213.4303567 1471.13548872 -1271.39452192
v -683.82154287 1466.40805116 -1547.31710878
v -523.02175345 1459.62815097 -1903.55051425
v -280.61703781 1467.08092035 -1391.8627807
v -690.56978427 1466.82101474 -1808.20175204
v -203.91650773 1461.75267663 -1418.37364831
v -150.37998155 1467.0593196 -1839.03087722
v -363.05419353 1454.51939331 -1906.08189331
v -237.81177937 1457.45946226 -1954.02049742
v -311.58703674 1458.22703716 -2046.58140728
v -78.1540111 1445.87670557 -1965.17748682
v -137.60493631 1443.56273813 -2084.1948182
v 319.59975189 1465.98585381 -1556.99268975
v 476.32152392 1458.00429328 -1547.07643684
v 411.262864 1442.17787442 -1680.23659024
v 570.19163565 1459.3952886 -1670.53335012
v 412.7491083 1468.25111667 -1477.36012546
v 180.23769885 1467.71692682 -1732.81153132
v 270.21107111 1458.07764853 -1768.68494833
v 154.62486964 1455.57495793 -1875.71338567
v 73.69603163 1459.22449053 -1812.15014971
v 298.97995728 1430.26038905 -1892.97828455
v 34.63997089 1457.47583159 -1987.10437163
v 27.65853234 1450.53918578 -2057.66894652
v 377.82696577 1438.60194523 -2042.15394718
v 637.41569009 1467.15176126 -1791.32449075
v 648.62644044 1459.22610257 -1891.62844632
v 535.37857608 1459.74343161 -1904.66640524
v 736.77078308 1444.38919236 -2032.39846971
v 712.48923038 1443.36343446 -1976.97036806
v 366.80573673 1442.43031389 -1782.36317521
v 10.85286213 1467.69140672 -1308.30493212
v -100.31726244 1458.14623585 -1547.89623585
v 41.8626624 1466.74817078 -1520.40051453
v -110.85664178 1468.48473637 -1804.49291508
v 89.28638868 1463.76147851 -1584.29700097
v -18.25038234 1458.87524334 -1790.03930584
v -466.48520931 1460.18332922 1921.80751551
v -442.75374979 1471.44736834 1560.1264842
v -215.0261302 1467.77586951 1304.16712366
v -183.26057804 1459.73570976 2073.29029121
v -313.09294995 1467.50340428 1618.43946681
v -400.36873405 1467.11753621 1692.36354289
v -121.08366469 1466.94298787 1798.79529338
v -523.62584265 1460.93747711 1731.8420639
v -208.53821886 1470.55455631 873.17267757
v -160.60951265 1461.73558868 756.23944794
v 33.50660779 1470.63830713 1312.79235693
v -24.7366426 1465.20751845 1077.87890733
v 103.32055467 1470.27881311 1076.10448767
v 96.3196941 1471.90613214 764.07445868
v 140.36519913 1468.8480286 662.4731384
v 240.68677643 1465.96851638 970.22179124
v 563.75685666 1471.19228538 548.92215553
v 479.98316368 1469.07045555 985.64805031
v 604.23417585 1466.14663286 1099.17490035
v 154.08914465 1460.45691592 1873.79381651
v 130.0933301 1472.06140705 1640.23034099
v 369.0508778 1467.6428384 1582.06504734
v 170.80328027 1464.32996352 1735.09081285
v 325.75336553 1463.5022115 1660.1642924
v 327.468558 1457.45265103 1952.06431674
v 387.3406662 1472.24391342 1437.45664811
v 611.22856603 1468.5552025 1225.32773207
v 548.44695928 1469.20571245 1442.45346724
v 569.77875344 1467.20363819 1601.79990185
v 688.12927847 1454.80606035 1592.36410566
v 685.08185776 1466.34854069 1686.27853451
v 760.64990712 1457.02517973 1566.36996187
v 790.11499891 1456.76529333 1655.20907191
v 737.22700865 1452.42483691 1884.94027539
v 766.11757603 1453.23794853 1963.74654854
v 822.62489777 1459.00125666 1912.78487615
v 809.05971853 1450.44229611 2048.63277713
v 648.35292593 1461.9697549 1934.59933689
v 490.7380207 1471.52992868 1794.28171683
v -188.53139666 1460.57421051 1596.12061371
v 120.14690691 1471.0092826 1537.68248987
v -94.88322568 1469.91662183 1442.73926196
v 58.77866009 1466.54809827 1472.78820544
v -1945.47202422 1461.96976359 -834.62833293
v -1705.5224476 1449.39555533 -1038.03740104
v -1495.92136293 1452.60186332 -795.78795951
v -1651.03366277 1463.24565537 -674.2512706
v -1615.86486312 1426.76274675 -1250.45232195
v -1563.44151702 1445.33074221 -1088.76885256
v -1202.19614833 1455.50812616 -910.17218866
v -1463.38171655 1457.32561963 -1396.72637646
v -1431.00353072 1442.63519136 -1136.70733491
v -1441.1080173 1442.39959521 -1008.83355517
v -1514.41210127 1434.90349826 -1172.3671213
v -1443.84970262 1453.38458044 -679.72991736
v -1355.00570364 1451.45318784 -570.96264829
v -1337.50595635 1439.5243556 -778.97717542
v -1476.41367684 1443.84917863 -903.9454921
v -1240.64621387 1454.10480417 -735.3871528
v -1209.50705437 1449.2455526 -755.22815758
v -1310.66306572 1437.54413216 -892.59045785
v -1308.93184674 1457.89471818 -464.85074235
v -1206.18368503 1459.99018165 -628.2274253
v -1152.87801456 1459.70319668 -481.97211757
v -1028.6571065 1455.60359273 -1382.97139058
v -1175.2860124 1450.19318593 -1380.35370839
v -1117.84740451 1441.67084957 -1177.09357907
v -1241.52515269 1450.65192327 -1483.93866643
v -1296.26758103 1452.86310252 -1406.22028025
v -1064.40711656 1452.6840355 -1616.1437523
v -1110.28541663 1445.73457061 -1718.53498565
v -1158.64417581 1457.23298158 -1581.84223451
v -926.18171642 1450.94392924 -1679.47762065
v -838.08051958 1457.6696411 -1659.92659911
v -987.8481623 1439.69966385 -1759.51289627
v -1022.76857748 1444.02876389 -1869.97712814
v -905.54336307 1461.54952096 -1974.18306589
v -802.53477975 1471.35177156 -1085.87069246
v -776.70581177 1463.24007835 -1357.3866848
v -873.07532549 1448.29817961 -1529.79793547
v -907.77411287 1450.4157318 -1433.40938415
v -871.14534205 1461.40291602 -331.60137183
v -1125.3676494 1460.99702112 -728.00996057
v -1050.41317227 1450.19636522 -524.95960985
v -832.6666491 1468.03841575 -457.23177513
v -1043.45554148 1467.71296708 -754.7928621
v -675.58150664 1459.35751441 -502.11398414
v -577.40968208 1468.45114664 -250.7769523
v -532.14785415 1472.90659295 -541.21512566
v -922.45970428 1464.2329919 -1041.99434444
v -1106.34019183 1459.41377 -918.52601365
v -959.23881238 1452.18233112 -924.49184039
v -1323.19201339 1457.77399001 -1261.43841872
v -1034.35435571 1443.156571 -1019.88636836
v -1003.10155268 1450.00227549 -1118.05574229
v 882.3374784 1458.02469677 1801.67476612
v 978.22438006 1460.10331424 1799.22371212
v 881.81965154 1466.41983835 1704.94454153
v 985.41993218 1461.31828038 1697.09749111
v 1050.36036494 1450.70341505 1756.72908006
v 1112.44093231 1450.1711912 1778.32844258
v 733.07861209 1460.70511017 1433.34139862
v 858.51794222 1464.5170053 1416.07088532
v 783.56810316 1471.88577644 1195.58004387
v 809.18273364 1467.71219357 1339.09188357
v 880.2260041 1462.653725 1254.76436582
v 1083.85559677 1458.32573097 1594.40058739
v 1162.69385782 1460.54057817 1693.06745406
v 1156.17737378 1448.46086597 1576.8797102
v 1211.4206471 1467.69695237 1303.00617263
v 1150.81982024 1463.44133448 1372.39203954
v 1292.97082445 1456.97491003 1439.85529016
v 1085.34253224 1434.28373885 1501.67646623
v 1020.91992437 1437.02165107 1494.06282159
v 1039.85206037 1452.8173062 1672.26533541
v 1007.102668 1452.46183601 1609.60627922
v 819.06995206 1451.15421061 1583.10970541
v 893.45721739 1454.22391601 1523.67842774
v 974.35303016 1438.0214049 1502.46089491
v 1041.37106864 1471.2661588 896.75947596
v 1534.4073467 1453.15973504 1408.97796027
v 1512.17406718 1456.19073993 1339.82598371
v 1334.22460275 1469.11187473 1317.47772488
v 1746.64036446 1464.49140936 1089.41557307
v 1229.8082126 1471.23357426 1129.55292476
v 1198.75034592 1466.24004263 1001.93879037
v 1664.69748192 1455.59858351 818.64958544
v 1875.10276151 1461.4958095 965.27274519
v 1969.0507603 1454.26705384 974.95145202
v -1637.19829377 1460.41362472 280.31626419
v -1531.01604151 1457.84514792 307.1305906
v -1796.51323957 1456.98808065 176.46429667
v -1869.25055304 1459.04764778 -22.34715874
v -1535.96221538 1466.4644104 158.42711487
v -2034.65790882 1452.13638567 -192.92738604
v -1990.38704942 1462.3761337 -517.18137052
v -1586.4044877 1468.65898827 -104.26344231
v -1572.61115838 1464.61638634 -237.42203514
v -1581.34493221 1467.51470139 -444.42125656
v -1401.52180796 1467.03594948 -350.35049416
v -1147.74859815 1463.73041858 22.59763585
v -1052.51557102 1462.65827919 -95.08411384
v -747.72693079 1459.33688138 15.46291377
v -972.71058915 1457.33076803 -347.66084615
v -1251.84637109 1470.03827536 151.99495828
v -2219.58130426 979.99801089 855.69058774
v -2217.16333416 979.99801099 886.52951586
v -2219.74512332 979.99801088 839.73886656
v -2209.03151391 -220.0035603 -672.22420764
v -2208.30325169 -220.00356027 -884.32082632
v -2208.88160624 -220.0035603 -550.42550159
v -2214.16406458 -220.00356053 -267.69152309
v -2213.81909327 -220.00356051 -253.76438382
v -2205.8086235 -220.00356016 -900.53646364
v -2220.96992134 -220.00356083 909.38950138
v -2223.11176745 -220.00356092 900.03195753
v -2223.54609481 -183.53922073 909.38168899
v -2223.11720254 979.99801073 635.94199171
v -2216.34032308 -220.00356062 -15.27370969
v -2218.13694822 -220.0035607 115.63812796
v -2219.13035506 -219.20357295 147.53694698
v -2217.05175824 -220.00356066 -229.68290175
v -2210.68562941 979.99801128 -908.24672954
v -2215.78963266 979.99801105 -893.10128254
v -2216.98712746 979.998011 -550.85402907
v -2218.80889703 979.99801092 -373.01702337
v -2218.71222669 979.99801093 -586.89400702
v -2219.67365297 979.99801089 -598.26027895
v -2225.19168045 992.82790566 305.25052451
v -2224.86697319 979.99801066 297.47220419
v -2224.7744429 979.99801066 320.31143758
v -2217.09526447 979.998011 -155.31783522
v -2220.05278547 979.99801087 -189.01943421
v -2228.06642451 979.99801052 562.36551487
v -2227.01467559 979.99801056 358.84467132
v -2176.10379195 -220.00355887 -956.39828134
v -2184.74759016 -220.00355924 -942.07381808
v -2161.73733756 -220.00355824 -971.94192211
v -2173.69265929 -220.00355876 -959.84432637
v -2200.07718375 -109.35050663 -917.28493801
v -2198.5693717 -104.37197568 -922.59786532
v -2194.3703945 -158.47798593 -917.25875418
v -2195.78006348 -137.71304764 -919.82210861
v -2190.8000821 -163.71324579 -924.79708441
v -2199.08939756 45.54666062 -917.28036042
v -2196.9507268 67.48709421 -920.98702555
v -2196.80936833 43.53683406 -920.84646159
v -2199.08427058 45.0148613 -917.28036042
v -2199.11698541 44.66614838 -917.28048249
v -2197.94535382 23.22868086 -921.97695471
v -1863.94023148 -220.00354522 -1270.71769196
v -1823.03605847 -220.00354343 -1311.94120449
v -2001.75235919 -220.00355124 -1131.82962441
v -2198.21148834 513.91518712 -917.27639317
v -2196.93853921 512.17330485 -920.97500163
v -2195.56109055 349.99697434 -917.26418626
v -2195.78008772 416.66851364 -919.82210861
v -2193.41167537 319.59142634 -922.18807551
v -2202.17560673 675.35702044 -917.29458147
v -2198.8047571 669.50381014 -922.83193514
v -2201.89508647 614.16366108 -917.29323871
v -2198.51593434 568.97658847 -922.54458163
v -1633.81658455 -220.00353516 -1506.44499694
v -1796.29143072 -220.00354226 -1338.30387656
v -2035.71615554 979.99801893 -1103.82718152
v -2094.87606497 979.99801634 -1042.57522581
v -1941.10934817 979.99802306 -1198.73709777
v -2195.94607552 -220.00355973 -919.98751388
v -2195.78006011 -214.80475296 -919.82210861
v -2197.32278438 -220.00355979 -917.27230385
v -1296.20087618 -220.0035204 -1833.16339549
v -1175.653274 -220.00351513 -1953.15265857
v -1369.18183025 -220.00352359 -1765.55474972
v -1012.12984361 -220.00350799 -2115.75850068
v -1286.76477248 979.99805166 -1857.6588793
v -1237.48132718 979.99805382 -1902.68146446
v -1204.95898963 979.99805524 -1932.80695417
v -1140.39820126 979.99805806 -1993.33600972
v -1570.4950541 -220.00353239 -1569.31401827
v -1527.91808186 979.99804112 -1607.59673497
v -1624.59654471 979.9980369 -1517.35686258
v -1457.72699257 -220.00352746 -1680.96954077
v -936.29628981 -220.00350467 -2191.95015439
v -1472.15722021 979.99804356 -1667.33160069
v -2201.89871861 -71.51436322 -917.29323871
v -2199.66654104 -74.16748507 -923.68966215
v -2197.90628937 -21.17628168 -921.93813635
v -2199.05838932 -8.81307582 -917.28029938
v -2197.94535382 23.22886587 -921.97695471
v -2199.0781655 9.21092053 -917.28029938
v -2199.05838932 -8.81304721 -917.28017731
v -2199.0781655 9.21087285 -917.28029938
v -2197.90628937 -21.1761577 -921.93801428
v -2199.08939756 45.54613419 -917.28029938
v -2195.78007909 219.23508774 -919.82210861
v -2199.83528163 833.99599759 -917.28383939
v -2198.11897186 802.31893468 -922.14944005
v -2200.53059238 793.99691309 -917.28707422
v -2197.8028109 828.8840592 -921.83486487
v -2207.14583489 979.99801143 -917.31740841
v -2199.21394548 867.94411774 -923.23934479
v -2203.26253454 979.9980116 -927.26809217
v -2202.10115772 979.99801165 -930.24416644
v 2275.10547713 -220.0033643 -28.19904163
v 2276.70581493 -220.00336423 -119.663483
v 2268.03190927 979.99820705 -693.62119289
v 2280.0182436 979.99820757 -551.47202349
v 2266.2372307 979.99820697 -712.58945453
v 2268.8243812 979.99820708 -888.8235855
v 2268.37785055 979.99820706 -830.55161283
v 2268.56730092 979.99820707 -893.42606352
v 2266.24870165 979.99820697 -796.36576068
v 2243.42131649 671.15335734 -935.38065226
v 2256.3549072 764.81888525 -911.48642675
v 2253.58660195 643.47086267 -911.4674447
v 2259.37786793 501.30353504 -911.50723987
v 2282.39182295 -220.00336398 -740.46518766
v 2283.74193019 -220.00336392 -521.2872092
v 2281.61130014 -220.00336401 -860.24076135
v 2276.9069537 -220.00336422 -877.11832462
v 2266.81685773 -69.5463563 -911.5584487
v 2266.90963241 -97.99377451 -911.55899802
v 2264.92794829 -220.00336474 -911.54538709
v 2266.49288037 -6.67387544 -911.55612934
v 2279.50952283 -220.0033641 -189.2034993
v 2282.78173429 -220.00336396 -311.23252166
v 2282.534169 -220.00336397 -464.47452604
v 2276.09501982 -220.00336425 903.66353576
v 2271.37602637 -220.00336446 919.35451497
v 2266.24907051 -143.30179608 933.51192486
v 2266.89262855 -220.00336466 933.50868997
v 2276.26371998 -220.00336425 880.47133605
v 2277.56985593 -220.00336419 505.44210015
v 2275.34793953 -220.00336429 675.32631656
v 2278.04080162 -220.00336417 469.43349417
v 2277.07523933 -220.00336421 786.95088924
v 2279.57863778 -220.0033641 340.54625656
v 2263.93070941 -103.98136161 933.52333854
v 2257.83134277 -54.4957471 950.80385639
v 2262.47318791 -58.91106443 933.53060179
v 2264.5896408 -8.85112114 933.52010365
v 2264.5896408 -8.85121365 933.52010365
v 2268.0073553 222.35158534 933.50313573
v 2268.0686165 636.53702541 933.50283055
v 2267.91700497 641.11905665 933.50362401
v 2267.97315763 635.02890773 934.80129247
v 2249.62965027 698.27249824 963.63820733
v 2259.46558522 726.59574085 933.54555553
v 2249.49732596 700.18637763 963.50374689
v 2268.2089976 631.03794094 933.50222019
v 2268.64210449 598.49546049 933.5000229
v 2261.52393309 766.3095471 933.53536257
v 2249.53150561 701.04038153 963.53847589
v 2266.1005891 861.05490862 933.51259626
v 2249.62256996 703.49057685 963.63088311
v 2275.93431693 979.99820739 768.50197571
v 2273.60863766 979.99820729 867.44472484
v 2266.21801394 979.99820697 896.83742535
v 2264.65551992 879.91141491 933.5198595
v 2260.41137492 979.99820672 933.54091682
v 2271.84225966 979.99820722 396.67128741
v 2274.1188794 979.99820732 589.21108224
v 2272.03488467 979.99820722 352.33522783
v 2275.23484738 979.99820736 616.2439191
v 2278.22920669 979.99820749 33.85264929
v 2274.78438639 979.99820734 123.56553625
v 2275.02998257 979.99820735 -88.88679531
v 2278.28484724 979.9982075 -504.00061839
v 2273.02459801 979.99820727 -397.10489672
v 2271.37055469 979.99820719 -181.75112162
v 2270.47796905 979.99820716 -353.65827185
v 2267.54318237 979.99820703 281.8152085
v 2268.11715383 979.99820705 209.66562657
v 2266.94039668 979.998207 224.86219034
v 2275.09645085 -220.0033643 130.11579106
v 2275.11915435 -220.0033643 93.88185093
v 989.90751477 979.99815118 -2200.79911554
v 963.95066596 979.99815005 -2216.1206476
v 1012.03306503 979.99815215 -2179.31449736
v 941.88926408 979.99814908 -2227.88016812
v 942.07494667 667.50236052 -2228.0686447
v 1119.00658036 979.99815682 -2074.38652352
v 1109.3655192 -220.00341525 -2081.89604459
v 1366.57378231 -220.00340401 -1826.60296501
v 929.09588933 488.16276034 -2233.62723788
v 941.18945621 494.86579431 -2227.17069544
v 939.98602677 479.20966633 -2225.95096882
v 941.41363775 508.2105514 -2227.39823451
v 942.00940033 543.67801969 -2228.0019943
v 940.53778571 453.02100669 -2226.51029502
v 940.60083982 343.21659385 -2226.57425986
v 926.60901538 407.1691384 -2234.66068503
v 939.51351565 -47.7023744 -2225.4719649
v 926.61922868 -58.23264077 -2232.62040183
v 941.72696089 -171.3347977 -2227.71561734
v 941.59439467 -220.00342259 -2227.58133999
v 973.5871322 -220.00342119 -2211.14017928
v 926.61483499 -78.20718148 -2233.49613425
v 940.84817339 -94.4681977 -2226.82474816
v 926.61391964 -82.51961282 -2233.68534324
v 926.61001534 -127.92789224 -2234.47123191
v 984.18015014 -220.00342073 -2202.89970122
v 2243.86251172 -97.50723377 -946.5062016
v 2243.4599292 -220.00336568 -946.09982951
v 2224.25240855 -220.00336652 -971.72568316
v 1698.91205389 -220.00338948 -1489.32258403
v 1692.90289836 -220.00338975 -1495.24323806
v 1480.2056232 -220.00339904 -1713.3392981
v 2242.29341604 -7.19458268 -944.9214237
v 2244.91424932 363.76547899 -947.56821336
v 2245.02606567 365.21784105 -947.46481981
v 2251.31440068 264.47183913 -935.32059401
v 2242.58320173 203.81555823 -945.21420935
v 2263.66327912 254.35588813 -911.53672004
v 2262.90791147 175.50672123 -911.53153202
v 2263.66352326 254.37487007 -911.53672004
v 2266.49288037 -6.67406046 -911.55612934
v 2263.40644153 292.12183356 -911.53488898
v 2263.35932031 339.57862066 -911.5345838
v 2244.91791136 365.28238573 -947.57205858
v 2244.91888793 365.21527757 -947.57309618
v 2238.15373814 670.96250018 -940.74094256
v 2243.50701997 429.03934367 -946.14713176
v 2244.82120769 922.78928269 -938.72812547
v 2259.11051414 954.33396105 -911.50534777
v 2256.63005268 787.57401221 -911.48831886
v 2258.93155794 979.99820665 -911.5041881
v 2222.67423131 979.99820507 -966.73477733
v 2232.68180036 979.9982055 -950.98074945
v 2240.96671515 926.00907012 -943.58176299
v 2239.46891012 979.9982058 -942.06912865
v 1525.46704782 979.99817459 -1657.01581375
v 1618.65552842 979.99817866 -1564.56012935
v 1999.03921191 979.99819529 -1187.16634715
v 2160.58633794 979.99820235 -1029.46152022
v 2239.16398964 725.15262473 -941.76108421
v 1298.16076304 979.99816465 -1894.19256163
v -892.6638449 -220.00350276 -2223.61128911
v -863.29647464 -220.00350148 -2231.49800914
v -835.65304227 -220.00350027 -2237.09176035
v -255.71343679 -220.00347492 -2242.45946148
v -853.49818755 979.9980706 -2238.36812675
v -896.96333597 979.9980687 -2226.80464829
v -842.12037999 979.9980711 -2239.53878155
v -221.87424917 -220.00347344 -2242.54906257
v -91.01213524 -220.00346772 -2242.89623626
v 171.63009967 -220.00345624 -2240.60157
v 890.15054662 -220.00342484 -2236.58036118
v 926.61789297 -220.00342324 -2232.87015769
v 926.62631438 -185.25174477 -2231.18046043
v 425.81347987 -220.00344513 -2238.75368072
v 867.35489218 -220.00342583 -2239.83402229
v 926.61066038 474.9290261 -2234.34183738
v 926.61023269 485.02448508 -2234.41605613
v 926.61682177 548.6127114 -2233.07621238
v 941.86370904 552.25986783 -2227.85428922
v 926.61035448 491.58381126 -2234.38627097
v 941.63708509 561.97452846 -2227.62455288
v 926.62762209 617.15708396 -2230.91630027
v 926.6130402 488.09311912 -2233.85233543
v 926.62407877 691.57218406 -2231.6160073
v 941.71539276 571.95633999 -2227.70389859
v 926.6174743 979.99814841 -2232.95951316
v 904.62803317 979.99814745 -2237.8489165
v 895.17625086 979.99814704 -2239.69950202
v 734.61857267 979.99814002 -2238.94656531
v 417.04603232 979.99812614 -2240.49391471
v -473.63618828 979.99808721 -2243.82615117
v -692.46425208 979.99807764 -2239.96701075
v 33.04540805 1027.10742332 -2250.03125144
v -777.2796207 979.99807393 -2239.33980977
v -179.15600964 979.99810008 -2248.11278514
v -43.46810528 979.99810601 -2248.25073052
v 70.0103493 979.99811097 -2248.36645814
v 926.62680196 -169.11418679 -2231.09061668
v 229.28681587 979.99811793 -2243.7504983
v -753.98421054 979.99807495 -2239.20846314
v -2199.07917511 759.42782136 -923.10506745
v -2200.25812746 695.83364406 -924.27834621
v -2203.42707222 690.32918835 -917.30031872
v -2201.38947793 767.27279196 -917.29085836
v -2175.29598373 979.99801282 -971.32815199
v -2188.42293617 979.99801225 -955.63375444
v -2167.46395269 979.99801317 -976.08950487
v -925.35763042 -220.00350419 -2198.36568221
v -905.95028244 -220.00350335 -2213.35176704
v -904.50991744 -135.17836901 -2211.91280226
v -891.45736886 -82.07029043 -2220.39473642
v -896.85622758 -220.00350295 -2220.37398423
v -905.06313869 -167.75978993 -2212.46553661
v -896.04061481 -220.00350291 -2221.00362294
v -905.80899554 -2.82479383 -2213.21089791
v -900.51206283 66.01494477 -2220.36006806
v -891.87253067 -66.53225792 -2220.39302742
v -908.06723899 79.4995178 -2215.46651304
v -907.98380995 217.22339476 -2215.38301695
v -900.23472689 244.60636019 -2220.36104463
v -907.86241298 262.2438568 -2215.26167907
v -900.23051549 245.21549105 -2220.36104463
v -906.22758916 328.84242865 -2213.6286225
v -893.62517311 343.58315186 -2220.38619141
v -910.23931351 452.93474415 -2217.63619068
v -907.26214194 479.45384828 -2220.33394472
v -911.7167969 574.02675458 -2219.11177655
v -910.14251733 577.77370289 -2220.32295826
v -914.59808875 692.54018219 -2220.30586822
v -913.55469457 733.41261876 -2220.94771397
v -913.56042995 689.46193516 -2220.95357335
v -914.58393041 734.09596832 -2220.30586823
v -912.91858247 649.27834144 -2220.3124601
v -912.91871095 796.13582435 -2220.31221595
v -912.88495866 799.46169105 -2220.27876869
v -912.82502214 799.62337319 -2220.31270424
v -911.83314316 877.22554608 -2219.22798749
v -909.59083426 891.34944755 -2220.32515555
v -910.32118357 954.0877898 -2217.71773365
v -906.51442104 955.42342229 -2220.33687444
v -910.67415113 979.9980681 -2220.53609301
v -910.84968824 979.9980681 -2220.45601487
v -912.19307199 979.99806804 -2219.58760661
v -954.23738232 979.9980662 -2192.41353251
v -911.0605647 979.99806809 -2220.31954025
v -1065.14344446 979.99806135 -2083.50288313
v -1094.69813057 979.99806006 -2051.79047949
v -1031.91993538 979.9980628 -2121.66450567
v -996.24311801 979.99806436 -2155.49263223
v -1919.02853871 979.99802403 -1223.66092686
v -1880.35263714 979.99802572 -1263.78031331
v -1657.26963918 979.99803547 -1489.25627521
v -1668.05064464 979.998035 -1479.98405795
v -1734.15440155 979.99803211 -1414.69242908
v -1790.37375926 979.99802965 -1354.19267076
v -1779.03184079 979.99803015 -1365.13432165
v -891.87253067 -66.53255546 -2220.39302742
v -891.45749093 -82.07060324 -2220.39473642
v -905.80899554 -2.82493736 -2213.21089791
v -1322.98315481 979.99805008 -1824.39642655
v -1388.95300053 979.9980472 -1757.75286897
v -2224.74849109 -80.61455342 927.48892781
v -2235.12788756 -54.49466176 909.34665532
v -2221.58613569 -126.87298377 924.3559931
v -2224.83344936 -159.83905599 909.3777828
v -2225.59298805 -220.00356103 455.41724206
v -2228.74801137 -220.00356117 592.36417213
v -2225.88937504 -220.00356104 449.33780482
v -2232.10030547 -220.00356131 611.14578849
v -2217.86910916 199.70072398 919.64743581
v -2223.90011749 246.00464827 909.38065141
v -2220.11837703 196.17847656 909.39206482
v -2219.29588021 505.20028141 922.086889
v -2223.37058974 549.46987352 909.3822383
v -2226.20871492 330.30559727 909.3736935
v -2220.63107909 364.55816099 923.40982607
v -2226.78099499 680.72854036 929.50217253
v -2232.53831935 664.02590339 909.3544677
v -2225.34886512 657.35006142 928.08371544
v -2223.77464285 558.23604782 909.38101761
v -2231.58639154 126.04427501 909.35733632
v -2226.11203138 -220.00356105 447.15500453
v -2226.10251014 -220.00356105 441.59073451
v -2226.42599713 -219.80354886 426.80756192
v -2226.57421643 869.86544222 922.94608121
v -2231.49364882 828.81325695 909.35764149
v -2226.10399659 761.4052982 928.83176235
v -2233.33812512 688.71346439 909.35202633
v -2226.87157131 684.40572541 929.59232146
v -2230.66625673 839.99569107 909.36014389
v -2230.246824 859.65242937 909.36148665
v -2208.0844746 979.99801139 935.60580941
v -2216.84961288 979.99801101 899.78610764
v -2214.49487613 979.99801111 909.40915442
v -2222.78320168 892.44680225 925.54178417
v -2220.88232531 934.32949277 909.38980655
v -2217.38134854 940.46828686 920.19022144
v -2210.03930893 979.99801131 927.61679582
v -2217.13183951 979.998011 898.1839348
v -2220.58982722 -219.20357302 158.88362673
v -2222.95090865 -219.00356091 217.64951123
v -2226.6352265 -220.00356107 406.88065153
v -2234.52803598 -220.00356142 699.53873293
v -2234.95601351 -220.00356144 721.92557377
v -2231.83930836 -220.0035613 857.71616201
v -2234.21626664 -220.00356141 739.83225098
v -2220.30867257 979.99801086 -823.18294738
v -2223.61506737 979.99801071 -784.61574753
v -2221.53156385 979.9980108 -614.74672907
v -2222.2906022 979.99801077 -732.43166556
v -2223.77176822 979.99801071 71.66585343
v -2226.46878744 979.99801059 123.37824063
v -2218.72221191 979.99801093 -25.14966612
v -2217.68217479 979.99801097 -69.71406017
v -2228.02004229 979.99801052 459.25397312
v -2225.28909298 979.99801064 282.69000816
v -2228.81033645 979.99801049 208.68684974
v -2218.20683406 979.99801095 -94.04878457
v -2223.76665763 979.99801071 -302.67827804
v -930.86605319 17.2099336 2229.83353678
v -939.0106443 -14.40953545 2225.10746292
v -939.95588673 -220.00350483 2226.04740437
v -977.78627104 -220.00350649 2203.01176149
v -983.70533862 -220.00350674 2198.54789456
v -938.08706202 23.77940846 2224.18876171
v -939.01070533 -14.40964703 2225.10746292
v -939.10903584 51.33047958 2225.20536332
v -939.29184109 165.03331466 2225.38700395
v -926.50140082 766.48726419 2231.18412253
v -938.82574215 771.84462449 2224.92338088
v -926.50175535 499.61134866 2231.49173972
v -964.67096677 979.99806574 2209.36869451
v -945.60388865 979.99806658 2220.54227766
v -938.41034285 908.23500537 2224.51029493
v -938.22357155 822.73891163 2224.32474804
v -926.50127976 789.42934183 2231.07914206
v -926.5012181 775.19411233 2231.0300698
v -919.89777235 979.9980677 2233.74320427
v -926.50043363 979.99806741 2230.35257956
v -938.22882744 979.9980669 2224.329875
v -938.40240389 807.62733935 2224.50248243
v -1343.03042808 -220.00352245 1827.5099464
v -1476.81546837 -220.0035283 1687.77411241
v -1122.45424613 -220.00351281 2057.89751
v -1104.47157931 -220.00351202 2076.34819281
v -2223.63935703 -171.99175064 909.38150589
v -2214.80610314 -202.85968544 922.79501869
v -2214.41303597 -220.00356054 923.19260168
v -2209.90034035 -220.00356034 930.24484757
v -1914.38897413 -220.00354743 1243.0398786
v -2039.2811915 -220.00355288 1118.37130496
v -2226.26217044 91.84147068 928.9884396
v -2236.2875617 86.69723654 909.34317636
v -2226.12618293 64.72628209 928.85391811
v -2225.86348534 12.24833296 928.59342005
v -2235.28316136 -46.11678548 909.34622808
v -2234.95601919 97.18117672 909.34714359
v -2222.8564106 131.38504993 925.61453808
v -2217.51144312 199.89373242 920.31937183
v -2217.67159965 206.56444774 920.47775807
v -2217.63621409 545.71816478 920.44284596
v -2223.18919338 552.3507329 909.38284864
v -2223.75047292 557.99147995 909.38107865
v -2224.27001713 872.05239301 927.01474566
v -2188.9440922 979.99801223 970.7294658
v -2204.03955237 979.99801157 943.57632925
v -2008.6044841 979.99802011 1165.03109366
v -1986.87975171 979.99802106 1186.68453509
v -2025.15795166 979.99801939 1147.59579165
v -1295.74300277 979.99805127 1877.26275195
v -2183.99164696 -220.00355921 975.46799097
v -2198.13105205 -220.00355983 957.44076991
v -2219.1537612 -162.29211971 921.94626399
v -2217.38129921 -188.10283435 920.19022144
v -1400.5450093 979.99804669 1772.54547138
v -7.48669719 -220.00346407 2256.43701205
v -182.90547045 -220.00347174 2254.44849432
v -275.60691703 -220.00347579 2253.39771713
v 659.29949398 979.99813673 2249.68502977
v 772.4279731 979.99814167 2252.36300335
v 293.7000981 979.99812075 2246.78221372
v 915.30968677 979.99814792 2247.96480374
v 882.6285957 979.99814649 2253.32759814
v 934.33527223 695.25437434 2231.42574041
v 918.49316953 714.61673937 2236.07124891
v 918.49506337 677.37424669 2238.84566298
v 934.96283625 683.42820249 2232.0658771
v 918.49781241 625.03330431 2242.74507704
v 918.49341296 731.29184923 2236.49141493
v 937.78423932 870.74729441 2234.94380666
v 918.49536149 839.10422716 2239.20845595
v 937.82678047 878.8182783 2234.98750783
v 918.49554223 893.56254015 2239.56734266
v 945.57805813 979.99814924 2242.8937575
v 918.50103196 979.99814806 2247.43013563
v 948.76018702 979.99814938 2242.36055423
v 943.12958934 576.35764621 2240.39644315
v 918.50147704 572.55698595 2248.00093641
v 942.93928196 570.80350801 2240.20235136
v 918.49983117 522.73661241 2245.72066298
v 940.33943772 355.92045126 2237.55025187
v 918.49861542 407.79252062 2243.94624891
v 918.50100126 285.94846544 2247.31563368
v 940.68971926 338.46152794 2237.90767372
v 942.29122303 287.41318816 2239.54121858
v 918.50234619 238.6407567 2249.31050673
v 944.06203856 230.9724076 2241.34737084
v 918.49983126 520.66446886 2245.68868055
v 902.17924645 -220.00342431 2256.77193322
v 651.86473232 -220.00343525 2257.61837971
v 933.30258363 95.45212057 2231.99263499
v 918.49386733 111.41729936 2237.0495204
v 918.49582488 13.02089224 2239.88594618
v 942.83132624 216.59986421 2240.0919998
v 918.49844194 187.29021654 2243.60298719
v 911.18797441 -220.00342392 2255.23457931
v 941.09916356 -129.45233618 2238.32515418
v 918.49802581 -67.72576704 2243.04195204
v 918.50462468 -220.0034236 2252.46993055
v 942.12931599 -152.70499117 2239.37593538
v 955.84526126 -220.00342196 2238.17500705
v 945.02323996 -220.00342244 2242.32808369
v -901.48799075 -220.00350315 2236.81083042
v -926.49995394 -220.00350424 2229.9946694
v -926.50106171 -10.06618353 2230.90482565
v -897.61592039 -220.00350298 2238.04618181
v -820.60639882 -220.00349961 2239.88211595
v -926.50148999 13.91346315 2231.29642722
v -926.50118415 -1.59587082 2231.04300925
v -926.50118415 -1.59595415 2231.04300925
v -926.50100068 -10.06640956 2230.90482565
v -926.50118593 39.21904519 2230.97025534
v -926.50155102 13.91350606 2231.29642722
v -926.50175535 499.60970071 2231.49173972
v -878.39118007 979.99806951 2244.74735285
v -869.63544269 979.9980699 2246.43778215
v -18.84955205 979.99810709 2247.69482504
v 87.03923234 979.99811171 2247.38549424
v -472.44067942 979.99808726 2248.44313589
v 1749.69990314 -220.00338726 1473.76335125
v 1726.55378583 -220.00338828 1493.30192648
v 2197.73779454 979.99820398 1016.031276
v 2120.0063527 979.99820058 1095.47695811
v 2039.98450549 979.99819708 1172.58413935
v 2230.40185554 979.9982054 981.67257096
v 2245.59814364 979.99820607 959.54152782
v 2248.2731971 876.73227601 962.26003356
v 2268.73195432 459.2345352 933.49959565
v 2252.40432029 430.85526203 966.45784832
v 2268.78713384 373.73062896 933.49935151
v 2252.37453207 500.94504474 966.42739178
v 2251.69388019 221.39365311 965.73561935
v 2249.36503441 -47.27567759 963.36934748
v 2252.09695119 340.26822588 966.14553144
v 2251.83134576 -107.72693709 965.87551192
v 2252.36235476 -179.1542442 966.41494061
v 2252.47710265 -220.00336529 966.53157879
v 2247.32768889 -220.00336551 973.54433536
v 1659.404863 -220.00339121 1560.92631907
v 1542.56600064 -220.00339632 1671.21477632
v 1880.34503919 -220.00338155 1346.8111971
v 2225.39092254 -220.00336647 1001.57448769
v 2002.67804181 -220.00337621 1227.97537633
v 993.21787949 -220.00342033 2206.14351127
v 975.3868255 -220.00342111 2222.21626596
v 1058.39793032 -220.00341748 2140.299026
v 1142.21872738 -220.00341382 2055.24433484
v 1321.0436711 -220.003406 1884.62103601
v 1214.84714253 -220.00341064 1990.606026
v 1485.62886881 -220.00339881 1716.08843604
v 1489.97005513 -220.00339862 1711.36187335
v 1505.23226165 -220.00339795 1699.71209241
v 1334.07528675 -220.00340543 1871.81488309
v 933.5258564 -47.26308938 2230.60030099
v 918.49546112 -43.54992094 2239.38594618
v 933.8301753 7.85738878 2230.91060371
v 918.49576384 13.02064905 2239.88619032
v 934.29318435 91.72284205 2231.3830158
v 933.8301753 7.85745506 2230.91060371
v 934.45224174 97.10212215 2231.54512517
v 935.70602532 111.98531617 2232.82417785
v 935.70602532 111.98575867 2232.82417785
v 938.00198342 145.69500255 2235.16597462
v 934.22287172 94.55681879 2231.31123846
v 1004.35070075 979.99815181 2210.21846196
v 996.54747832 979.99815147 2215.54243691
v 1007.03447748 979.99815193 2207.36592278
v 1365.93631689 979.99816762 1840.11981334
v 1273.40702401 979.99816357 1931.41266406
v 1421.96426858 979.99817007 1784.85955698
v 1119.51494124 979.99815685 2093.26557606
v 1191.01139785 979.99815997 2016.52680341
v 1673.34487331 979.99818105 1544.54350596
v 1641.83559733 979.99817968 1575.65568995
v 2024.17884226 979.99819639 1191.59671328
v 2014.13233398 979.99819595 1203.38492173
v 1993.83375099 979.99819506 1226.01627027
v 1861.26381035 979.99818927 1355.29752606
v 1745.31276563 979.9981842 1471.59306336
v 1705.63637591 979.99818247 1514.70915396
v 1792.82777786 979.99818628 1416.25407202
v 1820.50026213 979.99818749 1391.65604835
v 1187.61240241 -220.00341183 2015.61213071
v 1554.27639667 979.99817585 1654.50701214
v 1516.76931811 979.99817421 1689.25603722
v 1468.55594119 979.9981721 1734.57781667
v 1501.15628164 979.99817353 1703.93267364
vn -0.02448 -0.02619 -0.99936
vn -0.51017 0.12353 -0.85115
vn -0.00915 -0.00139 -0.99996
vn -0.60871 -0.03514 -0.79262
vn -0.89064 0.0798 -0.44766
vn 0.0197 -0.02701 -0.99944
vn -0.04848 -0.02896 -0.9984
vn 0.01961 -0.01833 -0.99964
vn -0.05655 -0.03498 -0.99779
vn -0.47292 -0.0143 -0.88099
vn -0.82669 -0.01404 -0.56248
vn 0.01065 -0.00808 -0.99991
vn 0.03568 -0.01729 -0.99921
vn -0.49668 0.00992 -0.86788
vn -0.06738 0.04463 -0.99673
vn 0.0167 0.02342 -0.99959
vn -0.90816 0.01379 -0.41839
vn -0.48554 0.05261 -0.87263
vn 0.01948 0.00166 -0.99981
vn 0.05057 0.02054 -0.99851
vn -0.03046 0.04063 -0.99871
vn -0.01792 -0.02577 -0.99951
vn -0.0078 -0.01257 -0.99989
vn -0.01058 -0.01493 -0.99983
vn -0.00797 -0.01306 -0.99988
vn 0.0111 0.00422 -0.99993
vn 0.03811 0.00987 -0.99922
vn 0.03944 -0.00035 -0.99922
vn 0.01018 -0.00579 -0.99993
vn 0.00433 -0.02875 -0.99958
vn 0.03091 -0.01473 -0.99941
vn -0.8284 -0.01299 -0.55999
vn -0.58141 -0.02525 -0.81322
vn -0.23587 0.07439 -0.96893
vn 0.0484 0.03207 -0.99831
vn -0.14548 -0.12247 -0.98175
vn -0.57149 -0.03123 -0.82002
vn 0.03533 -0.02612 -0.99903
vn -0.09171 -0.11674 -0.98892
vn -0.86862 0.00033 -0.49547
vn 0.01835 -0.02857 -0.99942
vn -0.09052 -0.00617 -0.99588
vn 0.0389 0.01041 -0.99919
vn -0.75015 0.01067 -0.66119
vn -0.19287 0.04189 -0.98033
vn -0.53859 -0.0681 -0.83981
vn -0.85358 -0.01253 -0.52082
vn -0.55787 0.01871 -0.82972
vn -0.26475 -0.03466 -0.96369
vn 0.03008 -0.05157 -0.99822
vn -0.0245 0.02067 -0.99949
vn 0.01755 0.00518 -0.99983
vn -0.32617 0.05634 -0.94363
vn -0.78705 -0.05524 -0.61442
vn -0.33814 0.0256 -0.94075
vn -0.09106 0.08166 -0.99249
vn -0.00223 0.06474 -0.9979
vn 0.05442 -0.01336 -0.99843
vn -0.0117 0.04397 -0.99896
vn 0.00946 0.00876 -0.99992
vn 0.01248 0.03513 -0.9993
vn 0.01395 -0.00352 -0.9999
vn 0.03675 0.03383 -0.99875
vn -0.00855 0.04583 -0.99891
vn -0.01155 0.05094 -0.99864
vn 0.02758 0.03765 -0.99891
vn 0.0055 0.00746 -0.99996
vn -0.00589 0.00536 -0.99997
vn -0.00035 -0.00022 -1
vn -0.00183 0.00227 -1
vn -0.00083 -0.02746 -0.99962
vn -0.00137 0.00044 -1
vn -0.01407 0.00333 -0.9999
vn 0.00359 -0.00201 -0.99999
vn -0.0021 -0.00565 -0.99998
vn 0.00129 -0.00116 -1
vn 0.00584 -0.0133 -0.99989
vn 0.00072 0.00798 -0.99997
vn 0.00407 0.00219 -0.99999
vn 0.00461 -0.0055 -0.99997
vn -0.00582 0.00661 -0.99996
vn 0.02379 0.01159 -0.99965
vn -0.00312 -0.00652 -0.99997
vn 0.00019 -0.01274 -0.99992
vn 0.04274 0.01273 -0.999
vn -0.01705 -0.0096 -0.99981
vn -0.01322 -0.63525 -0.77219
vn -0.10582 -0.90112 -0.42045
vn -0.20344 -0.58194 -0.78737
vn 7E-05 -0.8831 -0.46919
vn 0.01826 -0.9494 -0.31354
vn -0.03741 -0.99525 -0.08988
vn -0.01099 -0.72623 -0.68736
vn 0.04177 -0.99132 -0.12469
vn -0.01548 -0.99899 -0.04214
vn -0.00084 -0.99985 -0.01733
vn -0.02494 -0.99969 0.00163
vn -0.00954 -0.99935 -0.03477
vn 0.01143 -0.99983 -0.01445
vn 0.00604 -0.99986 -0.01537
vn 0.0055 -0.99857 -0.05316
vn -0.03814 -0.91157 -0.40937
vn -0.00309 -0.81697 -0.57667
vn -0.0119 -0.97701 -0.21284
vn -0.01728 -0.97106 -0.2382
vn -0.05988 -0.99795 -0.02272
vn -0.00079 -1 0.00268
vn 0.00539 -0.99998 0.002
vn -0.00481 -0.99997 0.00595
vn -0.00104 -0.99997 0.00746
vn -0.00439 -0.99996 0.00784
vn 0.00142 -0.99996 -0.00913
vn -0.00229 -0.99999 -0.00432
vn 0.00575 -0.99998 0.00173
vn -0.00961 -0.99985 -0.01457
vn -0.00337 -0.99994 0.01018
vn 0.00674 -0.99984 -0.01668
vn 0.02068 -0.98798 -0.15321
vn 0.02697 -0.99871 -0.04304
vn 0.01801 -0.99944 -0.02811
vn 0.03282 -0.99832 -0.04771
vn 0.02599 -0.87633 -0.48102
vn 0.05199 -0.67979 -0.73156
vn 0.0091 -0.99983 -0.01616
vn -0.01986 -0.99974 0.01121
vn 0.01688 -0.99936 -0.03145
vn 0.01554 -0.99951 -0.02729
vn 0.01191 -0.76313 -0.64614
vn 0.01415 -0.94174 -0.33604
vn 0.05418 -0.9972 -0.05151
vn -0.05224 -0.72968 -0.68179
vn 0.36303 -0.93108 0.03612
vn 0.10455 -0.99192 0.07187
vn 0.32808 -0.93719 0.1185
vn 0.38034 -0.92196 0.07306
vn 0.1244 -0.99217 -0.01109
vn 0.36175 -0.93219 -0.01245
vn 0.01732 -0.98631 0.16397
vn 0.01841 -0.99086 0.13362
vn -0.05246 -0.99117 0.12176
vn 0.05621 -0.99723 -0.04871
vn -0.01513 -0.99916 0.03804
vn 0.02917 -0.99614 -0.08277
vn 0.05093 -0.99838 -0.0253
vn 0.08132 -0.94242 -0.3244
vn 0.07541 -0.9935 -0.08523
vn -0.11105 -0.99001 -0.08685
vn 0.01336 -0.99854 -0.05235
vn -0.01664 -0.95343 -0.30115
vn -0.00132 -0.82045 -0.57171
vn -0.01447 -0.99831 -0.05632
vn -0.13254 -0.98881 -0.06851
vn -0.02256 -0.99958 -0.0183
vn 0.00926 -0.99915 -0.04021
vn 0.01053 -0.99971 -0.0215
vn -0.00613 -0.90612 -0.42297
vn 0.00089 -0.65018 -0.75978
vn 0.06584 -0.99774 -0.01356
vn 0.02868 -0.99039 -0.13532
vn -0.09174 -0.98597 -0.13945
vn 0.05234 -0.96201 -0.26795
vn 0.04296 -0.99902 -0.01028
vn 0.01109 -0.99992 -0.00596
vn 0.0391 -0.99845 0.03973
vn -0.01854 -0.99969 0.01649
vn -0.01203 -0.99678 0.07931
vn 0.09711 -0.98726 -0.12601
vn 0.01922 -0.99878 -0.04552
vn -0.01099 -0.99959 0.02644
vn 0.0121 -0.99187 0.12668
vn 0.08262 -0.98319 -0.16281
vn 0.07913 -0.97772 -0.19444
vn 0.4519 -0.89207 -0.00037
vn 0.07274 -0.99704 -0.02471
vn 0.03575 -0.99933 -0.00752
vn 0.18288 -0.98312 0.0059
vn -0.00286 -0.99995 0.00913
vn 0.0092 -0.99978 -0.01901
vn 0.1232 -0.98977 -0.07201
vn 0.41647 -0.90869 -0.02907
vn 0.0208 -0.99829 0.05471
vn 0.02133 -0.99976 -0.00566
vn 0.15124 -0.97504 -0.16257
vn 0.12884 -0.99165 0.00526
vn 0.14101 -0.98996 0.00952
vn 0.43571 -0.89541 -0.09169
vn 0.16873 -0.98266 0.07685
vn -0.03272 -0.98677 0.15879
vn -0.03217 -0.99516 0.09287
vn 0.04918 -0.89338 -0.44661
vn 0.02795 -0.96511 -0.26035
vn 0.05499 -0.99409 -0.09358
vn -0.04157 -0.99483 -0.09267
vn 0.04083 -0.9988 -0.02695
vn -0.09338 -0.98414 -0.15084
vn -0.00428 -0.99904 -0.0437
vn 0.01468 -0.85153 -0.5241
vn 0.00246 -0.99372 -0.11191
vn 0.1502 -0.98525 0.08194
vn 0.04747 -0.99732 0.05573
vn 0.05379 -0.99766 0.04217
vn 0.10457 -0.99376 -0.03888
vn 0.29812 -0.9448 -0.13593
vn 0.02176 -0.99652 -0.08044
vn 0.16343 -0.98357 0.07665
vn 0.53469 -0.84134 0.07907
vn 0.41273 -0.90967 0.04645
vn 0.23852 -0.96993 0.04842
vn 0.49356 -0.86732 0.06452
vn 0.52313 -0.85051 0.05452
vn 0.38007 -0.92133 0.08178
vn 0.40307 -0.90443 -0.13977
vn 0.09954 -0.9496 -0.29723
vn -0.02713 -0.74652 -0.66481
vn -0.01024 -0.96026 -0.27893
vn -0.06208 -0.99134 -0.11568
vn -0.00884 -0.98321 -0.18226
vn 0.04708 -0.99341 -0.10453
vn 0.32093 -0.9471 -0.00335
vn 0.27929 -0.95136 -0.13004
vn 0.04253 -0.99873 -0.027
vn 0.37306 -0.5477 -0.7489
vn 0.59772 -0.75558 -0.268
vn 0.49406 -0.8591 -0.13358
vn 0.00353 -0.99998 -0.00473
vn -0.0191 -0.99902 -0.04001
vn -0.06925 -0.99256 -0.10014
vn 0.07397 -0.99714 -0.01577
vn -0.05855 -0.99238 -0.10846
vn 0.02475 -0.99969 -0.00212
vn 0.02647 -0.99963 -0.00553
vn 0.01153 -0.9996 -0.02593
vn 0.06545 -0.99593 -0.06194
vn 0.0137 -0.99984 -0.01148
vn -0.01439 -0.9998 -0.01378
vn 0.04056 -0.99787 0.051
vn 0.02177 -0.99976 -0.00066
vn 0.00608 -0.99968 -0.0247
vn 0.00698 -0.99993 -0.00976
vn 0.00694 -0.9998 -0.01862
vn -0.00335 -0.99993 0.01146
vn 0.00583 -0.99997 -0.0049
vn 0.02764 -0.99937 -0.02247
vn -0.34945 -0.93251 -0.09114
vn -0.46184 -0.88675 -0.01953
vn -0.40431 -0.91456 0.01022
vn -0.06737 -0.99763 -0.01393
vn -0.14094 -0.99001 -0.00442
vn -0.40419 -0.91343 -0.04769
vn -0.08428 -0.9948 -0.05715
vn -0.46015 -0.88752 -0.02394
vn -0.03322 -0.99937 -0.01214
vn -0.01453 -0.99954 -0.0266
vn -0.02632 -0.99961 -0.00942
vn -0.0776 -0.99589 0.0466
vn -0.01561 -0.99976 0.01519
vn -0.28278 -0.95917 -0.00503
vn -0.2425 -0.96889 0.0494
vn -0.43512 -0.90036 -0.00434
vn -0.0379 -0.99887 0.02864
vn -0.22464 -0.974 -0.02928
vn -0.014 -0.9999 -0.00335
vn -0.00563 -0.99992 0.01163
vn -0.08228 -0.99638 -0.02145
vn -0.48471 -0.87447 -0.01887
vn -0.28403 -0.9588 0.00625
vn -0.00974 -0.99994 -0.00526
vn -0.00759 -0.9993 0.03659
vn -0.03426 -0.99884 0.03387
vn -0.11045 -0.9937 -0.01897
vn -0.34833 -0.93736 0.00455
vn -0.20426 -0.97852 0.02783
vn 0.00128 -0.99941 0.03447
vn -0.25913 -0.96316 0.07185
vn -0.66218 -0.74116 0.11045
vn -0.64635 -0.7519 0.12993
vn -0.51241 -0.84749 0.13851
vn -0.16421 -0.97871 0.12316
vn -0.49583 -0.60687 0.62118
vn 0.10579 -0.98156 0.15924
vn -0.01245 -0.99877 0.04798
vn -0.0044 -0.99663 0.08194
vn -0.0101 -0.98545 0.16969
vn 0.08562 -0.9916 0.09692
vn 0.10842 -0.94594 0.30568
vn -0.08057 -0.94105 0.32853
vn -0.0153 -0.9843 0.17583
vn -0.01321 -0.95273 0.30354
vn 0.04291 -0.9115 0.40906
vn -0.03462 -0.87536 0.48223
vn -0.05106 -0.99051 0.12759
vn 0.02354 -0.99968 -0.00874
vn 0.01225 -0.99991 -0.00567
vn 0.01114 -0.99994 -0.00138
vn -0.00044 -0.99956 0.02974
vn -0.1053 -0.86296 0.49418
vn -0.0349 -0.98571 0.16478
vn -0.05071 -0.86116 0.50579
vn -0.12354 -0.86564 0.48519
vn -0.03917 -0.97864 0.20182
vn -0.00132 -0.99976 0.02199
vn -0.02129 -0.99897 0.03999
vn -0.02903 -0.99784 0.05884
vn 0.01334 -0.99967 0.02174
vn -0.00893 -0.95864 0.28449
vn -0.04082 -0.94182 0.33362
vn -0.00351 -0.99621 0.08688
vn 0.06291 -0.99771 0.02474
vn 0.00431 -0.99731 0.07317
vn 0.05175 -0.99694 0.05855
vn 0.02203 -0.92887 0.36976
vn 0.00533 -0.98494 0.17283
vn 0.01339 -0.94876 0.31571
vn -0.02781 -0.99762 0.06312
vn 0.00737 -0.99932 0.03614
vn -0.02682 -0.99826 0.05249
vn -0.00927 -0.99766 0.06768
vn 0.0519 -0.96873 0.24264
vn 0.00821 -0.99782 0.06545
vn -0.00161 -0.94701 0.3212
vn 0.01435 -0.54554 0.83796
vn 0.05043 -0.99823 0.03163
vn 0.06621 -0.99291 0.09874
vn 0.07038 -0.99288 0.09612
vn 0.34269 -0.93309 0.1091
vn 0.02819 -0.9996 0.00051
vn 0.03878 -0.9992 0.00938
vn 0.00887 -0.99912 -0.04105
vn 0.64349 -0.67362 -0.36353
vn 0.68486 -0.72007 -0.11169
vn 0.67765 -0.73538 0.00144
vn 0.71479 -0.69921 0.01328
vn 0.69819 -0.71375 -0.0556
vn 0.71654 -0.69724 0.02061
vn 0.69928 -0.71276 -0.05449
vn 0.68242 -0.72925 -0.05003
vn 0.70071 -0.71343 0.00472
vn 0.66386 -0.70178 -0.25845
vn 0.52567 -0.54202 -0.65566
vn 0.57987 -0.61333 -0.53626
vn 0.70977 -0.70213 0.0569
vn 0.71287 -0.70084 -0.02528
vn 0.71307 -0.70083 -0.01908
vn 0.72243 -0.68938 -0.05344
vn 0.71111 -0.70299 0.01164
vn 0.69742 -0.71666 -0.00088
vn 0.70164 -0.71245 -0.01068
vn 0.67622 -0.68392 -0.27382
vn 0.50633 -0.52495 -0.68415
vn 0.70664 -0.70754 -0.00633
vn 0.69331 -0.71728 -0.06947
vn 0.71412 -0.69682 0.06695
vn 0.70197 -0.71212 -0.01106
vn 0.69145 -0.72226 -0.01554
vn 0.88813 -0.45957 -0.0047
vn 0.72888 -0.68425 0.02328
vn 0.71612 -0.69734 -0.0299
vn 0.72052 -0.69318 0.01861
vn 0.92742 -0.37402 3E-05
vn 0.69233 -0.68779 -0.21824
vn 0.56411 -0.5845 -0.58321
vn 0.69397 -0.71735 -0.0617
vn 0.71453 -0.69808 -0.04624
vn 0.70598 -0.70822 -0.00416
vn 0.7961 -0.60516 0.00148
vn 0.71879 -0.69523 0.00065
vn 0.88704 -0.4617 0.00129
vn 0.71971 -0.69384 0.0245
vn 0.95222 -0.30537 -0.00459
vn 0.72088 -0.69292 -0.0138
vn 0.65504 -0.64522 -0.39322
vn 0.71157 -0.69941 -0.06701
vn 0.76265 -0.64208 -0.07801
vn 0.78178 -0.62349 0.00936
vn 0.74317 -0.66909 -0.00431
vn 0.94275 -0.3335 0.0016
vn 0.71776 -0.69612 -0.01518
vn 0.96189 -0.27341 0.0027
vn 0.77639 -0.58534 -0.23366
vn 0.62908 -0.60862 -0.48356
vn 0.64155 -0.49051 -0.58976
vn 0.70425 -0.70977 -0.01637
vn 0.70715 -0.70679 0.01948
vn 0.70711 -0.70655 0.028
vn 0.68777 -0.72505 -0.03571
vn 0.65299 -0.75726 0.01292
vn 0.68645 -0.72712 -0.00916
vn 0.70207 -0.71211 0.00262
vn 0.56632 -0.82418 -0.00292
vn 0.68269 -0.72168 0.1145
vn 0.69158 -0.72197 0.02205
vn 0.67417 -0.73373 0.08445
vn 0.68803 -0.72497 0.03204
vn 0.66182 -0.74862 0.0395
vn 0.68644 -0.71699 0.12137
vn 0.70417 -0.707 0.06553
vn 0.67291 -0.65089 0.35147
vn 0.3816 -0.38716 0.83934
vn 0.68298 -0.71331 0.15722
vn 0.56089 -0.5756 0.59505
vn 0.53313 -0.52718 0.6617
vn 0.70803 -0.70617 -0.00458
vn 0.67661 -0.70879 0.19952
vn 0.68109 -0.71691 0.14881
vn 0.70815 -0.70595 -0.01242
vn 0.66872 -0.70755 0.22844
vn 0.66689 -0.58195 0.46539
vn 0.69835 -0.715 0.0328
vn 0.94452 0.3185 0.0803
vn 0.98975 0.03886 -0.13742
vn 0.89716 0.3159 -0.30872
vn 0.9992 -0.00011 0.03999
vn 0.92647 0.36716 0.08275
vn 0.88255 0.03986 -0.46852
vn 0.99892 -0.01733 -0.0431
vn 0.99883 0.04607 0.01493
vn 0.99899 0.01118 -0.04343
vn 0.89879 0.00429 -0.43836
vn 0.92008 -0.02123 -0.39116
vn 0.8394 0.53704 -0.08369
vn 0.95782 0.28524 0.035
vn 0.77183 0.63047 -0.0823
vn 0.91264 0.4055 -0.05156
vn 0.99492 0.06649 -0.07553
vn 0.9985 -0.00123 0.05473
vn 0.99972 0.01402 -0.01909
vn 0.96436 0.25062 -0.08488
vn 0.99963 0.0241 0.01285
vn 0.89769 0.42342 0.12194
vn 0.92653 0.37542 0.02473
vn 0.9981 0.0173 0.05921
vn 0.99202 -0.00691 -0.12587
vn 0.9187 -0.00481 -0.39492
vn 0.99982 -0.00494 0.01841
vn 0.994 -0.02086 0.10741
vn 0.99941 -0.00617 0.03386
vn 0.99783 0.01192 -0.06483
vn 0.8369 0.54571 0.04255
vn 0.97477 0.21326 0.06591
vn 0.96949 0.2436 -0.02749
vn 0.99981 -4E-05 0.01953
vn 0.92899 0.36691 0.04849
vn 0.99813 0.05345 0.02954
vn 0.9417 0.33131 0.05853
vn 0.99998 0.00322 -0.00506
vn 0.99996 0.00932 0.00013
vn 0.78123 0.6242 -0.00773
vn 0.99986 0.01546 -0.00701
vn 0.90815 0.41865 -0.00066
vn 0.99937 0.03538 -0.00092
vn 0.9999 -0.005 0.01329
vn 0.99995 0.00269 -0.00988
vn 0.99257 0.01174 -0.12107
vn 0.96254 -0.00645 -0.27106
vn 0.91121 -0.03264 -0.41064
vn 0.99996 -0.00777 0.00351
vn 0.95663 0.05197 -0.28663
vn 0.79405 0.01884 -0.60756
vn 0.99568 0.01849 -0.09104
vn 0.99972 -0.00722 0.02243
vn 0.99414 -0.02012 0.10624
vn 0.99992 -0.00573 0.01157
vn 0.79598 0.13577 -0.5899
vn 0.6088 0.27022 -0.74588
vn 0.96935 0.03715 -0.24286
vn 0.76409 0.00032 -0.64512
vn 0.97959 -0.0449 -0.19595
vn 0.65314 -0.06685 -0.75428
vn 0.99905 -0.0296 0.03212
vn 0.99963 -0.02726 0.00161
vn 0.99992 -0.01203 0.00288
vn 0.99695 -0.02697 0.07323
vn 0.99969 0.00944 0.02293
vn 0.99969 0.00812 0.02367
vn 0.99949 0.01376 0.02884
vn 0.99862 -0.00493 -0.05232
vn 0.99989 7E-05 -0.01478
vn 0.99989 0.00835 -0.01249
vn 0.86989 0.48545 -0.08732
vn 0.97067 0.23264 -0.06059
vn 0.96076 0.27733 0.00427
vn 0.94089 0.31811 -0.11634
vn 0.99675 0.01981 -0.07804
vn 0.99965 0.00254 -0.0265
vn 0.86202 0.50603 -0.02936
vn 0.66835 0.05299 0.74196
vn 0.99828 0.0581 -0.00753
vn 0.99628 0.00601 -0.08593
vn 1 0.00157 0.00259
vn 0.98377 -0.17932 -0.00601
vn 0.9997 -0.02461 0.00143
vn 0.999 -0.01428 -0.04242
vn 0.99999 0.00348 0.00039
vn 0.999 -0.04046 0.01902
vn 0.95057 -0.31047 0.00415
vn 0.99608 -0.00058 -0.08848
vn 0.99917 0.00355 0.04069
vn 0.99954 -0.0202 0.0225
vn 0.99982 -0.01519 -0.01095
vn 0.99604 -0.08885 0.0026
vn 0.96518 -0.25953 0.03272
vn 0.99637 -0.0349 0.07759
vn 1 0.00078 9E-05
vn 0.99982 0.00235 0.01871
vn 0.99006 -0.03036 -0.13735
vn 0.99184 -0.00904 -0.12718
vn 0.99985 -0.0042 -0.01657
vn 0.99875 -0.01277 -0.04834
vn 0.9936 -0.02296 -0.11061
vn 0.99195 -0.01794 -0.12532
vn 0.99996 0.00871 -0.00093
vn 0.98682 0.01016 0.16148
vn 0.98798 0.00835 0.15438
vn 0.31663 0.94761 0.04214
vn 0.64823 0.7571 0.08126
vn 0.26396 0.96444 -0.01332
vn 0.62826 0.70986 -0.31841
vn 0.67731 0.73509 0.02972
vn 0.69524 0.7154 -0.06955
vn 0.60055 0.79941 0.0169
vn 0.70594 0.70541 0.06361
vn 0.7065 0.70747 0.01869
vn 0.73523 0.67622 0.04652
vn 0.71537 0.67286 -0.18845
vn 0.42324 0.906 0.0053
vn 0.6606 0.75064 -0.0124
vn 0.44243 0.8968 -0.00056
vn 0.6779 0.73485 0.02104
vn 0.674 0.73868 -0.00888
vn 0.40225 0.91541 0.01482
vn 0.61788 0.78551 0.03467
vn 0.29646 0.95317 0.05982
vn 0.72471 0.68902 -0.00688
vn 0.71374 0.70037 0.00808
vn 0.70964 0.7035 0.0388
vn 0.72267 0.69109 0.01167
vn 0.65923 0.70165 -0.27039
vn 0.63269 0.71363 -0.30073
vn 0.70101 0.7122 0.03676
vn 0.6973 0.71633 -0.02525
vn 0.66802 0.6963 -0.26253
vn 0.7123 0.56817 -0.41208
vn 0.67134 0.74032 -0.03516
vn 0.50674 0.62128 -0.59769
vn 0.704 0.70992 0.02018
vn 0.68708 0.72609 0.02661
vn 0.69169 0.72215 0.00809
vn 0.72041 0.69336 0.01593
vn 0.70262 0.71155 0.00494
vn 0.67929 0.73387 0.00103
vn 0.43533 0.90009 -0.01818
vn 0.69147 0.72111 0.0433
vn 0.73383 0.67925 0.01055
vn 0.38555 0.92226 -0.02796
vn 0.66827 0.74334 0.02917
vn 0.71689 0.69647 -0.0316
vn 0.70967 0.70442 -0.01229
vn 0.71148 0.70271 -0.00188
vn 0.70891 0.70528 -0.00558
vn 0.69849 0.71561 0.00325
vn 0.45525 0.89018 0.01812
vn 0.68689 0.72656 0.01708
vn 0.7126 0.70155 0.00493
vn 0.72273 0.69095 0.01588
vn 0.72382 0.68999 0.00081
vn 0.67481 0.73727 -0.03273
vn 0.60688 0.70213 -0.37243
vn 0.71157 0.68225 -0.16795
vn 0.65952 0.75008 0.04913
vn 0.69276 0.71978 0.04472
vn 0.67399 0.73789 0.03555
vn 0.62663 0.64241 -0.44118
vn 0.76188 0.64478 0.06163
vn 0.69123 0.71383 -0.11249
vn 0.74435 0.6661 0.04745
vn 0.71624 0.69291 0.08287
vn 0.6961 0.71734 0.02947
vn 0.7074 0.70525 0.04686
vn 0.68524 0.72767 0.03078
vn 0.70199 0.70899 0.06741
vn 0.70437 0.70234 -0.10289
vn 0.68273 0.73052 0.01498
vn 0.67541 0.73589 0.0478
vn 0.68121 0.72831 0.07435
vn 0.75344 0.65109 0.0917
vn 0.74107 0.67113 0.02003
vn 0.74292 0.65791 0.12339
vn 0.7627 0.63289 0.13316
vn 0.78344 0.61177 0.10935
vn 0.74117 0.66389 0.09955
vn 0.71024 0.70229 0.04838
vn 0.67587 0.73648 0.02843
vn 0.68793 0.72562 0.015
vn 0.66894 0.74168 -0.04932
vn 0.73065 0.67971 0.06443
vn 0.68829 0.72529 -0.01435
vn 0.69172 0.72212 -0.0079
vn 0.67732 0.73397 -0.05019
vn 0.69062 0.72312 -0.01181
vn 0.70356 0.71063 -0.00301
vn 0.6851 0.72772 0.03253
vn 0.68279 0.73031 -0.02124
vn 0.71003 0.70413 -0.00686
vn 0.70799 0.70622 0.00081
vn 0.68853 0.72506 0.01487
vn 0.69356 0.7189 0.04655
vn 0.68494 0.72831 0.02058
vn 0.70529 0.70878 0.01417
vn 0.70849 0.70572 -0.00199
vn 0.70795 0.70626 -0.00208
vn 0.70468 0.7095 0.00607
vn 0.7137 0.70024 0.01734
vn 0.14996 0.97942 -0.13506
vn 0.44227 0.89449 -0.06539
vn 0.42056 0.90722 -0.00962
vn 0.69687 0.71614 -0.03908
vn 0.71941 0.69429 -0.02018
vn 0.71209 0.70121 -0.0351
vn 0.29252 0.94496 -0.14653
vn 0.64966 0.75884 -0.04586
vn 0.44169 0.88356 -0.1557
vn 0.61876 0.76591 -0.1747
vn 0.68188 0.72466 -0.09959
vn 0.34614 0.93818 0.00169
vn 0.59279 0.80507 -0.0214
vn 0.7147 0.69936 0.0104
vn 0.7 0.71409 0.00943
vn 0.70769 0.7065 0.00525
vn 0.70748 0.70671 -0.00658
vn 0.70708 0.70651 -0.02956
vn 0.8461 0.533 -0.00508
vn 0.73381 0.6768 0.05885
vn 0.71421 0.69876 -0.04048
vn 0.72702 0.68539 0.04107
vn 0.73274 0.67664 0.07241
vn 0.78183 0.62194 -0.044
vn 0.73049 0.68245 -0.02529
vn 0.71984 0.69367 -0.0255
vn 0.67857 0.73434 -0.01669
vn 0.71725 0.69558 0.04151
vn 0.68028 0.73186 -0.04
vn 0.69913 0.71043 0.08066
vn 0.71992 0.69391 0.01452
vn 0.83332 0.55106 0.04372
vn 0.79521 0.58917 -0.14323
vn 0.61799 0.74611 0.24781
vn 0.7214 0.69016 0.05706
vn 0.69495 0.71715 0.05229
vn 0.70206 0.71155 0.02851
vn 0.71362 0.70053 -0.00209
vn 0.64899 0.72535 0.22952
vn 0.71772 0.69633 -0.00316
vn 0.7123 0.70134 0.02732
vn 0.68096 0.73044 0.05236
vn 0.69337 0.72053 -0.00899
vn 0.70507 0.70909 0.00793
vn 0.63486 0.77204 0.03002
vn 0.66782 0.73084 -0.14104
vn 0.61628 0.7592 0.20933
vn 0.74702 0.6436 -0.16654
vn 0.72581 0.68709 -0.03318
vn 0.59278 0.77517 0.21845
vn 0.65402 0.73777 -0.1672
vn 0.72492 0.6874 -0.04435
vn 0.7885 0.61292 -0.05096
vn 0.68911 0.72184 0.06379
vn 0.83668 0.54765 0.00596
vn 0.72448 0.68812 -0.04034
vn 0.70796 0.70602 -0.01812
vn 0.75528 0.64208 -0.13148
vn 0.79085 0.59839 -0.12841
vn 0.67646 0.7353 -0.04155
vn 0.78555 0.61552 -0.06365
vn 0.70443 0.70884 -0.03642
vn 0.69528 0.57648 0.42925
vn 0.67057 0.72563 -0.15425
vn 0.67713 0.73574 -0.01386
vn 0.70979 0.69846 -0.09142
vn 0.65375 0.75612 0.02999
vn 0.65548 0.7397 -0.15228
vn 0.53888 0.63465 0.55392
vn 0.7238 0.68417 -0.0896
vn 0.70748 0.69146 -0.14614
vn 0.71151 0.70241 -0.0195
vn 0.69355 0.72036 -0.00785
vn 0.70361 0.70942 -0.04065
vn 0.70669 0.70643 -0.03938
vn 0.72344 0.68857 -0.05003
vn 0.69807 0.71448 0.04721
vn 0.71908 0.69302 -0.05135
vn 0.69823 0.71328 -0.06094
vn 0.66755 0.74451 -0.00934
vn 0.48287 0.47834 0.7335
vn 0.67163 0.73522 -0.09149
vn 0.71032 0.65491 -0.25794
vn 0.70319 0.70715 -0.07399
vn 0.69206 0.63261 -0.34765
vn 0.66677 0.63305 0.39329
vn 0.70202 0.71089 -0.04242
vn 0.70207 0.71167 -0.02508
vn 0.70182 0.71233 0.00615
vn 0.70423 0.70963 -0.02213
vn 0.72018 0.69201 -0.04969
vn 0.69221 0.72164 0.00898
vn 0.70097 0.55058 -0.45332
vn 0.72121 0.65907 -0.21325
vn 0.66192 0.60901 -0.43701
vn 0.71226 0.69393 -0.10559
vn 0.69085 0.66411 -0.2858
vn 0.63529 0.71376 -0.29487
vn 0.69434 0.70703 -0.13416
vn 0.68695 0.66292 -0.29772
vn 0.70797 0.70601 -0.01787
vn 0.69922 0.71022 -0.08174
vn 0.71009 0.63938 -0.29491
vn 0.71312 0.67217 -0.19912
vn 0.58222 0.76856 -0.26522
vn 0.66022 0.74534 -0.09256
vn 0.69062 0.67571 -0.2578
vn 0.69888 0.7152 0.00666
vn 0.7128 0.70084 -0.02718
vn -0.63689 0.77045 -0.02808
vn -0.07236 0.99727 0.01496
vn -0.46023 0.85922 -0.22345
vn -0.30986 0.93921 0.14789
vn 0.07994 0.90239 -0.42345
vn 0.11079 0.97959 -0.16772
vn 0.08461 0.84958 -0.52063
vn -0.05409 0.98352 0.17253
vn 0.06346 0.99761 0.02716
vn 0.07765 0.89556 -0.43811
vn -0.67351 0.73577 -0.07092
vn -0.16463 0.9832 -0.07881
vn -0.27065 0.95637 0.11001
vn -0.46793 0.87965 -0.08518
vn -0.07461 0.98617 0.14802
vn 0.08229 0.99519 -0.05323
vn 0.01879 0.99437 0.10428
vn 0.05803 0.97679 -0.20618
vn 0.00438 0.98671 -0.16244
vn 0.04262 0.99909 -0.00323
vn -0.03984 0.99819 -0.04496
vn -0.03097 0.99657 0.07679
vn -0.01286 0.9963 0.08501
vn -0.02571 0.99899 0.03687
vn 0.04791 0.99884 -0.00531
vn -0.0087 0.99478 0.10167
vn 0.04186 0.97423 -0.22165
vn -0.17314 0.98253 -0.06823
vn -0.21995 0.96872 0.11488
vn -0.01208 0.99665 0.08095
vn 0.04648 0.98747 0.15079
vn -0.31758 0.94714 0.04559
vn 0.04615 0.95625 -0.2889
vn -0.00947 0.99206 -0.12542
vn -0.02747 0.99911 0.03205
vn -0.01681 0.97922 -0.20211
vn -0.03744 0.99644 0.0756
vn 0.06635 0.99619 -0.05662
vn 0.02938 0.99953 -0.00895
vn 0.03501 0.99937 -0.00529
vn -0.07055 0.97687 0.20188
vn 0.04052 0.9987 -0.03103
vn 0.00767 0.9988 -0.04836
vn -0.04639 0.98495 0.16647
vn -0.0642 0.98207 0.17727
vn 0.05554 0.99708 -0.05233
vn 0.0373 0.99836 -0.04333
vn 0.08211 0.99662 0.00391
vn 0.05267 0.99131 0.12055
vn 0.05154 0.99832 0.02632
vn 0.01874 0.99363 -0.11108
vn 0.05441 0.99366 0.09838
vn 0.02875 0.99706 0.07107
vn 0.00681 0.99995 0.00748
vn 0.01533 0.99969 0.0195
vn 0.04028 0.99111 0.12678
vn -0.01546 0.99939 0.03139
vn -0.3578 0.93378 -0.00583
vn -0.01374 0.9999 0.00219
vn -0.02608 0.99966 0.00117
vn -0.35767 0.93383 0.00558
vn -0.4064 0.91369 -0.00216
vn -0.10089 0.99442 -0.03085
vn -0.00883 0.99993 0.00805
vn -0.00593 0.99954 -0.02961
vn 0.01326 0.99927 0.03581
vn 0.00613 0.99988 0.0144
vn -0.01118 0.99467 -0.10251
vn 0.04767 0.99786 0.0448
vn 0.02487 0.99961 0.01289
vn -0.03674 0.995 0.09285
vn -0.02812 0.99023 0.13659
vn 0.01153 0.99979 0.01693
vn -0.00413 0.99461 0.10358
vn 0.03754 0.99841 -0.04195
vn 0.04758 0.99883 0.00816
vn 0.00085 0.89839 -0.4392
vn 0.05331 0.99854 0.00927
vn 0.01383 0.97491 -0.22216
vn 0.02836 0.99798 0.0569
vn 0.00415 0.99956 -0.02935
vn 0.00311 1 0.0004
vn -0.01289 0.99956 -0.02661
vn -0.01574 0.99963 -0.02239
vn 0.02409 0.9997 0.00352
vn -0.01932 0.99582 0.0893
vn -0.00256 0.98811 -0.1537
vn 0.01186 0.99792 -0.06339
vn -0.00874 0.70357 -0.71057
vn 0.04313 0.99888 0.01959
vn 0.00491 0.99976 0.02149
vn 0.00085 0.99892 0.0464
vn 0.09998 0.99412 0.04151
vn 0.04227 0.99107 -0.12648
vn 0.02578 0.99824 0.05344
vn -0.02433 0.99778 0.06203
vn 0.00877 0.99902 0.04327
vn 0.01857 0.99978 0.00999
vn -0.00422 0.99827 0.05863
vn 0.02675 0.9995 -0.01704
vn 0.01503 0.99987 0.00614
vn 0.00965 0.99993 -0.00694
vn 0.0228 0.99964 -0.01435
vn 0.01244 0.99989 0.00791
vn 0.0044 0.99987 -0.01578
vn -0.00949 0.99989 -0.01173
vn 0.00487 0.99988 -0.01492
vn 0.01353 0.99989 0.00635
vn 0.01233 0.99992 0.00398
vn 0.01328 0.99991 0.00164
vn 0.01351 0.99907 0.04088
vn 0.00967 0.99991 0.00979
vn 0.00534 0.99982 0.0183
vn -0.4577 0.8891 -0.00456
vn -0.31638 0.94418 -0.0918
vn -0.16747 0.98568 -0.01983
vn -0.08675 0.98938 -0.11666
vn -0.27214 0.94722 -0.16947
vn -0.16944 0.9592 -0.22634
vn -0.02942 0.98615 -0.1632
vn -0.01669 0.9925 -0.12113
vn 0.01278 0.99461 -0.10289
vn -0.19586 0.97584 -0.09685
vn -0.03516 0.9966 -0.07454
vn 0.06886 0.99733 0.02416
vn -0.00515 0.99998 0.00192
vn -0.00105 0.99999 0.00469
vn -0.00454 0.99964 -0.02646
vn 0.00065 0.99929 -0.0376
vn 5E-05 0.99954 0.03019
vn 0.09931 0.99505 0.00311
vn 0.04445 0.99849 0.03213
vn 0.03231 0.99947 -0.00389
vn 0.01244 0.99902 0.04237
vn 0.03248 0.99938 0.01384
vn 0.20577 0.97854 -0.01116
vn 0.01156 0.99992 -0.00455
vn 0.03043 0.99952 -0.00587
vn 0.03734 0.99917 0.01639
vn 0.36042 0.93276 -0.00702
vn 0.02674 0.99899 0.03619
vn 0.09471 0.99402 0.05442
vn 0.05726 0.99813 0.02122
vn 0.11233 0.99366 0.00477
vn 0.07802 0.9932 -0.08641
vn 0.17691 0.9631 -0.20286
vn 0.20146 0.93595 -0.2888
vn -0.03207 0.97761 -0.20797
vn 0.11108 0.97331 -0.20081
vn 0.04073 0.97663 -0.21103
vn 0.03528 0.99938 0.00196
vn 0.06243 0.99597 0.06447
vn -0.11523 0.96276 -0.24455
vn -0.03726 0.99266 -0.11501
vn -0.2297 0.88733 -0.39985
vn -0.13032 0.96401 -0.23172
vn -0.1643 0.92986 -0.32918
vn -0.07497 0.94218 -0.32661
vn 0.10448 0.9913 0.08003
vn -0.0906 0.9793 -0.18102
vn -0.05975 0.98094 -0.1849
vn 0.01026 0.99881 -0.04765
vn -0.03166 0.99232 -0.11961
vn -0.0071 0.99482 -0.10144
vn 0.11963 0.96603 0.22908
vn 0.10833 0.96542 0.23712
vn 0.10764 0.97362 0.20117
vn 0.07068 0.97919 0.19023
vn -0.13507 0.95263 -0.2725
vn 0.07875 0.99088 0.10938
vn -0.01626 0.99889 -0.04432
vn 0.01895 0.99824 -0.05622
vn 0.06174 0.95465 -0.29127
vn 0.02665 0.73743 0.67489
vn 0.02845 0.98873 0.14699
vn 0.11366 0.95366 0.27861
vn -0.04717 0.99568 -0.08
vn 0.11913 0.94514 -0.30415
vn 0.27203 0.92631 -0.26067
vn 0.11656 0.99268 -0.03169
vn 0.02634 0.98364 0.17823
vn 0.1112 0.96044 0.25531
vn -0.02335 0.96535 -0.25993
vn 0.04772 0.93913 -0.34022
vn -0.03067 0.99671 -0.07498
vn -0.02515 0.98814 -0.15146
vn 0.09672 0.9952 0.01515
vn 0.09093 0.99329 -0.07148
vn 0.0145 0.9978 -0.06464
vn -0.02716 0.99903 -0.03472
vn 0.02289 0.99776 -0.06288
vn -0.00035 0.99803 -0.06271
vn -0.00261 0.99444 -0.10525
vn -0.01454 0.99855 -0.05185
vn 0.02751 0.9929 0.11574
vn -0.02136 0.99886 -0.04268
vn 0.00139 0.99718 -0.07504
vn -0.07052 0.93599 -0.3449
vn 0.03557 0.98023 -0.19466
vn -0.01727 0.99685 -0.07745
vn -0.02096 0.99093 -0.13271
vn -0.02449 0.99913 -0.03386
vn -0.10542 0.94027 0.3237
vn -0.00471 0.74669 0.66516
vn 0.02881 0.99951 -0.0123
vn 0.01396 0.99131 -0.1308
vn 0.02598 0.99857 -0.04663
vn 0.21072 0.97686 0.03665
vn 0.12066 0.99128 0.05295
vn 0.01912 0.79984 0.59991
vn 0.05503 0.99148 -0.11808
vn 0.2378 0.97057 0.03795
vn 0.13628 0.99063 -0.00843
vn -0.45424 0.88655 -0.08778
vn -0.12628 0.98994 -0.0638
vn 0.0602 0.99547 -0.07357
vn 0.06496 0.72066 0.69024
vn 0.08186 0.99495 -0.05804
vn 0.15993 0.98513 0.06279
vn 0.03679 0.99932 -0.00051
vn 0.02408 0.99967 -0.00913
vn -0.01222 0.99717 -0.07416
vn -0.08926 0.93696 -0.33785
vn 0.01654 0.99903 -0.0408
vn -0.80349 0.59511 -0.01595
vn -0.72711 0.66929 -0.15288
vn -0.70916 0.70497 -0.0105
vn -0.60704 0.63535 -0.47732
vn -0.5979 0.60728 -0.52319
vn -0.90992 0.41477 -0.00137
vn -0.71493 0.69916 -0.00647
vn -0.72896 0.68445 0.01216
vn -0.95504 0.29637 0.00773
vn -0.80148 0.59513 -0.0587
vn -0.92071 0.39025 -0.00046
vn -0.73661 0.67478 -0.0456
vn -0.70649 0.70772 -0.00012
vn -0.6681 0.67194 -0.3196
vn -0.70904 0.70517 2E-05
vn -0.71098 0.70169 -0.04615
vn -0.70906 0.70502 -0.01336
vn -0.72129 0.69253 0.01184
vn -0.69592 0.71751 0.02953
vn -0.70441 0.70979 0.00324
vn -0.89033 0.4553 -0.00132
vn -0.70279 0.71139 0.00126
vn -0.70539 0.70872 -0.0123
vn -0.69228 0.72119 0.02515
vn -0.63226 0.65563 -0.41279
vn -0.65618 0.64115 -0.39793
vn -0.59511 0.55034 -0.58563
vn -0.70177 0.71151 0.03569
vn -0.69984 0.71265 -0.0485
vn -0.69773 0.68922 -0.19531
vn -0.70609 0.70812 -0.00086
vn -0.69292 0.67155 -0.26246
vn -0.64995 0.75704 0.06672
vn -0.67779 0.73056 0.08294
vn -0.70581 0.70809 -0.02116
vn -0.68913 0.72259 0.05448
vn -0.68427 0.72778 0.04601
vn -0.99065 0.13312 0.02976
vn -0.78922 0.61376 0.02099
vn -0.72583 0.68758 -0.02027
vn -0.70669 0.70695 0.02859
vn -0.70123 0.71279 0.01436
vn -0.70226 0.71191 0.00354
vn -0.70049 0.71363 -0.00648
vn -0.68824 0.7243 -0.04141
vn -0.65661 0.75106 0.06908
vn -0.6906 0.72322 -0.00608
vn -0.68711 0.72656 -0.00089
vn -0.68835 0.72536 0.00483
vn -0.69622 0.71774 0.01158
vn -0.66638 0.74154 -0.07778
vn -0.69878 0.70893 -0.0955
vn -0.70082 0.71229 -0.0387
vn -0.60926 0.62516 0.48782
vn -0.18769 0.2953 0.93679
vn -0.71548 0.69118 -0.10176
vn -0.71454 0.69679 -0.06258
vn -0.6998 0.71404 0.02077
vn -0.69952 0.71411 0.02667
vn -0.36393 0.43848 0.82176
vn -0.7129 0.69824 -0.06513
vn -0.71262 0.69831 -0.0674
vn -0.72464 0.68323 -0.08997
vn -0.69802 0.71577 0.02109
vn -0.66656 0.6342 0.39178
vn -0.66469 0.63975 0.38589
vn -0.69677 0.71688 0.02424
vn -0.70523 0.70194 0.09965
vn -0.97765 0.15041 0.14688
vn -0.60789 0.40234 0.68454
vn -0.91903 -0.01788 -0.39378
vn -0.99065 0.07516 -0.11389
vn -0.9998 -0.00241 0.01984
vn -0.99818 0.05965 -0.00899
vn -0.99977 0.00623 -0.02065
vn -0.99911 0.00776 0.04154
vn -0.98909 -0.00402 -0.14725
vn -0.99935 -0.00557 0.03561
vn -0.99753 -0.00046 0.07022
vn -0.94757 -0.01598 -0.31914
vn -0.99991 0.00979 -0.00948
vn -0.99974 0.01701 -0.01549
vn -0.99955 0.01581 -0.02564
vn -0.9991 0.01857 -0.03817
vn -0.99204 -0.00539 -0.12583
vn -0.99999 0.00186 0.00345
vn -0.99949 0.00481 0.03153
vn -0.99808 0.00166 0.06194
vn -0.99999 0.00184 0.00514
vn -0.99974 0.01238 -0.01919
vn -0.99983 0.018 -0.00431
vn -0.9952 -0.06054 0.07685
vn -0.99301 -0.02792 0.11469
vn -0.9351 -0.33037 0.1282
vn -0.86041 -0.49285 0.1296
vn -0.93123 -0.35974 0.05834
vn -0.99835 -0.02796 0.05022
vn -0.99971 -0.01981 -0.01333
vn -0.80669 -0.5384 0.24368
vn -0.76106 -0.63014 0.15399
vn -0.9958 -0.0211 0.08908
vn -0.90414 -0.42716 -0.00827
vn -0.96658 0.00615 -0.2563
vn -0.98465 -0.00917 -0.17431
vn -0.99627 -0.01482 -0.08496
vn -0.99872 -0.00548 0.05034
vn -0.99996 -0.0073 -0.00449
vn -0.99887 0.00889 -0.04658
vn -0.99999 0.00354 0.0003
vn -0.8704 -0.49217 0.0128
vn -0.99841 -0.05635 -0.00316
vn -0.77959 -0.62629 0.00011
vn -0.99896 -0.04552 0.00256
vn -0.95472 -0.29748 0.00232
vn -0.96932 -0.24247 -0.04037
vn -0.97776 0.00058 -0.20971
vn -0.9995 -0.00767 0.03061
vn -0.98427 -0.00406 -0.17662
vn -0.99965 -0.00149 -0.02645
vn -0.92218 -0.3738 -0.09934
vn -0.95091 -0.3082 0.02817
vn -0.97164 -0.03039 -0.23451
vn -0.86333 -0.49558 -0.09514
vn -0.95108 -0.25979 -0.16719
vn -0.85593 -0.50783 0.09743
vn -0.94217 -0.27348 -0.19373
vn -0.99967 0.01021 0.02367
vn -0.99977 0.0165 -0.01345
vn -0.99642 0.06026 0.05926
vn -0.9995 0.03166 -0.00194
vn -0.99956 0.02845 -0.00872
vn -0.99923 0.03918 0.0015
vn -0.99781 0.04288 -0.05041
vn -0.99942 0.02958 -0.017
vn -0.99693 0.00058 0.07829
vn -0.99977 0.01244 -0.01733
vn -0.99968 0.00784 0.02392
vn -0.99956 0.01431 -0.02611
vn -0.99948 -0.003 0.03222
vn -0.96358 -0.02346 0.2664
vn -0.98439 -0.03805 0.17185
vn -0.98661 -0.02161 0.16169
vn -0.62062 -0.05629 0.78209
vn -0.98226 -0.03097 0.18498
vn -0.9984 -0.00749 0.05606
vn -0.99978 0.00851 -0.01934
vn -0.98828 -0.02108 0.15122
vn -0.72009 0.07378 0.68995
vn -0.99656 -0.00229 0.08278
vn -0.75951 -0.57582 -0.30263
vn -0.58488 -0.53447 -0.61013
vn -0.7101 -0.62235 -0.32929
vn -0.6101 -0.52205 -0.59602
vn -0.71828 -0.67835 -0.15466
vn -0.70335 -0.70723 -0.07162
vn -0.66893 -0.71135 -0.21568
vn -0.7166 -0.68673 -0.12198
vn -0.68417 -0.72833 -0.03801
vn -0.73245 -0.6638 0.15131
vn -0.76394 -0.63397 -0.12036
vn -0.73169 -0.64753 0.21292
vn -0.68585 -0.68389 0.24881
vn -0.69353 -0.69996 0.17049
vn -0.73895 -0.66722 -0.09361
vn -0.7383 -0.65757 -0.15005
vn -0.74209 -0.6552 -0.14146
vn -0.72732 -0.68419 -0.05375
vn -0.6897 -0.61153 -0.38776
vn -0.47512 -0.50325 -0.72181
vn -0.6809 -0.70335 -0.20413
vn -0.76382 -0.64479 -0.02859
vn -0.53423 -0.64135 -0.5507
vn -0.73475 -0.67786 -0.02527
vn -0.75752 -0.65272 0.01083
vn -0.70431 -0.70983 -0.00947
vn -0.68334 -0.72966 0.02534
vn -0.72514 -0.68859 -0.00347
vn -0.70657 -0.70762 0.00611
vn -0.71654 -0.69713 -0.02399
vn -0.70594 -0.70775 0.02728
vn -0.71941 -0.69367 -0.03553
vn -0.7122 -0.70197 -0.00359
vn -0.71329 -0.69974 -0.03976
vn -0.70236 -0.71179 0.00634
vn -0.70387 -0.71026 0.00957
vn -0.70592 -0.70827 0.00635
vn -0.71051 -0.70368 0.00373
vn -0.6576 -0.7326 -0.17566
vn -0.73916 -0.6718 0.04826
vn -0.74549 -0.66614 0.02215
vn -0.63194 -0.65362 -0.41644
vn -0.48732 -0.4876 -0.7244
vn -0.68278 -0.69577 -0.22298
vn -0.63508 -0.72121 -0.27665
vn -0.73047 -0.68219 -0.03214
vn -0.76006 -0.64547 -0.07538
vn -0.71808 -0.69511 -0.03452
vn -0.74325 -0.66275 -0.09135
vn -0.71783 -0.69599 -0.01799
vn -0.7096 -0.70452 -0.01063
vn -0.67693 -0.7173 -0.16504
vn -0.65668 -0.73638 -0.16284
vn -0.67208 -0.7277 -0.13694
vn -0.72816 -0.68231 -0.065
vn -0.71746 -0.69597 0.02983
vn -0.72528 -0.67976 -0.10905
vn -0.72135 -0.69087 -0.04848
vn -0.69915 -0.7145 0.02596
vn -0.75102 -0.65229 -0.10238
vn -0.70939 -0.69707 0.10418
vn -0.71924 -0.69427 0.0262
vn -0.75033 -0.65869 -0.05597
vn -0.74554 -0.6389 0.18967
vn -0.69127 -0.70663 0.15103
vn -0.76226 -0.61437 0.20376
vn -0.57362 -0.81907 -0.00946
vn -0.57259 -0.81903 0.03658
vn -0.47786 -0.87814 0.02292
vn -0.75474 -0.65561 -0.02329
vn -0.75334 -0.65446 -0.06445
vn -0.70668 -0.69508 0.13212
vn -0.66317 -0.7483 -0.0162
vn -0.7291 -0.6821 0.05609
vn -0.63286 -0.56685 -0.52742
vn -0.70671 -0.70175 -0.09005
vn -0.70341 -0.70261 -0.10749
vn -0.73178 -0.68152 0.00516
vn -0.69085 -0.71707 -0.09237
vn -0.74067 -0.66872 -0.06496
vn -0.70474 -0.63969 -0.30683
vn -0.69221 -0.71898 -0.06249
vn -0.6663 -0.72784 -0.16215
vn -0.69295 -0.71749 -0.07095
vn -0.71983 -0.69384 0.02069
vn -0.7066 -0.70605 -0.04697
vn -0.70698 -0.64159 -0.29757
vn -0.64514 -0.52878 -0.55153
vn -0.71935 -0.682 -0.13198
vn -0.6059 -0.60525 -0.51629
vn -0.69254 -0.70099 -0.17031
vn -0.71896 -0.6942 -0.0343
vn -0.73616 -0.6767 0.01201
vn -0.69531 -0.71871 -0.00016
vn -0.71411 -0.70001 -0.00556
vn -0.67995 -0.73325 -0.00225
vn -0.71969 -0.69429 0.0026
vn -0.70732 -0.70682 0.00987
vn -0.39348 -0.91923 0.01399
vn -0.67167 -0.74081 -0.00815
vn -0.69874 -0.7152 -0.01613
vn -0.60502 -0.63628 -0.47865
vn -0.42224 -0.49283 -0.76081
vn -0.62086 -0.73459 -0.27369
vn -0.6751 -0.73755 -0.01588
vn -0.69632 -0.71532 -0.05883
vn -0.72466 -0.68884 0.01922
vn -0.67868 -0.73323 -0.04198
vn -0.68215 -0.73059 -0.03003
vn -0.49463 -0.58118 -0.64619
vn -0.68839 -0.72266 -0.0623
vn -0.70662 -0.70642 -0.04058
vn -0.72562 -0.6833 -0.0811
vn -0.71141 -0.70207 0.03133
vn -0.71927 -0.69469 0.00688
vn -0.72703 -0.68519 -0.04416
vn -0.71128 -0.70286 -0.00881
vn -0.72015 -0.69381 0.00285
vn -0.7075 -0.70654 0.01546
vn -0.71635 -0.69774 0.00214
vn -0.7244 -0.68852 -0.03445
vn -0.71422 -0.69989 -0.00678
vn -0.77124 -0.60252 -0.20535
vn -0.76459 -0.60803 0.21379
vn -0.77293 -0.62656 -0.10003
vn -0.78641 -0.60042 -0.14508
vn -0.85299 -0.51607 -0.07798
vn -0.72962 -0.68135 -0.05843
vn -0.71281 -0.70136 0.0008
vn -0.76972 -0.63838 -0.00227
vn -0.71395 -0.70011 -0.0108
vn -0.77374 -0.63349 -0.00363
vn -0.70906 -0.70464 0.02692
vn -0.70508 -0.70784 0.04273
vn -0.74015 -0.66516 0.09873
vn -0.69809 -0.69809 0.15919
vn -0.69383 -0.68149 0.23275
vn -0.78488 -0.61419 0.08201
vn -0.79134 -0.6018 0.1078
vn -0.74859 -0.65529 0.101
vn -0.78061 -0.62499 0.00605
vn -0.71214 -0.689 0.13465
vn -0.7475 -0.6569 0.09865
vn -0.78574 -0.61856 -3E-05
vn -0.8589 -0.51156 -0.02454
vn -0.82466 -0.56511 -0.02418
vn -0.65489 -0.72155 0.22469
vn -0.6487 -0.66188 0.37563
vn -0.74155 -0.61369 0.27108
vn -0.6734 -0.72923 0.12148
vn -0.81464 -0.45158 0.36391
vn -0.69174 -0.70154 0.17128
vn -0.72817 -0.68095 0.07797
vn -0.69723 -0.71368 0.06732
vn -0.7228 -0.69078 0.01948
vn -0.74115 -0.67134 -0.00279
vn -0.70023 -0.71237 0.0469
vn -0.77104 -0.63649 0.0195
vn -0.69611 -0.7161 0.05122
vn -0.77493 -0.63046 -0.04475
vn -0.36624 -0.22498 0.90291
vn -0.68278 -0.69541 0.22408
vn -0.62318 -0.6173 0.4802
vn -0.12732 -0.13397 0.98277
vn -0.70428 -0.70567 0.0775
vn -0.66835 -0.74053 0.07016
vn -0.71609 -0.69763 0.02297
vn -0.69183 -0.72156 0.02706
vn -0.71408 -0.6696 0.20428
vn -0.61992 -0.72692 0.29545
vn -0.72237 -0.68746 -0.07468
vn -0.57047 -0.71007 0.41274
vn -0.68854 -0.72466 0.02808
vn -0.68258 -0.73024 0.02893
vn -0.7128 -0.69688 0.0792
vn -0.70217 -0.69222 0.16673
vn -0.7008 -0.70814 0.08606
vn -0.7116 -0.6986 0.07472
vn -0.70976 -0.70165 0.06273
vn -0.7531 -0.61708 0.22815
vn -0.72662 -0.59109 0.3502
vn -0.50018 -0.75615 0.42197
vn -0.70746 -0.68108 0.18873
vn -0.75385 -0.65679 -0.01831
vn -0.76064 -0.55125 0.34286
vn -0.70943 -0.70278 -0.05306
vn -0.75602 -0.63995 -0.13747
vn -0.7169 -0.69701 -0.01493
vn -0.73725 -0.66729 -0.10576
vn -0.6446 -0.75052 0.14561
vn -0.76012 -0.62455 -0.17932
vn -0.75587 -0.63701 -0.15127
vn -0.73551 -0.6636 -0.13661
vn -0.7468 -0.62753 -0.22022
vn -0.71623 -0.6974 0.02556
vn -0.53562 -0.76617 0.35511
vn -0.49741 -0.70044 0.51183
vn -0.69293 -0.71917 0.05143
vn -0.69697 -0.71369 0.06987
vn -0.6615 -0.74352 0.09793
vn -0.68718 -0.72365 0.06413
vn -0.72681 -0.6856 0.04116
vn -0.64339 -0.71878 0.26345
vn -0.66007 -0.72832 0.184
vn -0.66627 -0.74097 0.08389
vn -0.7558 -0.63946 -0.1409
vn -0.72771 -0.68588 0.00106
vn -0.54714 -0.75411 0.36325
vn -0.51652 -0.76415 0.38637
vn -0.57717 -0.72594 0.37403
vn -0.39112 -0.77171 0.50149
vn -0.64456 -0.68649 0.33656
vn -0.47807 -0.7624 0.4361
vn -0.63622 -0.74387 0.20466
vn -0.70248 -0.69688 0.14449
vn -0.62868 -0.73253 0.26108
vn -0.7581 -0.60325 0.24775
vn -0.4002 -0.26333 0.87778
vn -0.77158 -0.57053 0.28135
vn -0.77146 -0.63323 -0.06229
vn -0.729 -0.68382 0.03075
vn -0.64217 -0.7439 0.185
vn -0.70441 -0.70646 0.06869
vn -0.69355 -0.71965 0.03306
vn -0.70738 -0.70512 0.04922
vn -0.1498 -0.33397 0.93061
vn -0.0929 -0.03579 0.99503
vn 0.04198 -0.04506 0.9981
vn 0.05452 -0.05858 0.99679
vn 0.16588 -0.56705 0.80681
vn 0.01781 -0.06852 0.99749
vn -0.00605 -0.25517 0.96688
vn 0.00032 -0.05388 0.99855
vn -0.05564 -0.12822 0.99018
vn -0.10425 -0.05855 0.99283
vn -0.05986 -0.18884 0.98018
vn -0.06901 -0.40233 0.91289
vn 0.16166 -0.02959 0.9864
vn -0.06418 -0.0739 0.9952
vn -0.06422 -0.07019 0.99546
vn 0.1904 -0.06323 0.97967
vn 0.01525 -0.09105 0.99573
vn -0.05572 -0.02201 0.9982
vn -0.04458 -0.01823 0.99884
vn -0.06023 -0.02689 0.99782
vn -0.00904 -0.01653 0.99982
vn -0.10911 0.09887 0.9891
vn -0.02599 -0.92951 0.36788
vn 0.01437 -0.06733 0.99763
vn 0.02298 -0.03094 0.99926
vn 0.0466 -0.02366 0.99863
vn -0.09807 -0.02856 0.99477
vn 0.05643 0.07236 0.99578
vn -0.06201 -0.19903 0.97803
vn 0.03566 -0.02657 0.99901
vn -0.01141 -0.35202 0.93592
vn 0.02968 -0.02733 0.99919
vn 0.04573 -0.01319 0.99887
vn 0.05946 -0.04459 0.99723
vn 0.07042 -0.08524 0.99387
vn -0.02546 0.0418 0.9988
vn 0.00915 -0.03906 0.99919
vn 0.0467 -0.03034 0.99845
vn 0.1418 0.29544 0.94478
vn -0.0571 -0.0492 0.99716
vn 0.00295 -0.0557 0.99844
vn 0.02806 -0.04951 0.99838
vn 0.00267 -0.02376 0.99971
vn -0.04305 -0.06622 0.99688
vn 0.00485 -0.02035 0.99978
vn 0.07176 -0.8899 0.45047
vn -0.00186 -0.36211 0.93213
vn -0.03759 -0.02407 0.999
vn -0.00473 -0.10236 0.99474
vn -0.12707 -0.07592 -0.98898
vn 0.05532 0.00685 0.99845
vn 0.08115 0.05263 0.99531
vn -0.0009 -0.00586 0.99998
vn -0.03264 0.0508 0.99818
vn 0.0743 -0.31621 0.94577
vn -0.01701 -0.14686 0.98901
vn -0.05815 -0.03898 0.99755
vn 0.02592 -0.40689 0.91311
vn -0.04029 -0.10456 0.9937
vn 0.07165 -0.20339 0.97647
vn -0.0657 -0.01633 0.99771
vn -0.06768 -0.0317 0.9972
vn 0.13878 -0.11815 0.98325
vn 0.02159 0.00515 0.99975
vn 0.03535 -0.00434 0.99937
vn -0.02168 -0.02494 0.99945
vn -0.10763 -0.00854 0.99415
vn 0.00076 -0.00811 0.99997
vn -0.70218 0.71192 0.01062
vn 0.07287 -0.01237 0.99726
vn 0.07395 -0.06142 0.99537
vn 0.1455 -0.05279 0.98795
vn -0.01224 -0.02368 0.99964
vn -0.00078 0.0013 1
vn 0.08011 0.11648 0.98996
vn 6E-05 -0.06491 0.99789
vn 0.18334 0.07843 0.97992
vn 0.01081 -0.00077 0.99994
vn 0.08503 0.11671 0.98952
vn 0.09007 0.12082 0.98858
vn 0.09862 -0.04478 0.99412
vn 0.11948 -0.05638 0.99123
vn 0.21764 -0.25403 0.94239
vn 0.22544 -0.28768 0.93082
vn 0.05855 -0.08243 0.99488
vn 0.5922 -0.10268 0.79922
vn 0.10645 -0.09005 0.99023
vn 0.19343 -0.01213 0.98104
vn 0.18937 0.02524 0.98158
vn 0.35266 -0.02333 0.93546
vn 0.5428 -0.0063 0.83984
vn 0.01484 -0.03636 0.99923
vn 0.93092 0.01484 0.36493
vn 0.11266 -0.06289 0.99164
vn -0.05366 0.08321 0.99509
vn 0.21364 0.12404 0.96901
vn 0.67117 -0.01499 0.74115
vn 0.06007 -0.03399 0.99762
vn 0.18693 -0.17342 0.96694
vn -0.08324 0.12752 0.98834
vn 0.74243 -0.24875 0.62203
vn 0.68551 -0.00998 0.72799
vn 0.23177 0.09807 0.96782
vn 0.2134 -0.21684 0.9526
vn 0.2009 0.07734 0.97655
vn 0.20978 -0.27472 0.93836
vn -0.18847 0.12599 0.97396
vn 0.20463 0.13057 0.97009
vn 0.13744 0.12467 0.98263
vn 0.2193 -0.11347 0.96904
vn 0.03784 -0.05591 0.99772
vn 0.08697 -0.03973 0.99542
vn 0.07386 -0.05396 0.99581
vn -0.12353 0.15332 0.98042
vn 0.04325 -0.02693 0.9987
vn 0.08289 -0.00922 0.99652
vn 0.05107 0.00615 0.99868
vn 0.0129 0.02092 0.9997
vn 0.01228 0.00945 0.99988
vn 0.01202 -0.01885 0.99975
vn 0.02211 -0.04285 0.99884
vn 0.04768 0.09889 0.99396
vn -0.0178 0.16189 0.98665
vn 0.28542 0.60981 0.73937
vn 0.66192 0.67743 -0.32087
vn 0.65417 0.71663 -0.24187
vn 0.11937 0.14304 0.98249
vn 0.11414 -0.03888 0.9927
vn 0.62822 0.73942 -0.24208
vn 0.13371 0.0434 0.99007
vn 0.11803 -0.06678 0.99076
vn 0.07737 0.13825 0.98737
vn 0.67926 0.57743 0.45298
vn 0.06859 0.16044 0.98466
vn -0.0658 0.16646 0.98385
vn 0.76616 0.63119 0.12083
vn 0.24818 0.29691 0.92209
vn 0.6698 0.73313 -0.1179
vn 0.24296 0.30259 0.92163
vn 0.45074 0.52127 0.72465
vn 0.00257 0.17563 0.98445
vn -0.04099 0.15815 0.98656
vn 0.00635 0.04414 0.99901
vn 0.00172 0.00381 0.99999
vn -0.03521 0.11457 0.99279
vn 0.00509 0.00241 0.99998
vn 0.32291 0.10024 -0.9411
vn -0.00737 0.14512 0.98939
vn 0.0875 0.01267 0.99608
vn -0.02403 0.07068 0.99721
vn 0.03088 0.02749 0.99915
vn -0.02765 0.09593 0.995
vn 0.05739 -0.02241 0.9981
vn 0.04722 0.06817 0.99656
vn -0.02245 0.098 0.99493
vn 0.02418 -0.04304 0.99878
vn -0.31409 -0.32583 0.89173
vn 0.13383 0.02013 0.9908
vn 0.17944 -0.04758 0.98262
vn 0.01752 0.00128 0.99985
vn -0.39534 -0.38782 0.83265
vn -0.03138 0.15898 0.98678
vn 0.08828 -0.07508 0.99326
vn 0.03614 -0.02373 0.99907
vn -0.18606 -0.18883 0.96422
vn 0.09813 -0.06613 0.99297
vn -0.00733 0.06935 0.99757
vn 0.01581 -0.00372 0.99987
vn -0.06183 0.13383 0.98907
vn -0.21299 0.23889 0.9474
vn -0.03793 0.23061 0.97231
vn -0.09869 0.08867 -0.99116
vn 0.02517 0.01685 0.99954
vn 0.00875 0.02653 0.99961
vn 0.04863 -0.04046 0.998
vn 0.28924 0.49382 0.82005
vn 0.15791 0.17815 -0.97125
vn 0.09451 -0.10444 0.99003
vn -0.33691 0.87102 0.35751
vn 0.22976 0.87452 0.42711
vn -0.0293 0.09314 0.99522
vn -0.03314 0.84257 0.53757
vn -0.07344 0.5435 0.83619
vn -0.08684 0.1331 0.98729
vn -0.05336 0.15422 0.98659
vn -0.06396 0.17151 0.9831
vn -0.00939 0.16214 0.98672
vn 0.06383 0.03619 0.9973
vn -0.02266 0.75196 0.65881
vn -0.00022 0.16628 0.98608
vn 0.0038 0.17232 0.98503
vn 0.17483 0.50436 0.84561
vn -0.01438 0.0456 0.99886
vn -0.06013 0.08811 0.99429
vn -0.01841 0.07523 0.997
vn -0.05634 0.19119 0.97994
vn -0.07071 0.20008 0.97722
vn -0.03562 0.10566 0.99376
vn -0.01345 0.0992 0.99498
vn -0.00467 0.11884 0.9929
vn -0.03181 0.08649 0.99574
vn -0.07461 0.15329 0.98536
vn 0.05187 0.0922 0.99439
vn 0.10316 -0.07956 0.99148
vn 0.03163 0.13658 0.99012
vn 0.07113 0.13088 0.98884
vn 0.09968 0.09885 0.9901
vn -0.00893 0.14004 0.99011
vn -0.02648 0.1467 0.98883
vn -0.01328 0.14681 0.98908
vn -0.01701 0.14495 0.98929
vn 0.10741 0.02014 0.99401
vn 0.07887 -0.0739 0.99414
vn 0.09659 -0.30984 0.94587
vn -0.00864 0.13612 0.99065
vn -0.0237 0.05478 0.99822
vn -0.01719 0.04545 0.99882
vn -0.00835 0.03459 0.99937
vn -0.00217 0.02958 0.99956
vn -0.03153 0.0878 0.99564
vn -0.11684 -0.17168 0.9782
vn -0.1083 -0.07975 0.99091
vn -0.08559 0.21109 0.97371
vn 0.00709 -0.62746 0.77862
vn -0.00338 0.01048 0.99994
vn -0.05242 0.10181 0.99342
vn -0.3925 0.29634 0.8707
vn -0.16129 0.0916 0.98265
vn -0.15023 0.01224 0.98858
vn 0.0212 0.00047 0.99978
vn 0.00817 0.15572 0.98777
vn -0.11598 0.02488 0.99294
vn -0.00183 0.01091 0.99994
vn -0.02492 0.0114 0.99962
vn 0.11378 -0.0367 0.99283
vn -0.14063 0.07592 0.98715
vn -0.13283 0.05293 0.98972
vn -0.24202 0.15531 0.95776
vn -0.08646 0.05523 0.99472
vn -0.00341 0.05377 0.99855
vn -0.06993 0.05789 0.99587
vn 0.03951 0.0361 0.99857
vn 0.12621 -0.03469 0.9914
vn 0.02043 0.02483 0.99948
vn -0.08841 0.10037 0.99102
vn -0.25222 0.29488 0.92165
vn 0.37699 -0.88565 -0.27113
vn 0.45822 -0.61635 0.64042
vn 0.10094 -0.02737 0.99452
vn 0.19108 -0.11417 0.97491
vn 0.04424 0.04215 0.99813
vn -0.0239 0.02381 0.99943
vn -0.11794 -0.0105 0.99297
vn 0.02719 0.05104 0.99833
vn -0.26559 0.05026 0.96277
vn -0.71694 0.02015 0.69684
vn -0.17962 0.02013 0.98353
vn -0.15481 0.04513 0.98691
vn -0.39649 -0.03948 0.91719
vn -0.14864 0.0474 0.98775
vn -0.14442 0.09657 0.98479
vn -0.11398 0.04736 0.99235
vn -0.10568 -0.00935 0.99436
vn -0.14335 -0.02902 0.98925
vn -0.05896 -0.07653 0.99532
vn -0.01235 0.10012 0.9949
vn -0.09704 -0.04049 0.99446
vn -0.52511 0.08119 0.84715
vn -0.64537 -0.03214 0.76319
vn -0.07636 -0.01185 0.99701
vn -0.16998 -0.12704 0.97723
vn -0.01149 0.05344 0.9985
vn -0.04795 -0.03885 0.99809
vn -0.0231 -0.01517 0.99962
vn -0.04736 -0.01213 0.9988
vn -0.88334 -0.43121 0.18376
vn -0.00013 -0.04629 0.99893
vn -0.04751 -0.01299 0.99879
vn -0.0717 0.12261 0.98986
vn -0.05277 0.05359 0.99717
vn 0.03802 -0.18754 0.98152
vn -0.07426 -0.16823 0.98295
vn -0.02112 -0.16154 0.98664
vn 0.04139 -0.07147 0.99658
vn -0.78973 -0.60183 0.11883
vn -0.44622 -0.08802 0.89058
vn -0.06638 -0.12089 0.99044
vn 0.00997 -0.24494 0.96949
vn 0.02613 -0.16719 0.98558
vn -0.14631 -0.00909 0.9892
vn 0.10527 -0.18961 0.9762
vn -0.09262 0.11239 0.98934
vn -0.105 0.123 0.98684
vn -0.0779 -0.1443 0.98646
vn -0.00936 0.00556 0.99994
vn -0.11341 0.10017 0.98849
vn -0.08091 0.00209 0.99672
vn -0.06223 -0.08588 0.99436
vn 0.16497 -0.14491 0.97559
vn 0.09442 -0.18852 0.97752
vn -0.0408 0.0382 0.99844
vn -0.37728 -0.30995 0.87269
vn 0.03562 -0.06138 0.99748
vn 0.09515 -0.028 0.99507
vn -0.0703 -0.27163 0.95983
vn 0.07193 0.00704 0.99739
vn -0.62166 -0.7771 0.09827
vn -0.21459 -0.16153 0.96326
vn -0.19576 -0.14238 0.97026
vn 0.01423 0.00354 0.99989
vn -0.13282 -0.10544 0.98552
vn -0.16213 -0.13364 0.97768
vn -0.11098 -0.09938 0.98884
vn 0.02487 -0.06558 0.99754
vn -0.02986 0.0368 0.99888
vn -0.14719 0.13121 0.98037
vn 0.02337 -0.07548 0.99687
vn -0.0026 -0.00956 0.99995
vn -0.28103 -0.31936 0.905
vn 0.02602 -0.00802 0.99963
vn -0.08767 -0.0434 0.9952
vn -0.14715 -0.06631 0.98689
vn -0.17004 -0.11617 0.97856
vn -0.22253 -0.15985 0.96173
vn -0.20378 -0.17624 0.96302
vn -0.23366 -0.16486 0.95824
vn 0.19114 0.09223 0.97722
vn 0.08741 0.13863 0.98648
vn 0.20308 -0.00894 0.97912
vn 0.02242 0.14102 0.98975
vn 0.09563 0.09093 0.99126
vn -0.01628 0.00891 0.99983
vn -0.04412 0.01954 0.99883
vn -0.17579 -0.15772 0.97171
vn -0.13556 -0.16063 0.97766
vn 0.13054 -0.08093 0.98813
vn 0.81634 0.56001 0.14132
vn 0.25379 0.48842 0.83489
vn 0.09888 0.99506 0.0094
vn 0.01598 0.0221 0.99963
vn -0.03863 0.99905 0.01995
vn 0.03056 0.2407 0.97012
vn -0.01319 0.93357 0.35816
vn -0.06061 -0.01777 0.998
vn 0.04682 0.93353 0.35544
vn 0.01753 -0.00097 0.99985
vn 0.35853 0.93172 -0.05788
vn 0.03239 0.98558 0.16606
vn -0.01244 0.01208 0.99985
vn 0.0199 0.99524 0.09544
vn 0.02227 0.98294 0.18257
vn -0.03483 0.00326 0.99939
vn 0.05541 0.9866 -0.15346
vn -0.02778 0.99172 -0.12539
vn 0.01974 0.42548 0.90475
vn 0.00077 0.02409 0.99971
vn 0.04495 0.99867 0.02522
vn 0.01802 0.07755 0.99683
vn -0.01954 0.99848 -0.05162
vn 0.03608 0.98809 -0.14956
vn 0.02635 0.94486 0.32642
vn -0.02562 0.20177 0.9791
vn -0.03821 0.00436 0.99926
vn 0.0419 0.04961 0.99789
vn -0.08844 0.8315 0.54844
vn -0.01314 0.07771 0.99689
vn -0.22413 0.9745 -0.01089
vn -0.02545 0.98971 -0.14081
vn -0.01063 0.99905 -0.04238
vn 0.61291 0.78014 -0.12535
vn 0.26573 0.95031 -0.16217
vn 0.01941 0.99305 -0.11606
vn -0.08591 0.98578 -0.14444
vn 0.03483 0.98916 -0.14266
vn -0.01119 0.97161 -0.23634
vn 0.01162 0.99352 -0.11303
vn 0.05439 0.93951 -0.33818
vn 0.07987 0.89493 -0.439
vn 0.01353 0.92288 -0.38486
vn 0.03892 0.92197 -0.38529
vn 0.59565 0.75776 -0.26644
vn 0.07982 0.97135 -0.22386
vn -0.13773 0.91727 -0.37368
vn 0.07479 0.94044 -0.33162
vn -0.01818 0.93102 -0.36451
vn 0.38036 0.83855 -0.39007
vn 0.02436 0.88072 -0.47301
vn 0.79214 0.58423 -0.17659
vn -0.16601 0.8669 -0.47003
vn -0.28029 0.95676 -0.07778
vn -0.00357 0.97858 -0.20582
vn 0.05245 0.9299 -0.36407
vn -0.03169 0.96029 -0.27721
vn -0.09242 0.92745 -0.36235
vn -0.45677 0.83615 -0.30368
vn -0.01802 0.56083 -0.82773
vn -0.12387 0.3969 -0.90946
vn -0.21148 0.51827 -0.82866
vn -0.17971 0.4887 -0.85374
vn -0.04184 0.94657 -0.31977
vn -0.00829 0.28588 -0.95823
vn -0.03402 0.98995 -0.1373
vn 0.04487 0.41342 -0.90943
vn 0.0288 0.90328 -0.42808
vn 0.03684 0.40732 -0.91254
vn -0.01637 0.95505 -0.296
vn 0.00271 0.91509 -0.40324
vn -0.04531 0.99652 -0.06995
vn 0.04648 0.87172 -0.4878
vn -0.00061 0.41724 -0.9088
vn 0.05764 0.93971 -0.33707
vn -0.09563 0.24143 -0.9657
vn 0.04294 0.3022 0.95228
vn 0.0239 0.20547 0.97837
vn 0.10076 0.97288 -0.20821
vn 0.02899 0.86051 -0.50861
vn 0.07836 0.88666 -0.45574
vn -0.04756 0.69483 0.71759
vn -0.09378 0.79993 0.59271
vn -0.11155 0.59265 0.79769
vn -0.08081 0.98203 -0.17054
vn 0.01926 0.55968 0.82848
vn -0.0661 0.65184 0.75547
vn 0.02783 0.63807 0.76948
vn -0.00974 0.9303 0.36667
vn 0.00134 0.97606 -0.2175
vn -0.03 0.45351 0.89075
vn 0.03291 0.67351 0.73845
vn -0.00675 0.47782 0.87843
vn -0.10508 0.83475 0.54051
vn -0.02523 0.56131 0.82722
vn -0.14173 0.81395 -0.56337
vn -0.20702 0.42435 -0.88152
vn -0.12738 0.44711 -0.88536
vn 0.02834 0.43101 -0.9019
vn 0.66594 0.57132 0.47972
vn -0.02733 0.04732 0.99851
vn 0.35601 0.29606 0.88635
vn 0.413 0.1889 0.89092
vn 0.7629 0.13443 0.63239
vn 0.93809 0.34395 -0.04096
vn 0.75741 0.46368 0.45971
vn 0.50738 0.63421 0.58339
vn 0.04486 -0.12254 0.99145
vn 0.8182 0.56697 0.09537
vn 0.84243 0.53688 0.04543
vn 0.0274 0.08651 0.99587
vn 0.6632 0.74657 -0.05295
vn 0.67116 0.73211 0.11646
vn 0.03697 0.05866 0.99759
vn 0.33198 0.29397 0.89631
vn 0.54208 0.34 0.76847
vn 0.68776 0.50354 0.52291
vn -0.05374 -0.08401 0.99501
vn 0.72339 0.66791 0.17495
vn 0.37071 0.47555 0.79776
vn 0.72199 0.68531 0.09532
vn 0.68873 0.70181 -0.18197
vn -0.07318 -0.04473 0.99632
vn 0.63783 0.71155 0.29472
vn -0.03029 -0.03809 0.99882
vn 0.6703 0.73313 -0.115
vn 0.49488 0.77397 -0.39506
vn 0.387 0.48572 0.78378
vn 0.06852 0.09934 0.99269
vn 0.62015 0.69131 -0.37081
vn 0.63849 0.6105 0.46863
vn 0.75987 0.59196 -0.26866
vn 0.75399 0.65306 -0.07075
vn 0.74385 0.66027 -0.1036
vn 0.87181 0.48981 -0.00528
vn 0.78671 0.61229 -0.07871
vn 0.7177 0.69556 -0.03329
vn 0.62622 0.73678 -0.25496
vn 0.70612 0.66711 -0.23742
vn 0.71599 0.69047 -0.10301
vn 0.70502 0.70666 -0.05991
vn 0.69184 0.6768 -0.2516
vn 0.94967 0.30675 0.06351
vn 0.55559 0.74552 -0.36814
vn 0.63893 0.73533 -0.22595
vn 0.77084 0.6179 -0.15493
vn 0.74426 0.6657 -0.0541
vn 0.77089 0.59818 -0.21888
vn 0.5234 0.74052 -0.42152
vn 0.51443 0.74459 -0.42538
vn 0.68348 0.6793 -0.26723
vn 0.43894 0.76891 -0.46487
vn 0.73457 0.63603 -0.23638
vn 0.77215 0.63514 0.01948
vn 0.06263 0.08567 0.99435
vn 0.22891 0.29231 0.92853
vn 0.19833 0.16746 0.96572
vn 0.18055 0.18827 0.96538
vn 0.67828 0.71968 0.14834
vn 0.10341 0.21866 0.97031
vn 0.13645 0.10799 0.98474
vn 0.25087 0.23318 0.93952
vn 0.48044 0.70439 -0.52251
vn 0.42751 0.74703 -0.5091
vn 0.66054 0.64026 -0.39212
vn 0.04467 0.19989 0.9788
vn 0.57595 0.80557 -0.13905
vn 0.13119 0.16174 -0.97808
vn 0.67217 0.52988 -0.51713
vn 0.05198 0.29825 -0.95307
vn 0.74963 0.58508 -0.3094
vn 0.27607 0.36493 -0.88916
vn 0.64218 0.72631 -0.24513
vn 0.69709 0.65086 -0.30075
vn 0.52838 0.69675 -0.48514
vn 0.48948 0.609 -0.62412
vn 0.50298 0.69856 -0.50894
vn 0.46074 0.50237 -0.73167
vn 0.37642 0.50357 -0.77764
vn 0.56273 0.61152 -0.55622
vn 0.15349 0.12942 -0.97964
vn 0.47431 0.64104 -0.60341
vn 0.64054 0.68227 -0.35244
vn 0.16512 0.27515 -0.94712
vn 0.03639 0.34551 -0.93771
vn 0.20507 0.49973 -0.84155
vn 0.78749 0.52285 -0.32632
vn 0.67053 0.3566 0.65056
vn 0.79594 0.57827 0.17912
vn 0.98013 -0.10288 0.16959
vn 0.47456 0.02011 0.88
vn -0.00321 0.00855 0.99996
vn 0.82086 -0.4831 0.30464
vn 0.99929 0.00665 -0.03706
vn 0.16601 -0.02432 0.98582
vn 0.99674 0.04378 -0.06772
vn -0.02527 -0.02651 0.99933
vn 0.98678 0.00782 0.16187
vn 0.93788 -0.34679 -0.01073
vn 0.98722 -0.02624 -0.15718
vn -0.00267 0.00795 0.99996
vn 0.47562 0.06507 0.87724
vn -0.06041 -0.02602 0.99783
vn 0.97375 0.06262 -0.21885
vn 0.06591 0.02184 0.99759
vn 0.69218 0.03024 0.7211
vn 0.27708 0.02386 0.96055
vn 0.70033 9E-05 0.71381
vn -0.02035 0.01303 0.99971
vn 0.99416 0.02547 0.10483
vn 0.05897 -0.07653 0.99532
vn 0.99889 0.00728 -0.04653
vn 0.99201 0.03182 -0.12205
vn 0.99383 0.03042 0.10663
vn 0.97255 0.03917 -0.22937
vn 0.98648 0.03612 -0.15983
vn 0.9991 0.00245 -0.04243
vn 0.99926 0.03065 -0.0233
vn 0.59303 -0.00841 0.80513
vn 0.64135 -0.04717 0.7658
vn 0.92403 -0.00814 0.38223
vn 0.79051 -0.0463 0.6107
vn 0.59888 -0.04009 0.79983
vn 0.75895 -0.02008 0.65084
vn 0.94845 -0.01543 0.31656
vn 0.92832 0.01537 0.37146
vn 0.6787 0.07684 0.73039
vn 0.96738 0.01721 0.25276
vn 0.99924 0.01216 -0.03693
vn 0.75449 0.04809 0.65455
vn 0.78532 -0.03562 0.61807
vn 0.99836 0.01901 -0.05404
vn 0.81878 -0.04738 0.57215
vn 0.72745 -0.02428 0.68573
vn 0.52064 0.05517 0.85199
vn 0.97655 0.00501 0.21524
vn 0.95754 -0.01607 0.28787
vn 0.98811 0.03247 -0.15028
vn 0.66583 -0.10478 -0.73871
vn 0.81978 0.00693 -0.57264
vn 0.72712 -0.68178 0.08039
vn 0.36789 -0.34326 0.86419
vn 0.57377 -0.57482 0.58341
vn 0.17349 -0.16274 0.9713
vn -0.036 0.00495 0.99934
vn 0.71137 -0.68867 0.14031
vn -0.00755 -0.06549 0.99782
vn 0.66469 -0.62327 0.41198
vn 0.01897 -0.05145 0.9985
vn 0.74001 -0.637 0.2159
vn 0.71298 -0.68478 0.15078
vn 0.71281 -0.67802 0.17942
vn 0.71479 -0.68003 0.16318
vn 0.71438 -0.69399 0.0897
vn 0.02303 0.05526 0.99821
vn 0.70771 -0.69627 0.11979
vn 0.50066 -0.40087 0.76723
vn 0.44296 -0.34818 0.82617
vn -0.05755 0.09764 0.99356
vn 0.06693 0.01838 0.99759
vn 0.63724 -0.63168 0.44148
vn 0.6883 -0.71866 0.09879
vn -0.02592 0.03604 0.99901
vn 0.70199 -0.70942 0.06268
vn 0.44015 -0.8928 0.09578
vn 0.45207 -0.43617 0.77807
vn 0.71445 -0.68273 -0.15313
vn 0.7002 -0.7134 0.02785
vn 0.59496 -0.62357 -0.50713
vn 0.62389 -0.66024 -0.41814
vn 0.64852 -0.66385 -0.37246
vn 0.51436 -0.58342 -0.62854
vn 0.43943 -0.34189 -0.83067
vn 0.54893 -0.48887 -0.678
vn 0.64954 -0.64297 -0.40582
vn 0.70947 -0.7034 0.04335
vn 0.34379 -0.27282 -0.89854
vn 0.09036 -0.99527 0.03568
vn 0.2635 -0.9635 0.04735
vn 0.66712 -0.74443 0.02777
vn 0.71133 -0.7025 0.02252
vn -0.01678 0.09126 -0.99569
vn 0.64076 -0.69295 -0.33053
vn 0.59255 -0.65347 -0.47102
vn 0.356 -0.46262 -0.81194
vn 0.2847 -0.42755 -0.85799
vn 0.6946 -0.71872 -0.03129
vn 0.17383 -0.97096 -0.16439
vn 0.56334 -0.5746 -0.5937
vn 0.4989 -0.50923 -0.70128
vn 0.5567 -0.58074 -0.59399
vn 0.39573 -0.43314 -0.8098
vn 0.11316 -0.35655 -0.9274
vn -0.06897 0.09183 0.99338
vn 0.02674 -0.91033 0.41302
vn -0.20176 -0.84993 0.48673
vn -0.23585 -0.96989 -0.06067
vn -0.01857 0.01176 0.99976
vn -0.0421 -0.99492 0.09147
vn -0.1622 -0.4074 0.89873
vn -0.18291 -0.98136 -0.05898
vn 0.04251 -0.96032 0.27565
vn 0.00332 -0.0252 0.99968
vn -0.06221 -0.97797 0.19928
vn -0.01894 -0.99827 0.05562
vn 0.00099 -0.99517 0.09818
vn -0.02548 -0.99764 0.06376
vn -0.19491 -0.98078 -0.0084
vn -0.23633 -0.97089 0.03908
vn -0.01995 -0.93488 0.3544
vn 0.07173 -0.97101 0.22803
vn -0.03707 -0.97741 0.20805
vn -0.01145 -0.97115 0.2382
vn -0.04188 -0.99595 -0.07958
vn 0.04534 -0.08021 0.99575
vn -0.03754 -0.92215 0.38501
vn -0.00956 -0.83438 0.55111
vn 0.03484 -0.85684 0.51441
vn -0.01441 0.03966 0.99911
vn -0.05552 -0.99799 0.03042
vn 0.03955 -0.96262 0.26796
vn -0.08141 -0.92858 0.3621
vn -0.14113 -0.9843 0.10602
vn 0.00353 -0.99009 0.14041
vn 0.0297 -0.08397 0.99603
vn 0.11543 -0.95915 0.25827
vn -0.01664 -0.91007 0.41413
vn -0.24534 -0.87807 0.41085
vn 0.14523 -0.89176 0.42857
vn 0.01957 -0.99572 0.09036
vn -0.10348 -0.97352 0.20383
vn -0.21361 -0.95884 0.18706
vn 0.02122 -0.95702 0.28924
vn -0.6575 -0.73954 0.1441
vn -0.4231 -0.89606 0.13444
vn 0.14204 -0.93264 0.33168
vn 0.19133 -0.88202 0.43061
vn -0.11452 -0.93877 0.32496
vn 0.07305 -0.92163 0.38113
vn 0.04645 -0.93112 0.36174
vn -0.01765 -0.55019 -0.83485
vn -0.05794 -0.79109 -0.60895
vn -0.05586 -0.43385 0.89925
vn -0.23959 -0.92312 0.30074
vn -0.07388 -0.27605 0.9583
vn 0.09688 -0.90552 0.4131
vn 0.06901 -0.82893 0.55508
vn -0.02084 -0.90457 0.42581
vn 0.00137 -0.53468 0.84505
vn -0.01924 -0.97517 0.2206
vn -0.00706 -0.50041 0.86576
vn -0.18496 -0.90453 0.3842
vn 0.04369 -0.97734 0.20713
vn -0.30193 -0.89782 0.32057
vn -0.01301 -0.99571 -0.09161
vn 0.01693 -0.96973 0.24359
vn -0.14578 -0.93763 0.3156
vn 0.10539 -0.99443 0.00079
vn 0.19939 -0.87857 0.43399
vn -0.03772 -0.22406 0.97384
vn -0.15085 -0.81841 0.55448
vn -0.03558 -0.26871 0.96256
vn 0.08893 -0.5658 0.81973
vn 0.10193 -0.48344 0.86942
vn 0.10631 -0.89364 0.43601
vn 0.0487 -0.27124 0.96128
vn -0.15628 -0.95441 0.25433
vn 0.07105 -0.24971 -0.96571
vn -0.0005 -0.07016 -0.99754
vn -0.2146 -0.97643 -0.02322
vn -0.5283 -0.84476 0.08537
vn 0.01839 -0.27999 -0.95983
vn 0.01554 -0.26441 -0.96428
vn -0.03269 -0.29369 -0.95534
vn 0.01381 -0.27246 -0.96207
vn -0.12917 -0.30284 -0.94425
vn -0.55002 -0.80533 0.22119
vn -0.23487 -0.77133 -0.59152
vn -0.19119 -0.15184 0.96974
vn -0.60503 -0.67911 0.41564
vn 0.07733 -0.0983 0.99215
vn 0.0633 -0.07019 0.99552
vn -0.08666 -0.14263 0.98598
vn -0.64264 -0.74832 0.16441
vn -0.6812 -0.73013 0.05358
vn -0.68777 -0.71164 0.14335
vn -0.44709 -0.5272 0.72262
vn -0.06239 0.07826 0.99498
vn -0.71073 -0.6911 0.13132
vn -0.49697 -0.26887 0.82507
vn -0.71554 -0.67117 0.19373
vn -0.09121 0.13751 0.98629
vn -0.73437 -0.6548 0.17869
vn -0.27383 -0.17295 0.9461
vn -0.62474 -0.76002 0.17909
vn -0.67505 -0.60289 0.42524
vn -0.68014 -0.64562 0.34726
vn -0.61568 -0.67635 0.40435
vn -0.69761 -0.67813 0.23126
vn -0.70272 -0.69321 0.16016
vn -0.57218 -0.73871 0.35625
vn -0.46776 -0.72513 0.50536
vn -0.64866 -0.7059 0.2845
vn -0.58693 -0.61829 0.52272
vn -0.71524 -0.62192 0.31881
vn -0.70992 -0.66213 0.24
vn -0.277 -0.39924 0.874
vn -0.63384 -0.66704 0.39154
vn -0.7005 -0.70753 0.09328
vn -0.63718 -0.72479 0.26206
vn 0.02383 0.00247 0.99971
vn -0.00757 0.00142 0.99997
vn -0.65607 -0.65155 0.38085
vn -0.70516 -0.67567 0.21499
vn -0.30175 -0.30469 0.90339
vn -0.71313 -0.68103 0.16627
vn -0.69326 -0.71478 0.09203
vn -0.62604 -0.72083 0.29746
vn -0.38788 -0.40873 0.82613
vn -0.05348 0.10265 0.99328
vn -0.5581 -0.5172 0.64887
vn -0.93813 -0.33483 0.08827
vn -0.71085 -0.69078 0.13233
vn -0.12212 -0.018 0.99235
vn -0.64641 -0.74397 0.16933
vn -0.67061 -0.73763 0.07862
vn -0.69554 -0.70588 0.13404
vn -0.64194 -0.5977 0.48027
vn -0.6786 -0.60715 0.41337
vn -0.73838 -0.57133 0.35829
vn -0.65791 -0.67253 0.33891
vn -0.36726 -0.19179 0.91013
vn -0.3408 -0.20172 0.91824
vn -0.44199 -0.33179 -0.8334
vn -0.3374 -0.34723 -0.87498
vn -0.53264 -0.80639 0.25695
vn -0.59805 -0.42693 -0.67829
vn -0.67983 -0.70783 0.19184
vn -0.58996 -0.42352 -0.68744
vn -0.67713 -0.61993 0.39646
vn -0.58677 -0.63674 0.50026
vn -0.4861 -0.43974 -0.75521
vn -0.50341 -0.45161 -0.73663
vn -0.60194 -0.7651 0.22865
vn -0.41303 -0.42952 -0.80306
vn -0.35444 -0.39981 -0.84529
vn -0.38785 -0.34311 -0.85548
vn -0.44856 -0.349 -0.8228
vn -0.32943 -0.51676 -0.79021
vn -0.03629 -0.30967 -0.95015
vn -0.32413 -0.19768 -0.92513
vn -0.07639 -0.22573 -0.97119
vn -0.65159 -0.70149 0.28867
vn -0.76627 -0.59658 0.23859
vn -0.65735 -0.75106 -0.0616
vn -0.63165 -0.71932 0.28913
vn -0.64822 -0.62192 0.43935
vn -0.70482 -0.6207 0.34346
vn -0.69026 -0.55535 0.46381
vn -0.36324 -0.27552 -0.89003
vn -0.43352 -0.13794 -0.89052
vn -0.72972 -0.6325 0.25972
vn -0.41095 -0.34541 0.84369
vn -0.56232 -0.64732 -0.51457
vn -0.13037 -0.2141 0.96807
vn -0.84633 -0.42958 0.31494
vn -0.75551 -0.55728 0.34444
vn -0.6659 -0.64577 0.37358
vn -0.29306 -0.29951 0.90797
vn -0.18475 -0.25345 0.94954
vn -0.5315 -0.67859 0.50697
vn -0.18687 -0.05039 0.98109
vn -0.07537 -0.00528 0.99714
vn -0.38474 -0.17368 0.90654
vn -0.98908 -0.05108 0.13826
vn -0.00273 -0.04512 0.99898
vn -0.31975 -0.0456 0.9464
vn -0.6158 -0.00682 0.78787
vn 0.00595 0.00068 0.99998
vn -0.99944 -0.01485 0.02984
vn -0.01734 -0.07967 0.99667
vn -0.85945 -0.00774 0.51117
vn -0.99937 -0.02871 0.02067
vn -0.97503 -0.03686 0.21897
vn -0.99975 -0.02229 -0.00091
vn -0.99953 -0.01474 0.02683
vn -0.72949 -0.03116 0.68328
vn -0.01471 -0.07417 0.99714
vn -0.46313 0.05709 0.88445
vn -0.98882 0.01627 0.14824
vn -0.70513 0.0232 0.70869
vn -0.15071 0.14743 0.97752
vn -0.95651 0.05314 0.2868
vn -0.00787 -0.04892 0.99877
vn -0.93094 -0.03944 0.36304
vn 0.03381 -0.13375 0.99044
vn -0.98222 0.01897 0.1868
vn -0.9884 -0.00097 0.15186
vn -0.24645 0.01278 0.96907
vn 0.02395 0.06816 0.99739
vn -0.92336 0.17266 0.34291
vn -0.98821 0.08234 0.12905
vn -0.90562 0.42398 -0.00941
vn -0.99705 0.01218 0.07574
vn -0.99328 0.00424 0.11565
vn -0.57245 -0.03387 0.81924
vn -0.95394 -0.00989 0.29983
vn -0.936 -0.02676 0.35099
vn -0.94821 -0.00024 0.31765
vn -0.98356 -0.00578 0.18051
vn -0.98391 -0.00794 0.17849
vn -0.94738 0.01981 0.3195
vn -0.99838 -0.00884 -0.05617
vn -0.99968 -0.00811 -0.02414
vn -0.69084 -0.0056 -0.72298
vn -0.99963 -0.02633 -0.00748
vn -0.98547 0.12933 0.11014
vn -0.98717 0.03378 -0.15604
vn -0.99605 -0.00404 -0.0887
vn -0.97403 -0.00478 0.22636
vn -0.97738 -0.07948 -0.19598
vn -0.15305 -0.14753 -0.97714
vn 0.03212 -0.1439 -0.98907
vn -0.9556 -0.00298 -0.29466
vn -0.75946 -0.11993 -0.6394
vn -0.31605 -0.0204 -0.94852
vn -0.92412 0.36674 -0.10727
vn -0.51636 0.07743 -0.85286
vn -0.69064 0.18865 -0.69816
vn -0.99146 0.0359 0.12536
vn -0.70226 0.16601 -0.6923
vn -0.65554 -0.03802 -0.7542
vn -0.60575 -0.02874 -0.79513
vn -0.61915 0.77978 0.09267
vn -0.1324 -0.00639 0.99118
vn -0.52292 0.51911 0.67608
vn -0.69295 0.72079 -0.0168
vn -0.51285 0.50961 0.69086
vn 0.05504 0.05783 0.99681
vn -0.08274 0.137 0.98711
vn -0.30361 0.28962 0.90771
vn 0.00165 -0.00049 1
vn -0.67748 0.73101 -0.08154
vn -0.00638 0.00654 0.99996
vn 0.01428 0.03999 0.9991
vn -0.70551 0.70614 0.06015
vn -0.66926 0.7193 -0.18628
vn -0.72029 0.67202 0.17198
vn 0.01368 0.00058 0.99991
vn -0.70723 0.70698 0.00209
vn -0.68015 0.716 -0.15731
vn -0.70873 0.70533 -0.01451
vn -0.69232 0.70878 -0.13536
vn -0.30809 0.56201 -0.76761
vn -0.66401 0.72375 -0.18782
vn -0.75627 0.64211 -0.12551
vn -0.65876 0.73075 -0.17902
vn -0.30032 0.32126 0.89811
vn -0.44129 0.44622 0.77855
vn -0.34498 0.38096 0.85782
vn -0.3085 0.33669 0.88964
vn -0.69645 0.70796 0.11724
vn -0.1262 0.18421 0.97475
vn -0.69142 0.71316 0.11549
vn -0.70404 0.69222 0.15858
vn -0.27792 0.33767 0.8993
vn -0.70746 0.70609 0.03053
vn -0.70451 0.70639 0.0684
vn -0.62629 0.65853 -0.41725
vn -0.50609 0.33403 -0.79517
vn -0.34204 0.3549 -0.87009
vn -0.58237 0.63328 -0.50971
vn -0.66088 0.66913 0.33987
vn 0.04218 -0.00316 0.9991
vn 0.03973 -0.00623 0.99919
vn -0.01227 -0.01436 0.99982
vn -0.05538 -0.03202 0.99795
vn -0.07824 -0.03782 0.99622
vn 0.01204 0.0008 0.99993
vn 0.02571 -0.01271 0.99959
vn 0.02736 0.00524 0.99961
vn -0.006 -0.00088 0.99998
vn -0.01826 -0.02112 0.99961
vn 0.00953 0.00202 0.99995
vn 0.04045 -0.02422 0.99889
vn 0.00786 -0.00398 0.99996
vn 0.00875 -0.0008 0.99996
vn -6E-05 0.00152 1
vn 0.00645 -0.01247 0.9999
vn 0.00537 -0.00617 0.99997
vn 0.00593 -0.00109 0.99998
vn 0.00194 -0.00039 1
vn -0.04056 0.0157 0.99905
vn -0.00875 -0.00062 0.99996
vn -0.00313 -0.00077 0.99999
vn -0.01999 0.0027 0.9998
vn -0.01149 -0.00759 0.99991
vn 0.00017 -0.00018 1
vn -0.02164 -0.00564 0.99975
vn 0.02607 -0.00568 0.99964
vn -0.00836 -0.00596 0.99995
vn -0.00817 -0.00847 0.99993
vn 0.00341 -0.00093 0.99999
vn 0.01633 -0.0042 0.99986
vn -0.00519 -0.03247 0.99946
vn 0.04521 -0.01923 0.99879
vn -0.02362 -0.04106 0.99888
vn 0.01818 0.00712 0.99981
vn 0.00907 -0.01345 0.99987
vn 0.03859 -0.00532 0.99924
vn 0.04289 0.00301 0.99908
vn -0.00141 -0.02179 0.99976
vn -0.01453 0.0001 0.99989
vn -0.02513 -0.0197 0.99949
vn 0.00466 0.00258 0.99999
vn 9E-05 0.00463 0.99999
vn -0.02118 -0.00564 0.99976
vn -0.00776 0.01791 -0.99981
vn 0.0089 -0.02216 -0.99972
vn 0.00549 -0.01953 -0.99979
vn -0.00837 -0.01202 -0.99989
vn 0.01441 -0.02904 -0.99947
vn 0.03084 -0.05303 -0.99812
vn 0.0493 -0.12508 -0.99092
vn 0.00797 -0.03122 -0.99948
vn -0.02205 0.00053 -0.99976
vn 0.03294 -0.08231 -0.99606
vn 0.00573 -0.03054 -0.99952
vn 0.01558 -0.0251 -0.99956
vn -0.01177 -0.01247 -0.99985
vn 0.01041 -0.08409 -0.9964
vn -0.03497 -0.03041 -0.99893
vn -0.0134 -0.02491 -0.9996
vn -0.02578 -0.02148 -0.99944
vn -0.01093 0.00356 -0.99993
vn -0.00875 0.01762 -0.99981
vn 0.05953 -0.11405 -0.99169
vn 0.05207 -0.11466 -0.99204
vn 0.03319 0.02535 -0.99913
vn 0.0259 0.05524 -0.99814
vn 0.06149 -0.0834 -0.99462
vn 0.5596 0.25558 -0.78837
vn 0.12675 0.01344 -0.99184
vn 0.49774 0.4737 -0.72654
vn 0.00833 0.00913 -0.99992
vn -0.0285 -0.03531 -0.99897
vn 0.11603 0.15287 -0.98141
vn 0.43558 0.46085 -0.77323
vn -0.01785 0.014 -0.99974
vn -0.04017 0.02843 -0.99879
vn 0.02248 -0.03768 -0.99904
vn -0.04205 0.04122 -0.99826
vn -0.04357 -0.02492 -0.99874
vn 0.04691 -0.00752 -0.99887
vn -0.02995 0.05756 -0.99789
vn 0.34264 0.33797 -0.87657
vn 0.31364 0.29183 -0.90359
vn 0.34764 0.42112 -0.83774
vn 0.46081 0.40081 -0.79184
vn 0.0385 0.18444 -0.98209
vn 0.09166 0.01994 -0.99559
vn -0.02927 -0.01176 -0.9995
vn 0.01254 -0.06044 -0.99809
vn -0.04147 0.02582 -0.99881
vn -0.01783 0.01514 -0.99973
vn -0.03285 -0.00164 -0.99946
vn -0.04892 -0.07967 -0.99562
vn -0.05661 -0.05812 -0.9967
vn -0.03767 0.01853 -0.99912
vn 0.01803 -0.08486 -0.99623
vn -0.02652 0.00778 -0.99962
vn 0.05453 -0.10252 -0.99323
vn -0.0204 0.02918 -0.99937
vn -0.03785 0.06728 -0.99702
vn -0.04535 0.0549 -0.99746
vn 0.10844 -0.13852 -0.9844
vn 0.09552 -0.16404 -0.98182
vn -0.02617 -0.0391 -0.99889
vn -0.02712 0.11625 -0.99285
vn -0.0129 -0.00267 -0.99991
vn 0.61836 0.38797 -0.68346
vn 0.52365 0.62734 -0.5764
vn 0.37456 0.44786 -0.81187
vn 0.1366 -0.05858 -0.98889
vn -0.0698 0.05573 -0.996
vn 0.37179 0.49267 -0.78679
vn 0.39699 0.51381 -0.76052
vn 0.01468 0.1212 -0.99252
vn 0.10447 0.23395 -0.96662
vn 0.5069 0.49729 -0.7041
vn -0.00225 -0.00723 -0.99997
vn -0.01856 -0.05784 -0.99815
vn 0.19724 0.12204 -0.97273
vn 0.54866 0.49194 -0.67599
vn -0.01275 -0.00325 -0.99991
vn 0.03745 -0.0891 -0.99532
vn -0.01997 -0.08475 -0.9962
vn 0.24377 0.09734 -0.96494
vn 0.19933 0.59016 -0.78229
vn -0.04605 0.04261 -0.99803
vn -0.04384 0.05439 -0.99756
vn -0.05569 0.06546 -0.9963
vn 0.01414 -0.0308 -0.99943
vn -0.03474 0.02331 -0.99912
vn 0.02365 -0.09039 -0.99563
vn -0.04634 0.02931 -0.9985
vn -0.06216 0.03939 -0.99729
vn 0.01008 -0.09376 -0.99554
vn -0.0206 0.03251 -0.99926
vn -0.00499 0.00727 -0.99996
vn -0.01234 -0.0487 -0.99874
vn -0.15294 -0.15547 -0.97593
vn -0.35295 -0.3426 -0.87066
vn -0.03937 -0.22398 -0.9738
vn 0.05825 -0.02298 -0.99804
vn -0.28071 -0.38926 -0.87731
vn -0.34269 -0.29733 -0.89116
vn -0.13536 -0.21906 -0.96628
vn -0.10964 0.02296 -0.99371
vn -0.02835 0.11541 -0.99291
vn 0.02299 0.041 -0.99889
vn 0.00902 0.00166 -0.99996
vn 0.0499 -0.05578 -0.9972
vn -0.03412 -0.03623 -0.99876
vn -0.28727 -0.28004 -0.916
vn -0.07872 -0.06867 -0.99453
vn 0.0376 -0.13129 -0.99063
vn -0.01248 -0.02517 -0.99961
vn -0.0895 -0.02155 -0.99575
vn -0.07553 -0.0446 -0.99615
vn -0.00971 -0.03876 -0.9992
vn 0.03535 -0.00555 -0.99936
vn -0.10193 -0.00915 -0.99475
vn -0.09907 0.0613 -0.99319
vn -0.04722 -0.05327 -0.99746
vn 0.07324 -0.06498 -0.9952
vn 0.07297 -0.00014 -0.99733
vn 0.21374 0.03265 -0.97635
vn 0.002 0.01783 -0.99984
vn 0.04805 0.0109 -0.99879
vn 0.04691 0.08406 -0.99536
vn -0.02804 -0.01233 -0.99953
vn 0.06289 0.01031 -0.99797
vn 0.1411 0.03175 -0.98949
vn 0.00723 0.00238 -0.99997
vn 0.01782 0.00319 -0.99984
vn -0.03753 0.092 -0.99505
vn 0.10507 -0.08687 -0.99066
vn -0.07849 0.04536 -0.99588
vn -0.00764 -0.01727 -0.99982
vn -0.42503 -0.32454 -0.845
vn -0.22406 -0.01259 -0.9745
vn -0.38092 -0.21379 -0.89955
vn -0.46474 -0.33823 -0.8183
vn -0.03301 0.06563 -0.9973
vn 0.14222 0.07658 -0.98687
vn 0.13819 0.12413 -0.9826
vn -0.08115 0.03863 -0.99595
vn 0.17924 0.08661 -0.97999
vn 0.05809 0.0415 -0.99745
vn -0.10926 -0.1323 -0.98517
vn 0.07516 0.07069 -0.99466
vn -0.21276 -0.23948 -0.9473
vn 0.0304 0.02354 -0.99926
vn -0.00918 0.01214 -0.99988
vn 0.01242 -0.00347 -0.99992
vn -0.23977 -0.28625 -0.92767
vn 0.04575 0.05109 -0.99765
vn 0.03191 0.02446 -0.99919
vn -0.00212 -0.10385 -0.99459
vn -0.05427 0.00524 -0.99851
vn -0.04064 0.01642 -0.99904
vn -0.05509 0.01655 -0.99834
vn -0.13333 -0.015 -0.99096
vn 0.06569 0.03175 -0.99734
vn 0.06901 0.03852 -0.99687
vn -0.00063 -0.00124 -1
vn 0.01664 0.00612 -0.99984
vn -4E-05 0.01541 -0.99988
vn 0.01074 0.01015 -0.99989
vn -0.00208 -0.00122 -1
vn -0.02449 -0.00133 -0.9997
vn -0.00761 0.0047 -0.99996
vn -0.00406 0.00404 -0.99998
vn 0.01202 -0.00082 -0.99993
vn -0.01529 0.00086 -0.99988
vn 0.01829 0.00134 -0.99983
vn 0.05791 0.01356 -0.99823
vn 0.00127 -0.00225 -1
vn -0.00648 0.00029 -0.99998
vn 0.00316 0.00477 -0.99998
vn -0.00401 0.00285 -0.99999
vn -0.00399 0.00078 -0.99999
vn -0.00966 0.00742 -0.99993
vn -0.00452 -0.00464 -0.99998
vn 0.00886 -0.01646 -0.99983
vn 0.00133 -0.0021 -1
vn 0.0016 -0.00544 -0.99998
vn -0.04208 0.04361 -0.99816
vn -0.01336 -0.00088 -0.99991
vn -0.05791 0.01218 -0.99825
vn -0.02478 -0.0115 -0.99963
vn 0.01497 -0.06253 -0.99793
vn -0.02961 -0.02439 -0.99926
vn 0.00245 0.01185 -0.99993
vn -0.03989 -0.00661 -0.99918
vn -0.06521 0.00033 -0.99787
vn -0.00784 0.00054 -0.99997
vn -0.0842 -0.0306 -0.99598
vn -0.03434 0.017 -0.99927
vn -0.08058 0.05982 -0.99495
vn -0.06429 0.06161 -0.99603
vn 0.09787 -0.19227 -0.97645
vn -0.03257 -0.04218 -0.99858
vn -0.01499 -0.08879 -0.99594
vn 0.04946 0.03494 -0.99817
vn -0.07809 0.14745 -0.98598
vn 0.22354 0.12122 -0.96713
vn 0.17606 0.19987 -0.96387
vn 0.52745 0.03743 -0.84876
vn 0.36876 0.2393 -0.8982
vn 0.03679 0.30144 -0.95277
vn -0.18129 0.0843 -0.97981
vn -0.14349 0.05353 -0.9882
vn -0.0248 -0.01568 -0.99957
vn -0.10563 0.1122 -0.98805
vn -0.08062 0.10564 -0.99113
vn -0.09749 0.11107 -0.98902
vn 0.21014 -0.15165 -0.96584
vn 0.07932 -0.15465 -0.98478
vn 0.15215 -0.12472 -0.98046
vn 0.54299 -0.09976 -0.83379
vn 0.02913 0.03959 -0.99879
vn -0.01703 0.07226 -0.99724
vn 0.73269 -0.04967 -0.67874
vn 0.3274 0.06017 -0.94297
vn 0.47608 0.01796 -0.87922
vn 0.00915 -0.09404 -0.99553
vn 0.01598 -0.09904 -0.99496
vn 0.08326 -0.15413 -0.98454
vn -0.01802 0.01115 -0.99978
vn -0.0062 -0.00029 -0.99998
vn -0.01558 0.02287 -0.99962
vn -0.02132 -0.00097 -0.99977
vn -0.01335 -0.01156 -0.99984
vn -0.04818 0.03573 -0.9982
vn -0.05224 0.0067 -0.99861
vn 0.0233 0.01022 -0.99968
vn 0.04277 0.02695 -0.99872
vn 0.59736 -1E-05 -0.80197
vn 0.35754 0.00918 -0.93385
vn 0.08695 -0.02182 -0.99597
vn 0.64966 0.00172 -0.76022
vn -0.03174 0.02718 -0.99913
vn -0.00182 0.03618 -0.99934
vn 0.48016 0.01636 -0.87703
vn 0.45472 0.02012 -0.8904
vn 0.63955 0.06703 -0.76582
vn -0.01992 -0.00767 -0.99977
vn -0.03136 0.00933 -0.99946
vn -0.01033 -0.00097 -0.99995
vn 0.00996 -0.02931 -0.99952
vn -0.03705 0.01387 -0.99922
vn -0.01772 -0.0406 -0.99902
vn -0.2717 0.31281 -0.91013
vn 0.02197 0.00482 -0.99975
vn 0.01284 -0.0029 -0.99991
vn -0.01265 0.07683 -0.99696
vn 0.02592 0.00696 -0.99964
vn -0.44479 0.43532 -0.78272
vn -0.03489 -0.00571 -0.99937
vn -0.01187 -0.008 -0.9999
vn 0.04432 -0.02419 -0.99872
vn -0.04737 -0.04468 -0.99788
vn -0.06315 -0.00341 -0.998
vn -0.42894 0.46458 -0.77471
vn -0.24164 0.2001 -0.94951
vn 0.06127 0.01017 -0.99807
vn 0.04236 -0.00023 -0.9991
vn -0.00776 -0.02215 -0.99972
vn 0.06029 -0.02012 -0.99798
vn -0.13706 0.17267 -0.9754
vn 0.04669 0.05694 -0.99728
vn 0.07466 -0.00677 -0.99719
vn 0.06117 -0.01509 -0.99801
vn -0.00312 0.01393 -0.9999
vn -0.00335 -0.01183 -0.99992
vn -0.00746 -0.00612 -0.99995
vn 0.0025 -0.00635 -0.99998
vn -0.00092 -0.01203 -0.99993
vn -0.00944 0.00329 -0.99995
vn 0.00865 -0.02517 -0.99965
vn -0.0099 -0.0007 -0.99995
vn -0.00437 0.01196 -0.99992
vn -0.2531 0.38187 -0.88888
vn -0.03842 0.02558 -0.99893
vn -0.41403 0.32755 -0.84929
vn -0.00412 -0.00441 -0.99998
vn 0.01763 -0.05365 -0.9984
vn 0.00468 -0.01654 -0.99985
vn -0.41543 0.38444 -0.82439
vn -0.13898 0.05853 -0.98856
vn -0.00794 -0.08984 -0.99592
vn -0.10759 0.03759 -0.99348
vn 0.00514 -0.05376 -0.99854
vn 0.05607 -0.09807 -0.9936
vn 0.06506 -0.07659 -0.99494
vn -0.46962 0.41996 -0.77659
vn -0.21849 0.17243 -0.96049
vn -0.01083 -0.05253 -0.99856
vn -0.01198 0.0131 -0.99984
vn -0.00632 0.0119 -0.99991
vn -0.01649 0.02661 -0.99951
vn 0.0346 -0.04317 -0.99847
vn 0.02284 -0.02664 -0.99938
vn 0.00103 -0.00302 -0.99999
vn -0.01483 0.01429 -0.99979
vn -0.50297 0.43615 -0.74619
vn -0.26017 0.18484 -0.94771
vn -0.13004 0.08576 -0.98779
vn 0.06487 -0.09029 -0.9938
vn 0.03725 -0.05498 -0.99779
vn -0.27134 0.58497 -0.76432
vn -0.14745 0.22994 -0.96197
vn 0.02532 0.00981 -0.99963
vn 0.06568 -0.09139 -0.99365
vn -0.00115 0.0044 -0.99999
vn -0.03029 -0.00394 -0.99953
vn 0.00176 -0.02945 -0.99956
vn -0.004 0.00274 -0.99999
vn 0.01093 0.00944 -0.9999
vn 0.00515 -0.01211 -0.99991
vn 0.00294 -0.00157 -0.99999
vn 0.0071 -0.00236 -0.99997
vn 0.00953 -0.00303 -0.99995
vn 0.00738 0.00261 -0.99997
vn -0.00226 0.00399 -0.99999
vn 0.00642 0.00184 -0.99998
vn -0.00859 0.00317 -0.99996
vn -0.01902 0.0039 -0.99981
vn -0.00216 0.01347 -0.99991
vn -0.00111 0.00522 -0.99999
vn -0.00541 -1E-05 -0.99999
vn -0.00039 0.0107 -0.99994
vn -0.03039 0.0087 -0.9995
vn -0.00096 0.00939 -0.99996
vn -0.03393 -0.00295 -0.99942
vn 0.02478 0.01719 -0.99955
vn 0.03338 0.00874 -0.9994
vn -0.0492 -0.02034 -0.99858
vn 0.00353 0.01102 -0.99993
vn 0.01749 0.00687 -0.99982
vn 0.02665 0.01512 -0.99953
vn -0.00173 -0.00672 -0.99998
vn -0.03422 -0.01679 -0.99927
vn 0.03626 0.00421 -0.99933
vn 0.10961 0.01533 -0.99386
vn 0.09318 -0.28969 -0.95257
vn -0.00896 -0.05094 -0.99866
vn 0.3419 -0.39068 -0.85468
vn 0.08877 -0.06488 -0.99394
vn -0.03848 -0.10845 -0.99336
vn 0.16536 -0.20829 -0.96399
vn -0.01197 0.02233 -0.99968
vn -0.01324 0.0042 -0.9999
vn 0.08164 -0.073 -0.99399
vn 0.38665 -0.40131 -0.83033
vn 0.18496 -0.18452 -0.96527
vn 0.00915 -0.00625 -0.99994
vn -0.00708 -0.00132 -0.99997
vn 0.24652 -0.26626 -0.93184
vn 0.00321 0.01036 -0.99994
vn 0.00979 0.01074 -0.99989
vn -0.01354 -1E-05 -0.99991
vn -0.03507 0.00715 -0.99936
vn 0.37455 -0.42304 -0.82507
vn 0.13309 -0.20077 -0.97056
vn -0.02931 -0.02217 -0.99932
vn -0.01271 0.00446 -0.99991
vn 0.02233 -0.03443 -0.99916
vn 0.4655 -0.45662 -0.75816
vn 0.31904 -0.37879 -0.86876
vn 0.23104 -0.17319 -0.95741
vn 0.01393 0.01419 -0.9998
vn -0.04728 -0.0281 -0.99849
vn -0.02079 -0.00556 -0.99977
vn -0.00281 0.0155 -0.99988
vn -0.01396 0.00683 -0.99988
vn -0.00159 0.01021 -0.99995
vn 0.08508 0.51543 -0.8527
vn 0.03659 0.56789 -0.82229
vn 0.0697 -0.02214 -0.99732
vn 0.06365 0.65149 -0.75598
vn 0.04717 0.4438 -0.89488
vn 0.00894 0.62716 -0.77884
vn 0.02998 -0.01478 -0.99944
vn 0.00061 0.00533 -0.99999
vn 0.00743 -0.01458 -0.99987
vn 0.0236 -0.02632 -0.99937
vn -0.01473 0.02087 -0.99967
vn 0.00458 0.27392 -0.96174
vn 0.01068 0.03791 -0.99922
vn 0.01268 0.48811 -0.87269
vn 0.0182 0.65635 -0.75423
vn -0.02787 0.04835 -0.99844
vn 0.02005 -0.03026 -0.99934
vn 0.00272 0.01219 -0.99992
vn -0.01385 0.00943 -0.99986
vn 0.00831 0.61811 -0.78605
vn -0.03817 0.18064 -0.98281
vn -0.08183 0.07836 -0.99356
vn 0.00341 -0.02543 -0.99967
vn 0.0016 0.69467 -0.71933
vn 0.00718 -0.04921 -0.99876
vn 0.00668 -0.01792 -0.99982
vn -0.073 0.41482 -0.90697
vn 0.00503 0.01807 -0.99982
vn -0.0306 0.67886 -0.73363
vn -0.01959 0.01759 -0.99965
vn -0.00106 0.01756 -0.99985
vn -0.03945 -0.01782 -0.99906
vn -0.013 0.6711 -0.74125
vn 0.00165 -0.0046 -0.99999
vn -0.00477 0.00267 -0.99999
vn -0.00651 -0.00179 -0.99998
vn 0.0062 0.00552 -0.99997
vn 0.00053 0.00447 -0.99999
vn 0.01058 0.00485 -0.99993
vn -0.02595 0.02177 -0.99943
vn 0.08084 0.04648 -0.99564
vn 0.06643 0.03463 -0.99719
vn 0.01558 -0.02698 -0.99951
vn -0.03105 -0.08173 -0.99617
vn 0.01415 -0.35926 -0.93313
vn 0.01798 -0.01122 -0.99978
vn 0.00181 -0.53239 -0.8465
vn -0.00125 -0.20739 -0.97826
vn -0.00735 0.01654 -0.99984
vn 0.03379 0.00724 -0.9994
vn 0.00072 0.02192 -0.99976
vn 0.09265 8E-05 -0.9957
vn -0.01375 0.02139 -0.99968
vn -0.01191 -0.46698 -0.88419
vn 0.08923 -0.43899 -0.89405
vn 0.0287 -0.14218 -0.98943
vn 0.02405 -0.01313 -0.99962
vn 0.06706 -0.1726 -0.98271
vn 0.01225 -0.46553 -0.88495
vn -0.0375 -0.08647 -0.99555
vn -0.00596 0.00359 -0.99998
vn -0.00554 0.00458 -0.99997
vn 0.00459 0.01963 -0.9998
vn -0.02133 0.0444 -0.99879
vn -0.01979 -0.00596 -0.99979
vn -0.03297 -0.0514 -0.99813
vn -0.01924 -0.02357 -0.99954
vn 0.00682 -0.44842 -0.8938
vn -0.04668 -0.50287 -0.8631
vn 0.0687 -0.57728 -0.81365
vn -0.06914 -0.0462 -0.99654
vn 0.0294 0.0338 -0.999
vn 0.0074 -0.22969 -0.97324
vn 0.02591 -0.10393 -0.99425
vn 0.04652 -0.58403 -0.8104
vn 0.05407 -0.3443 -0.9373
vn 0.01106 -0.0181 -0.99978
vn 0.01171 -0.54684 -0.83715
vn 0.00499 -0.18128 -0.98342
vn 0.00728 0.03517 -0.99935
vn -0.00865 0.01417 -0.99986
vn -0.02342 -0.0013 -0.99972
vn -0.01929 -0.00357 -0.99981
vn -0.00797 0.00329 0.99996
vn -0.00776 0.01628 0.99984
vn 0.0074 -0.01285 0.99989
vn 0.0006 -0.001 1
vn 0.00613 -0.00754 0.99995
vn 0.00704 -0.00603 0.99996
vn 0.00249 -0.00307 0.99999
vn 0.00928 0.00028 0.99996
vn 0.01154 -0.00424 0.99992
vn 0.00944 -0.0083 0.99992
vn 0.00396 -0.00297 0.99999
vn 0.00617 -0.00729 0.99995
vn 0.0079 -0.0042 0.99996
vn -0.00072 -0.00086 1
vn 0.04199 0.03939 0.99834
vn 0.03257 0.01554 0.99935
vn 7E-05 -0.01499 0.99989
vn -0.00561 -0.00925 0.99994
vn 0.01103 0.00032 0.99994
vn 0.00297 -0.00833 0.99996
vn -0.01076 -0.0157 0.99982
vn 0.03347 0.00538 0.99943
vn 0.01123 -0.01948 0.99975
vn 0.10921 0.03096 0.99354
vn 0.08061 0.00909 0.9967
vn -0.01759 -0.00348 0.99984
vn 0.00029 -0.01043 0.99995
vn -0.01598 -0.00252 0.99987
vn 0.00628 -0.00904 0.99994
vn 0.01406 0.01235 0.99982
vn -0.00506 -0.00754 0.99996
vn -0.00441 -0.00791 0.99996
vn 0.00961 -0.00853 0.99992
vn 0.04647 0.01888 0.99874
vn -0.00672 0.00745 0.99995
vn -0.0035 -0.01745 0.99984
vn 0.01002 0.00703 0.99993
vn -0.0366 -0.00156 0.99933
vn 0.02647 0.04113 0.9988
vn -0.00508 0.00068 0.99999
vn 0.02171 -0.00257 0.99976
vn 0.00327 0.00019 0.99999
vn -0.01686 -0.01586 0.99973
vn -0.04206 0.00274 0.99911
vn -0.00224 0.00536 0.99998
vn 0.04011 0.03562 0.99856
vn -0.02023 0.00548 0.99978
vn -0.03544 0.00195 0.99937
vn 0.02181 0.02122 0.99954
vn -0.05567 0.00095 0.99845
vn -0.12659 0.00201 0.99195
vn -0.04965 -0.01017 0.99871
vn -0.04999 0.02035 0.99854
vn -0.04767 -0.0075 0.99884
vn -0.01718 0.02395 0.99957
vn -0.03989 0.00386 0.9992
vn 0.00147 -0.00033 1
vn 0.00016 0.008 0.99997
vn 0.00793 0.01584 0.99984
vn -0.08215 -0.0072 0.99659
vn -0.04759 -0.0113 0.9988
vn -0.0073 0.00557 0.99996
vn -0.04515 -0.00255 0.99898
vn -0.04861 0.07978 0.99563
vn -0.01416 0.10479 0.99439
vn -0.08966 0.10064 0.99087
vn -0.01848 0.02039 0.99962
vn -0.02752 0.05133 0.9983
vn 0.01607 -0.02487 0.99956
vn 0.01374 -0.01939 0.99972
vn 0.00777 0.01114 0.99991
vn -0.04018 0.04963 0.99796
vn 0.00159 -0.00475 0.99999
vn -0.01908 0.03161 0.99932
vn 0.01783 -0.02261 0.99959
vn 0.00168 -0.00748 0.99997
vn -0.02708 0.02873 0.99922
vn -0.00844 0.0088 0.99993
vn 0.01061 0.00488 0.99993
vn -0.00136 0.01329 0.99991
vn 0.00113 0.00037 1
vn -0.00671 0.01807 0.99981
vn -0.00233 0.00844 0.99996
vn 0.0048 0.01437 0.99989
vn -9E-05 0.00906 0.99996
vn -0.00052 -0.01262 0.99992
vn -0.00658 0.00805 0.99995
vn 0.0481 0.00089 0.99884
vn 0.01763 0.02212 0.9996
vn 0.00907 0.00958 0.99991
vn 0.00638 -0.01338 0.99989
vn 0.01889 -0.02396 0.99953
vn -0.00174 0.00296 0.99999
vn 0.00786 -0.00956 0.99992
vn -0.00113 0.01119 0.99994
vn 0.00271 0.01335 0.99991
vn 0.01617 -0.01182 0.9998
vn 0.0226 -0.0144 0.99964
vn 0.01396 -0.03514 0.99929
vn 0.01704 0.00274 0.99985
vn 0.01889 0.00889 0.99978
vn 0.01154 0.00342 0.99993
vn 0.04683 -0.01832 0.99873
vn -0.00386 -0.00454 0.99998
vn 0.0415 0.001 0.99914
vn 0.0334 -0.03445 0.99885
vn 0.02937 -0.02555 0.99924
vn 0.05766 -0.00656 0.99831
vn 0.06641 -0.03219 0.99727
vn -0.01007 0.07552 0.99709
vn 0.02366 -0.01782 0.99956
vn 0.03017 -0.00404 0.99954
vn 0.10521 -0.12475 0.98659
vn 0.10966 -0.09478 0.98944
vn 0.02708 0.03468 0.99903
vn 0.06301 -0.05313 0.9966
vn 0.02968 0.03022 0.9991
vn 0.04868 -0.08227 0.99542
vn -0.03261 0.12801 0.99124
vn -0.00591 -0.00642 0.99996
vn 0.06785 -0.03481 0.99709
vn -0.01144 0.08865 0.996
vn 0.14548 -0.04006 0.98855
vn 0.0742 -0.06344 0.99522
vn 0.01864 0.07195 0.99723
vn 0.023 0.0053 0.99972
vn -0.00613 0.0208 0.99976
vn 0.0041 0.00782 0.99996
vn 0.02368 -0.02022 0.99952
vn 0.01965 -0.00547 0.99979
vn 0.06755 -0.0472 0.9966
vn -0.00295 0.02912 0.99957
vn 0.01139 0.01878 0.99976
vn 0.01215 0.01821 0.99976
vn -0.01786 -0.02867 0.99943
vn -0.01043 -0.01384 0.99985
vn -0.01532 0.0316 0.99938
vn -0.01153 -0.00582 0.99992
vn -0.02079 0.01127 0.99972
vn 0.00401 -0.00679 0.99997
vn 0.00685 0.02062 0.99976
vn 0.00139 0.00385 0.99999
vn 0.00106 -0.00157 1
vn -0.00043 0.00059 1
vn -0.00067 0.00405 0.99999
vn 0.00124 -0.00233 1
vn 0.00174 -0.00711 0.99997
vn 0.00392 -0.00058 0.99999
vn -0.01213 0.00196 0.99992
vn 0.00555 0.00104 0.99998
vn -0.05999 -0.03759 0.99749
vn -0.0183 -0.0021 0.99983
vn -0.01883 -0.00645 0.9998
vn -0.03831 -0.02463 0.99896
vn -0.02449 0.02702 0.99934
vn -0.03325 0.03282 0.99891
vn 0.00499 -0.00572 0.99997
vn -0.01003 -0.00498 0.99994
vn -0.01761 -0.03569 0.99921
vn 0.01703 -0.02889 0.99944
vn 0.00525 -0.04912 0.99878
vn 0.0008 -0.05977 0.99821
vn -0.02184 -0.01812 0.9996
vn -0.01038 -0.01224 0.99987
vn -0.0137 -0.03611 0.99925
vn -0.02767 -0.02637 0.99927
vn -0.01449 0.02097 0.99968
vn 0.06022 -0.07734 0.99518
vn -0.00462 -0.07238 0.99737
vn -0.01352 0.01109 0.99985
vn -0.00048 0.00718 0.99997
vn -0.0003 0.01053 0.99994
vn -0.02098 -0.01037 0.99973
vn -0.02342 0.01542 0.99961
vn 0.00636 0.0311 0.9995
vn 0.05904 -0.05493 0.99674
vn 0.04902 -0.06272 0.99683
vn 0.01876 -0.02821 0.99943
vn 0.07766 -0.0303 0.99652
vn 0.06227 -0.03103 0.99758
vn -0.04443 0.09853 0.99414
vn 0.01186 0.00129 0.99993
vn -0.07484 0.13411 0.98814
vn 0.01423 -0.02629 0.99955
vn 0.04245 0.02904 0.99868
vn 0.03993 -0.06809 0.99688
vn 0.04501 -0.01221 0.99891
vn 0.04454 -0.01315 0.99892
vn 0.03205 -0.05277 0.99809
vn 0.07046 0.07414 0.99476
vn 0.01146 0.04143 0.99908
vn -0.02797 0.06891 0.99723
vn 0.02206 -0.00877 0.99972
vn 0.02741 0.011 0.99956
vn 0.02653 -0.04403 0.99868
vn -0.00018 0.03828 0.99927
vn -0.03458 0.01324 0.99931
vn 0.01029 -0.03163 0.99945
vn -0.0188 0.06015 0.99801
vn 0.03815 -0.02629 0.99893
vn 0.02926 -0.02852 0.99916
vn 0.05551 -0.03277 0.99792
vn -0.00583 0.00712 0.99996
vn 0.03499 0.01663 0.99925
vn -0.04026 0.11351 0.99272
vn 0.01436 0.02933 0.99947
vn -0.04744 0.06125 0.99699
vn -0.06875 0.15959 0.98479
vn 0.00675 0.01371 0.99988
vn 0.04582 0.05785 0.99727
vn 0.00042 0.05081 0.99871
vn 0.04534 -0.00412 0.99896
vn -0.03497 0.06488 0.99728
vn -0.06279 0.12171 0.99058
vn -0.01019 0.03901 0.99919
vn 0.00174 0.00643 0.99998
vn 0.02179 -0.00829 0.99973
vn 0.00541 0.01983 0.99979
vn -0.00107 0.01585 0.99987
vn -0.00883 0.02148 0.99973
vn -0.03451 0.08681 0.99563
vn 0.04272 -0.0375 0.99838
vn 0.02431 0.01518 0.99959
vn 0.04116 -0.07131 0.9966
vn 0.04461 -0.00485 0.99899
vn -0.01991 0.11412 0.99327
vn -0.02041 0.03198 0.99928
vn 0.00698 -0.0508 0.99868
vn 0.01756 0.02742 0.99947
vn 0.03706 -0.07983 0.99612
vn -0.03624 -0.09284 0.99502
vn -0.09317 0.10676 0.98991
vn -0.03599 -0.01229 0.99928
vn -0.09612 -0.02717 0.995
vn -0.01328 -0.00383 0.9999
vn -0.01618 0.00212 0.99987
vn -0.02423 -0.0037 0.9997
vn 0.10831 0.00297 0.99411
vn 0.00314 0.03855 0.99925
vn 0.06673 0.03582 0.99713
vn -0.01056 -0.00017 0.99994
vn -0.16769 -0.00579 0.98582
vn -0.02171 0.03091 0.99929
vn -0.03139 0.04119 0.99866
vn 0.00295 0.00042 1
vn -0.02995 0.01616 0.99942
vn 0.10626 -0.03495 0.99372
vn 0.04221 0.02916 0.99868
vn 0.03216 -0.05911 0.99773
vn -0.11488 -0.08346 0.98987
vn -0.00944 -0.00206 0.99995
vn 0.06419 -0.0411 0.99709
vn -0.1319 -0.06632 0.98904
vn -0.05997 -0.02696 0.99784
vn -0.01839 -0.02287 0.99957
vn 0.01308 -0.00071 0.99991
vn -0.01312 -0.01333 0.99983
vn 0.01098 -0.01535 0.99982
vn -0.01456 -0.05339 0.99847
vn -0.01984 -0.01199 0.99973
vn 0.02555 -0.00935 0.99963
vn -0.02092 0.02114 0.99956
vn 0.00147 -0.00863 0.99996
vn -0.00353 0.01345 0.9999
vn -0.0214 0.02369 0.99949
vn 0.01383 0.02361 0.99963
vn -0.00823 0.03091 0.99949
vn 0.0031 0.01692 0.99985
vn 0.00733 0.00066 0.99997
vn 0.00514 -4E-05 0.99999
vn 0.01528 -0.0149 0.99977
vn 0.00074 -0.00924 0.99996
vn 0.02226 -0.01682 0.99961
vn 0.01683 0.00654 0.99984
vn 0.01297 -0.00478 0.9999
vn 0.00544 -0.00908 0.99994
vn -0.06038 0.99727 -0.04252
vn -0.05755 0.99828 0.01075
vn -0.01306 0.99882 -0.04679
vn 0.00173 0.99998 -0.00563
vn 0.02363 0.99971 -0.00472
vn 0.01644 0.9997 0.01816
vn 0.01495 0.99968 0.02046
vn 0.07572 0.99662 0.03171
vn 0.31608 0.94854 0.01887
vn -0.22259 0.97249 -0.06865
vn -0.20539 0.9764 -0.06671
vn -0.4428 0.89621 -0.02712
vn -0.04619 0.9956 -0.0815
vn 0.02036 0.99829 0.05483
vn 0.01765 0.99014 0.13899
vn 0.05864 0.98858 0.13884
vn 0.01057 0.9999 -0.00927
vn 0.32711 0.94415 -0.03989
vn 0.11236 0.99322 -0.02989
vn -0.0239 0.99621 -0.08363
vn 0.02731 0.99963 -0.0001
vn -0.07396 0.98534 -0.15375
vn -0.10703 0.98067 -0.1638
vn 0.02256 0.99585 -0.08812
vn -0.01367 0.99934 -0.03359
vn 0.03488 0.9967 -0.07336
vn -0.07163 0.99342 -0.08935
vn -0.04499 0.99377 -0.10198
vn -0.01043 0.99772 -0.06663
vn 0.01456 0.99791 -0.06293
vn 0.52104 0.85353 -0.00159
vn 0.47836 0.8778 0.02515
vn 0.70513 0.70908 0.00211
vn 0.60544 0.79587 -0.00525
vn 0.34178 0.93627 -0.08118
vn 0.33438 0.93966 -0.07227
vn 0.4148 0.90962 -0.02307
vn 0.36346 0.92536 -0.10768
vn 0.42805 0.90376 0
vn 0.5354 0.84456 -0.00813
vn 0.45829 0.88876 0.00921
vn 0.54667 0.83677 0.03104
vn 0.54532 0.83782 0.02619
vn 0.35136 0.93588 0.02583
vn 0.55878 0.8257 0.07729
vn 0.70409 0.70958 -0.02753
vn 0.70725 0.70659 -0.02301
vn 0.70722 0.70698 0.00286
vn 0.3143 0.94896 -0.02612
vn 0.3171 0.94819 -0.01957
vn 0.40511 0.91427 0.00098
vn 0.31888 0.94767 -0.01535
vn 0.40007 0.91649 0
vn 0.49338 0.86916 -0.03379
vn 0.509 0.86065 -0.01412
vn 0.44722 0.8943 -0.0149
vn 0.40557 0.91382 -0.0212
vn 0.69757 0.71639 -0.01334
vn 0.69719 0.71666 -0.01779
vn 0.70161 0.71254 0.00496
vn 0.72654 0.68663 -0.02609
vn 0.68611 0.7275 0.00096
vn 0.45181 0.89108 0.04286
vn 0.45181 0.89109 0.04286
vn 0.45181 0.89108 0.04286
vn 0.71075 0.70344 -0.00311
vn 0.70894 0.70526 0.00316
vn 0.7302 0.67979 -0.06844
vn 0.70897 0.70524 0.00269
vn 0.73796 0.67467 -0.01527
vn 0.73635 0.67642 -0.01563
vn 0.73075 0.68236 -0.01984
vn 0.70999 0.70415 0.00931
vn 0.71024 0.70392 0.00767
vn 0.71931 0.69407 -0.02926
vn 0.73674 0.67402 -0.05398
vn 0.71605 0.69801 -0.00665
vn 0.72424 0.68948 -0.00944
vn 0.67836 0.73299 0.0504
vn 0.33262 0.94302 0.00854
vn 0.33322 0.94279 0.01016
vn 0.34486 0.93769 0.04255
vn 0.34485 0.93769 0.04255
vn 0.23746 0.9714 -0.00106
vn 0.23746 0.9714 -0.00106
vn 0.23742 0.97141 -0.00107
vn 0.23745 0.9714 -0.00107
vn 0.23745 0.9714 -0.00107
vn 0.45304 0.89143 0.01036
vn 0.45306 0.89142 0.01036
vn 0.37731 0.92553 -0.03207
vn 0.41468 0.90972 0.02134
vn 0.40989 0.9118 0.02474
vn 0.38715 0.92176 -0.02181
vn 0.36315 0.93056 -0.04668
vn 0.36314 0.93056 -0.04668
vn 0.36314 0.93056 -0.04668
vn 0.4685 0.8824 -0.04338
vn -0.01515 -0.99912 0.03916
vn -0.0273 -0.99813 0.05462
vn 0.08374 -0.99269 -0.0869
vn 0.00564 -0.9999 -0.01267
vn 0.01732 -0.99792 -0.06205
vn -0.00301 -0.99927 0.03817
vn -0.02781 -0.99831 0.05104
vn 0.19252 -0.97886 0.06906
vn -0.01644 -0.99982 -0.00915
vn 0.46647 -0.88449 0.00881
vn 0.41651 -0.90893 -0.01926
vn 0.38074 -0.92462 0.01064
vn 0.42641 -0.90418 0.02501
vn 0.00618 -0.99998 0.00098
vn 0.00052 -1 0.00129
vn 0.04011 -0.99919 0.00187
vn 0.30923 -0.95094 -0.00937
vn 0.26898 -0.96314 0.0044
vn 0.31751 -0.94818 -0.01193
vn 0.32859 -0.94435 -0.01537
vn 0.2692 -0.96307 0.00497
vn -0.03165 -0.99803 0.05422
vn -0.00057 -0.99998 -0.00674
vn -0.01258 -0.99992 -0.00264
vn -0.18504 -0.98273 0.00268
vn -0.29464 -0.95559 0.0058
vn -0.29729 -0.95463 0.01722
vn -0.30196 -0.95329 0.00798
vn -0.00775 -0.99997 0.00051
vn -0.01308 -0.9999 0.00505
vn -0.00176 -0.99976 0.0217
vn -0.01218 -0.99991 0.00559
vn -0.0061 -0.99997 0.00516
vn 0.00868 -0.99994 0.00698
vn -0.2591 -0.96509 0.03841
vn -0.43037 -0.90265 -0.00037
vn -0.26111 -0.96529 -0.00668
vn -0.26899 -0.96229 -0.04063
vn -0.33205 -0.94316 -0.01392
vn -0.43096 -0.90235 -0.00624
vn -0.10642 -0.9939 0.02877
vn -0.38492 -0.9185 0.0905
vn -0.48991 -0.87158 0.01828
vn -0.46935 -0.88202 0.04182
vn -0.35296 -0.93442 0.04769
vn -0.3515 -0.93507 0.04579
vn -0.13395 -0.99088 0.01493
vn -0.44249 -0.89677 0.00066
vn -0.28087 -0.95859 -0.04702
vn -0.27604 -0.95987 -0.04948
vn -0.27629 -0.96071 -0.02644
vn -0.45815 -0.88877 -0.01341
vn -0.01418 -0.99973 0.01826
vn -0.07544 -0.99641 0.03842
vn -0.1768 -0.983 0.04945
vn -0.17028 -0.98427 0.04704
vn -0.15613 -0.98685 0.04182
vn 0.0088 -0.99991 0.00982
vn 0.01545 -0.99985 0.00741
vn 0.00415 -0.99993 -0.01107
vn 0.01993 -0.99977 -0.00728
vn -0.01611 -0.99949 0.02741
vn -0.05728 -0.9958 0.07146
vn 0.03175 -0.99805 -0.05369
vn -0.04525 -0.99879 0.01927
vn -0.0535 -0.99843 0.01648
vn 0.02964 -0.99894 -0.03512
vn -0.00768 -0.9997 0.02341
vn 0.03969 -0.99308 -0.1105
vn -0.07699 -0.99421 0.07501
vn 0.00376 -0.99661 -0.08222
vn 0.02082 -0.99976 0.00737
vn -6E-05 -0.99995 -0.00976
vn 0.82872 -0.55961 0.00771
vn 0.87102 -0.49123 0.00386
vn 0.71445 -0.69958 0.01192
vn 0.88246 -0.47038 0.00081
vn 0.96062 -0.27785 -0.00332
vn 0.71225 -0.70188 0.00866
vn 0.71619 -0.69713 -0.03285
vn 0.70923 -0.70486 -0.01298
vn 0.87019 -0.49268 -0.00593
vn 0.86407 -0.49881 -0.06768
vn 0.82551 -0.56396 -0.02181
vn 0.87657 -0.48072 -0.023
vn 0.9308 -0.36541 0.00931
vn 0.84033 -0.54204 0.0063
vn 0.87104 -0.4912 -0.0034
vn 0.87557 -0.48308 -0.00366
vn 0.87547 -0.48326 0.00257
vn 0.87358 -0.48668 -0.0029
vn 0.89492 -0.44603 0.01331
vn 0.88942 -0.45708 -0.0037
vn 0.82465 -0.56502 -0.02667
vn 0.88703 -0.46008 0.03879
vn 0.89321 -0.4491 0.02216
vn 0.89486 -0.446 0.0175
vn 0.92223 -0.38663 -0.00216
vn 0.72375 -0.68892 -0.03969
vn 0.60679 -0.79482 0.00772
vn 0.59976 -0.80016 -0.00462
vn 0.70792 -0.70619 -0.01219
vn 0.71228 -0.70178 -0.01252
vn 0.69739 -0.71432 0.0582
vn 0.70657 -0.70764 1E-05
vn 0.64349 -0.76543 0.00601
vn 0.5882 -0.80846 -0.02044
vn 0.45136 -0.89217 0.01761
vn 0.4964 -0.86808 0.00402
vn 0.64586 -0.76345 -0.00455
vn 0.46363 -0.88599 -0.00852
vn 0.40782 -0.91301 0.00993
vn 0.45877 -0.88854 0.00606
vn 0.38209 -0.92395 0.01823
vn 0.4548 -0.89059 0.00176
vn 0.44461 -0.89556 0.01731
vn 0.70108 -0.71239 0.03142
vn 0.70361 -0.71058 -0.00347
vn 0.70113 -0.71273 0.02084
vn 0.70113 -0.71234 0.03143
vn 0.49946 -0.86634 -0.00213
vn 0.455 -0.89043 -0.01069
vn 0.44662 -0.89464 -0.01184
vn 0.47036 -0.88245 0.00618
vn 0.63287 -0.77426 -0.00163
vn 0.56277 -0.82653 0.01198
vn 0.62259 -0.78255 -0.00169
vn 0.60543 -0.79494 0.03902
vn 0.69694 -0.71682 0.02106
vn 0.70962 -0.70404 0.02755
vn 0.71455 -0.69891 -0.03072
vn 0.70614 -0.70803 -0.00814
vn 0.63589 -0.77165 -0.0143
vn 0.69524 -0.71867 0.01219
vn 0.90786 0.41871 0.02186
vn 0.97285 0.23004 0.02556
vn 0.99963 0.01803 0.02031
vn 0.99998 0.00499 -0.00297
vn 0.97376 0.2261 -0.02605
vn 0.93774 0.34655 -0.0233
vn 0.99881 0.04863 -0.00281
vn 0.99988 0.00265 -0.0154
vn 0.99926 -0.00611 -0.03791
vn 0.99891 -0.00801 -0.04595
vn 0.99266 -0.11665 0.03181
vn 0.9937 -0.1011 0.04829
vn 0.99288 -0.11392 0.0347
vn 1 0.00026 -0.00288
vn 0.99994 -0.00468 0.00984
vn 0.96522 -0.26143 0.00303
vn 0.96469 -0.26094 0.03582
vn 0.94762 -0.31832 0.02608
vn 0.94762 -0.31833 0.02603
vn 0.948 -0.31762 0.02039
vn 0.95278 -0.3026 0.02547
vn 0.96969 -0.24418 0.00857
vn 0.99591 -0.09023 0.00452
vn 0.97737 -0.21148 -0.00528
vn 0.97961 -0.20079 -0.00671
vn 0.97615 -0.21705 -0.00454
vn 0.97995 -0.19922 -0.00283
vn 0.99991 -0.00646 -0.01185
vn 0.99996 0.00287 -0.00788
vn 0.99989 -0.0144 -0.00407
vn 0.99836 0.0173 0.0546
vn 0.99918 0.01317 0.03822
vn 0.99972 -0.00011 0.02347
vn 0.99996 -0.00317 -0.00826
vn 0.99993 0.01029 0.00561
vn 0.99935 0.00102 -0.03612
vn 0.99961 -0.01649 -0.02239
vn 0.99173 -0.115 -0.0569
vn 0.99965 -0.02392 -0.01097
vn 0.99998 -0.00305 -0.00629
vn 0.39909 0.91655 0.02584
vn 0.42157 0.90671 -0.01244
vn 0.40443 0.91447 0.01375
vn 0.39887 0.91665 0.02566
vn 0.71445 0.69729 -0.05787
vn 0.54559 0.83622 -0.0553
vn 0.75939 0.64964 -0.03598
vn 0.81716 0.5763 0.01113
vn 0.79127 0.611 0.02379
vn 0.82883 0.55948 0.00513
vn 0.79127 0.611 0.0238
vn 0.79127 0.611 0.0238
vn 0.79128 0.61099 0.0238
vn 0.79126 0.61101 0.02381
vn 0.80615 0.59047 -0.03829
vn 0.82532 0.56441 -0.01673
vn 0.80615 0.59047 -0.03829
vn 0.8279 0.56071 -0.01371
vn 0.83942 0.54348 0.0012
vn 0.83905 0.54405 0.00143
vn 0.85911 0.51101 0.02824
vn 0.8638 0.50274 0.03335
vn 0.88921 0.45719 -0.01677
vn 0.88641 0.46278 -0.01071
vn 0.88851 0.45719 -0.03907
vn 0.86392 0.50265 -0.03146
vn 0.81263 0.5825 -0.01794
vn 0.81403 0.58051 -0.01923
vn 0.83897 0.54413 -0.00695
vn 0.85035 0.52618 0.00599
vn 0.83408 0.55154 -0.01047
vn 0.85108 0.52497 0.00846
vn 0.81724 0.57586 -0.02224
vn 0.85265 0.5223 0.01393
vn 0.84763 0.53027 0.01843
vn 0.84678 0.53162 0.01863
vn 0.83353 0.55201 0.02289
vn 0.8271 0.5615 0.02489
vn 0.82355 0.56724 0.00174
vn 0.82641 0.56283 -0.01639
vn 0.90935 0.41575 -0.01519
vn 0.8705 0.4881 -0.06321
vn 0.8357 0.54013 -0.09933
vn 0.79345 0.60507 -0.06568
vn 0.83571 0.54011 -0.09933
vn 0.66472 0.73986 0.10373
vn 0.63546 0.76137 0.12848
vn 0.66822 0.73847 0.09027
vn 0.73042 0.68289 0.01225
vn 0.68253 0.73068 -0.01597
vn 0.70172 0.71196 -0.02637
vn 0.75704 0.65109 -0.05459
vn 0.71244 0.70065 0.03913
vn 0.69449 0.7187 0.03402
vn 0.71316 0.70083 -0.01537
vn 0.68062 0.73244 0.01723
vn 0.86251 0.50586 -0.01342
vn 0.86252 0.50585 -0.01343
vn 0.86251 0.50586 -0.01342
vn 0.7149 0.69893 -0.02034
vn 0.68095 0.73124 0.03991
vn -0.45253 0.89087 -0.03969
vn -0.39985 0.91264 -0.08493
vn -0.39482 0.91441 -0.08931
vn -0.39492 0.91436 -0.08937
vn 0.02274 0.99974 -0.00316
vn 0.04175 0.99912 0.00458
vn -0.06232 0.99209 -0.10893
vn 0.05381 0.99783 -0.03788
vn -0.33009 0.94059 0.07957
vn -0.39766 0.917 -0.03126
vn -0.19323 0.97915 0.0627
vn -0.35554 0.93452 0.01602
vn -0.36416 0.93114 0.0188
vn -0.35947 0.93314 0.00464
vn -0.39109 0.9203 -0.01041
vn -0.31374 0.9481 -0.05165
vn -0.32724 0.94235 -0.06991
vn -0.35851 0.92988 -0.08242
vn -0.36193 0.9285 -0.08304
vn -0.36483 0.92318 0.12096
vn -0.02728 0.99118 -0.12966
vn -0.0142 0.99327 -0.11492
vn -0.01522 0.9918 -0.12688
vn -0.28312 0.95731 0.05839
vn -0.30147 0.95336 0.01445
vn -0.3206 0.94712 0.01329
vn -0.30576 0.95208 0.00742
vn -0.30635 0.95186 0.01053
vn -0.20756 0.97743 0.03949
vn -0.18798 0.97694 0.10127
vn -0.27559 0.95268 0.12827
vn -0.22666 0.96487 0.13287
vn -0.23554 0.96251 0.13452
vn -0.25401 0.9582 0.13167
vn -0.21049 0.96894 0.12982
vn -0.23554 0.96251 0.13452
vn -0.23553 0.96251 0.13452
vn -0.02341 0.98981 0.14043
vn 0.05434 0.99059 0.12561
vn 0.02392 0.99469 0.10007
vn 0.00906 0.99862 0.0518
vn 0.02032 0.99689 -0.07621
vn -0.00771 0.99624 -0.08629
vn -0.06872 0.99137 -0.11164
vn -0.03594 0.99405 -0.1028
vn 0.06842 0.99733 -0.02549
vn 0.02178 0.99703 -0.07394
vn -0.01906 0.97702 -0.21228
vn -0.00688 0.97644 -0.21567
vn 0.05209 0.99864 0.00342
vn 0.03675 0.99932 0.00114
vn 0.05003 0.99873 0.0062
vn 0.00747 0.99887 0.04702
vn 0.00516 0.99826 -0.05869
vn -0.04694 0.99608 -0.07496
vn 0.01274 0.9998 -0.0151
vn 0.00684 0.99796 0.06355
vn 0.03136 0.99916 -0.02636
vn -0.92869 0.37087 -0.00097
vn -0.8541 0.52007 0.0063
vn -0.8541 0.52007 0.0063
vn -0.84663 0.53216 0.00473
vn -0.73213 0.68116 0.00274
vn -0.78692 0.61705 -0.00209
vn -0.80205 0.5963 0.03371
vn -0.85044 0.52594 -0.0117
vn -0.89011 0.45575 0.0008
vn -0.89182 0.45239 0.00149
vn -0.89186 0.4523 0.00173
vn -0.89174 0.45255 0.00103
vn -0.71406 0.70007 -0.00489
vn -0.87034 0.49244 -0.00124
vn -0.88317 0.46906 0.00181
vn -0.8672 0.49796 -0.00047
vn -0.88061 0.47385 0.00119
vn -0.88853 0.45866 0.01223
vn -0.92625 0.3769 0.0016
vn -0.88956 0.45681 0.00339
vn -0.88956 0.45682 0.00339
vn -0.89421 0.44737 0.01581
vn -0.69143 0.72218 0.01948
vn -0.69898 0.71502 0.01293
vn -0.6962 0.71781 0.00738
vn -0.70227 0.71189 0.00537
vn -0.42912 0.90044 -0.0712
vn -0.50844 0.86073 -0.02537
vn -0.539 0.84228 -0.00681
vn -0.50518 0.86258 -0.02732
vn -0.70155 0.71256 0.00961
vn -0.70945 0.7041 -0.03045
vn -0.43863 0.89587 0.07083
vn -0.45477 0.89061 -0.00103
vn -0.45594 0.88998 -0.00672
vn -0.46347 0.88606 -0.00984
vn -0.46574 0.88486 -0.01078
vn -0.43311 0.89455 0.11045
vn -0.43888 0.89217 0.10687
vn -0.44713 0.88973 0.09191
vn -0.42097 0.90674 -0.02481
vn -0.42264 0.90476 -0.0527
vn -0.42898 0.90242 -0.04018
vn -0.40299 0.91072 -0.09049
vn -0.47851 0.87741 0.03425
vn -0.64704 0.75958 0.06612
vn -0.47601 0.8735 0.10207
vn -0.69965 0.71447 0.00527
vn -0.70739 0.70676 -0.00933
vn -0.67846 0.73239 0.05741
vn -0.70632 0.70786 -0.00603
vn -0.70205 0.71124 -0.0356
vn -0.49601 0.86579 -0.06619
vn -0.39556 0.91405 -0.08968
vn -0.39555 0.91405 -0.08968
vn -0.70736 0.70679 -0.00938
vn -0.99995 0.00635 -0.00817
vn -0.99984 0.01133 -0.01353
vn -0.99973 0.02284 -0.0053
vn -0.99836 0.01799 -0.05441
vn -0.99839 0.01202 -0.05537
vn -0.99999 0.00402 -0.00139
vn -0.98309 -0.16138 -0.08653
vn -0.99786 -0.03072 -0.05781
vn -0.96126 -0.2756 -0.00513
vn -0.94405 -0.32722 0.04123
vn -0.93119 -0.35787 0.06939
vn -0.94809 -0.30581 0.08716
vn -0.95093 -0.2959 0.09048
vn -0.96696 -0.25376 -0.02437
vn -0.96844 -0.24838 -0.0209
vn -0.96948 -0.24449 -0.01838
vn -0.98208 -0.16897 -0.08352
vn -0.98143 -0.178 -0.07149
vn -0.98231 -0.16457 -0.08937
vn -0.98231 -0.16457 -0.08937
vn -0.87642 -0.47031 -0.10345
vn -0.95542 -0.28104 0.09054
vn -0.95626 -0.29151 0.02439
vn -0.96642 -0.25625 -0.01934
vn -0.95336 -0.29884 -0.04249
vn -0.95889 -0.28377 0.00125
vn -0.96227 -0.27208 -0.00409
vn -0.94522 -0.32484 0.03209
vn -0.9482 -0.31555 0.03655
vn -0.95049 -0.30815 0.04009
vn -0.95602 -0.29283 -0.0167
vn -0.95386 -0.30008 0.00971
vn -0.96861 -0.24812 -0.01496
vn -0.99961 -0.00919 0.02626
vn -1 0.00165 -0.00249
vn -0.90021 -0.43546 -0.00112
vn -0.95809 -0.28359 -0.04043
vn -0.93673 -0.349 0.02701
vn -0.9626 -0.25362 -0.09524
vn -0.96457 -0.24789 -0.09025
vn -0.96535 -0.25437 0.05829
vn -0.91255 -0.4016 0.07731
vn -0.90525 -0.41662 0.08337
vn -0.93389 -0.35286 0.05784
vn -0.93276 -0.356 0.05682
vn -0.89499 -0.44102 0.06707
vn -0.93214 -0.35771 0.05627
vn -0.96327 0.26851 -0.00323
vn -0.96481 0.26292 -0.00418
vn -0.96481 0.26291 -0.00418
vn -0.99006 0.14062 0.00047
vn -0.99971 0.02414 -0.00204
vn -0.94449 0.32819 -0.01543
vn -0.94449 0.32819 -0.01543
vn -0.94449 0.32817 -0.01543
vn -0.94449 0.32817 -0.01543
vn -0.96821 0.25015 -0.00039
vn -0.95085 0.30941 0.01226
vn -0.96907 0.2468 -0.0011
vn -0.97522 0.22121 0.0034
vn -0.99996 0.0091 -0.00058
vn -0.99987 -0.00246 0.01569
vn -0.99984 -0.00292 0.01761
vn -0.99998 0.00148 0.00618
vn -0.72403 -0.68966 -0.01224
vn -0.71869 -0.69376 0.04676
vn -0.69416 -0.7156 0.07788
vn -0.69511 -0.67432 0.24922
vn -0.68356 -0.68564 0.25027
vn -0.65505 -0.75244 0.06886
vn -0.56568 -0.82383 0.03623
vn -0.57229 -0.8198 0.0204
vn -0.44431 -0.89587 0.00058
vn -0.44695 -0.89456 -0.00132
vn -0.4496 -0.89323 -0.00323
vn -0.47105 -0.88207 0.00849
vn -0.477 -0.87888 -0.00626
vn -0.55854 -0.82948 0.00058
vn -0.45147 -0.89228 -0.00458
vn -0.55948 -0.82772 0.04326
vn -0.60743 -0.79433 0.00812
vn -0.59186 -0.80603 0.00396
vn -0.59821 -0.80132 0.00564
vn -0.72491 -0.6873 -0.04619
vn -0.74202 -0.66796 -0.05693
vn -0.71708 -0.69672 -0.01951
vn -0.69304 -0.72075 0.01444
vn -0.71221 -0.70192 -0.00861
vn -0.71959 -0.68866 0.08912
vn -0.75656 -0.64843 0.08456
vn -0.69917 -0.70808 0.09894
vn -0.70453 -0.70416 0.08831
vn -0.7084 -0.7058 -0.00292
vn -0.7136 -0.70055 -0.00312
vn -0.69161 -0.72131 0.0373
vn -0.76678 -0.64055 -0.04174
vn -0.793 -0.6053 -0.06899
vn -0.70557 -0.70818 0.02565
vn -0.85092 -0.51838 0.08497
vn -0.86254 -0.50594 0.00713
vn -0.86413 -0.50322 -0.00764
vn -0.86412 -0.50322 -0.00764
vn -0.86195 -0.50696 -0.00628
vn -0.86413 -0.50321 -0.00764
vn -0.85711 -0.50165 -0.11709
vn -0.85807 -0.50028 -0.11588
vn -0.96713 -0.24019 -0.08355
vn -0.96712 -0.24019 -0.08355
vn -0.82188 -0.56814 -0.0416
vn -0.75062 -0.66036 0.02218
vn -0.86238 -0.49862 -0.08767
vn -0.70104 -0.71192 0.04139
vn -0.7109 -0.70137 0.05197
vn -0.70286 -0.70881 0.05976
vn -0.6963 -0.71613 0.04825
vn -0.68777 -0.72387 0.05468
vn -0.68759 -0.72316 0.06518
vn -0.72208 -0.68978 -0.05296
vn -0.73438 -0.67822 -0.02642
vn -0.63267 -0.75866 0.15545
vn -0.64435 -0.7499 0.14987
vn -0.68716 -0.72418 0.05816
vn -0.73491 -0.67801 -0.01483
vn -0.64845 -0.74925 0.13463
vn -0.70229 -0.71188 0.0048
vn -0.71845 -0.69406 0.046
vn -0.74673 -0.66512 0.00139
vn -0.747 -0.66482 -6E-05
vn -0.74124 -0.67101 -0.01737
vn -0.73207 -0.68115 -0.01045
vn -0.71613 -0.69796 0.00389
vn -0.72858 -0.68488 -0.01026
usemtl mat0
f 1//1 2//2 3//3
f 4//4 5//5 2//2
f 4//4 2//2 1//1
f 6//6 1//1 3//3
f 4//4 1//1 7//7
f 1//1 8//8 7//7
f 9//9 4//4 7//7
f 10//10 11//11 4//4
f 10//10 4//4 9//9
f 12//12 6//6 13//13
f 6//6 8//8 1//1
f 11//11 10//10 14//14
f 10//10 15//15 14//14
f 15//15 10//10 9//9
f 14//14 15//15 16//16
f 17//17 11//11 14//14
f 18//18 17//17 14//14
f 19//19 20//20 16//16
f 18//18 14//14 21//21
f 21//21 14//14 16//16
f 15//15 19//19 16//16
f 19//19 15//15 9//9
f 22//22 12//12 23//23
f 22//22 23//23 24//24
f 25//25 26//26 22//22
f 27//27 28//28 24//24
f 27//27 29//29 28//28
f 25//25 22//22 24//24
f 19//19 9//9 8//8
f 12//12 30//30 8//8
f 8//8 9//9 7//7
f 26//26 19//19 30//30
f 12//12 8//8 6//6
f 12//12 22//22 31//31
f 30//30 19//19 8//8
f 30//30 12//12 31//31
f 26//26 30//30 31//31
f 22//22 26//26 31//31
f 32//32 17//17 18//18
f 32//32 18//18 33//33
f 33//33 18//18 34//34
f 18//18 21//21 34//34
f 34//34 21//21 35//35
f 33//33 34//34 36//36
f 36//36 34//34 35//35
f 21//21 20//20 35//35
f 37//37 32//32 33//33
f 37//37 33//33 36//36
f 38//38 39//39 36//36
f 39//39 37//37 36//36
f 37//37 40//40 32//32
f 41//41 42//42 38//38
f 42//42 37//37 39//39
f 42//42 39//39 38//38
f 20//20 43//43 38//38
f 38//38 36//36 35//35
f 20//20 38//38 35//35
f 40//40 37//37 44//44
f 44//44 37//37 45//45
f 46//46 44//44 45//45
f 47//47 44//44 46//46
f 48//48 47//47 46//46
f 48//48 46//46 49//49
f 49//49 46//46 45//45
f 49//49 45//45 50//50
f 51//51 49//49 50//50
f 52//52 51//51 50//50
f 48//48 49//49 53//53
f 49//49 51//51 53//53
f 47//47 48//48 54//54
f 54//54 48//48 53//53
f 55//55 53//53 56//56
f 54//54 53//53 55//55
f 56//56 51//51 57//57
f 53//53 51//51 56//56
f 56//56 57//57 58//58
f 59//59 60//60 61//61
f 52//52 59//59 61//61
f 52//52 61//61 57//57
f 51//51 52//52 57//57
f 62//62 43//43 63//63
f 59//59 62//62 64//64
f 59//59 64//64 65//65
f 64//64 66//66 65//65
f 67//67 68//68 69//69
f 68//68 67//67 66//66
f 68//68 66//66 62//62
f 62//62 66//66 64//64
f 37//37 42//42 45//45
f 42//42 41//41 45//45
f 45//45 41//41 50//50
f 41//41 52//52 50//50
f 52//52 62//62 59//59
f 43//43 41//41 38//38
f 43//43 62//62 41//41
f 62//62 52//52 41//41
f 29//29 70//70 71//71
f 72//72 73//73 70//70
f 70//70 73//73 74//74
f 73//73 72//72 75//75
f 29//29 72//72 70//70
f 76//76 77//77 78//78
f 77//77 79//79 78//78
f 77//77 80//80 79//79
f 79//79 80//80 81//81
f 73//73 76//76 74//74
f 73//73 77//77 76//76
f 77//77 73//73 75//75
f 80//80 77//77 75//75
f 20//20 21//21 16//16
f 82//82 43//43 20//20
f 43//43 82//82 63//63
f 26//26 83//83 19//19
f 19//19 83//83 20//20
f 83//83 82//82 20//20
f 82//82 84//84 62//62
f 84//84 68//68 62//62
f 69//69 68//68 78//78
f 76//76 70//70 74//74
f 76//76 84//84 70//70
f 68//68 76//76 78//78
f 68//68 84//84 76//76
f 26//26 85//85 86//86
f 26//26 25//25 85//85
f 70//70 25//25 71//71
f 29//29 71//71 28//28
f 71//71 25//25 24//24
f 28//28 71//71 24//24
f 83//83 26//26 86//86
f 84//84 82//82 83//83
f 82//82 62//62 63//63
f 84//84 25//25 70//70
f 84//84 83//83 86//86
f 25//25 84//84 85//85
f 85//85 84//84 86//86
f 87//87 88//88 89//89
f 90//90 88//88 87//87
f 91//91 88//88 90//90
f 91//91 92//92 88//88
f 90//90 87//87 93//93
f 94//94 92//92 91//91
f 94//94 95//95 92//92
f 96//96 97//97 98//98
f 99//99 97//97 96//96
f 100//100 99//99 96//96
f 96//96 95//95 101//101
f 102//102 90//90 93//93
f 103//103 102//102 93//93
f 102//102 104//104 90//90
f 105//105 104//104 102//102
f 105//105 101//101 104//104
f 101//101 95//95 104//104
f 95//95 94//94 104//104
f 104//104 91//91 90//90
f 94//94 91//91 104//104
f 98//98 106//106 95//95
f 96//96 98//98 95//95
f 107//107 108//108 99//99
f 109//109 107//107 99//99
f 110//110 111//111 112//112
f 110//110 112//112 113//113
f 114//114 109//109 115//115
f 116//116 109//109 114//114
f 116//116 117//117 109//109
f 113//113 112//112 116//116
f 112//112 117//117 116//116
f 105//105 102//102 103//103
f 118//118 105//105 103//103
f 119//119 120//120 101//101
f 121//121 120//120 119//119
f 122//122 103//103 123//123
f 101//101 105//105 118//118
f 122//122 118//118 103//103
f 121//121 124//124 120//120
f 124//124 125//125 120//120
f 126//126 127//127 124//124
f 127//127 115//115 124//124
f 126//126 124//124 121//121
f 128//128 122//122 123//123
f 129//129 122//122 128//128
f 129//129 118//118 122//122
f 130//130 118//118 129//129
f 121//121 119//119 130//130
f 131//131 129//129 128//128
f 130//130 119//119 118//118
f 119//119 101//101 118//118
f 120//120 96//96 101//101
f 125//125 100//100 96//96
f 115//115 99//99 100//100
f 115//115 109//109 99//99
f 114//114 115//115 127//127
f 124//124 115//115 125//125
f 125//125 96//96 120//120
f 115//115 100//100 125//125
f 132//132 133//133 134//134
f 135//135 136//136 137//137
f 135//135 138//138 136//136
f 135//135 139//139 138//138
f 134//134 139//139 135//135
f 136//136 138//138 140//140
f 138//138 139//139 140//140
f 134//134 133//133 139//139
f 141//141 142//142 143//143
f 141//141 140//140 142//142
f 136//136 140//140 141//141
f 137//137 141//141 144//144
f 136//136 141//141 137//137
f 144//144 141//141 143//143
f 145//145 129//129 131//131
f 130//130 129//129 145//145
f 146//146 130//130 145//145
f 147//147 148//148 146//146
f 149//149 145//145 150//150
f 147//147 146//146 149//149
f 149//149 146//146 145//145
f 151//151 152//152 153//153
f 154//154 151//151 153//153
f 155//155 151//151 154//154
f 156//156 149//149 150//150
f 156//156 150//150 157//157
f 158//158 153//153 159//159
f 160//160 149//149 156//156
f 159//159 160//160 156//156
f 161//161 159//159 156//156
f 159//159 153//153 160//160
f 153//153 152//152 160//160
f 160//160 147//147 149//149
f 152//152 147//147 160//160
f 152//152 148//148 147//147
f 154//154 153//153 158//158
f 162//162 163//163 164//164
f 165//165 162//162 164//164
f 166//166 162//162 165//165
f 166//166 167//167 162//162
f 167//167 168//168 162//162
f 169//169 166//166 165//165
f 170//170 166//166 169//169
f 170//170 167//167 166//166
f 171//171 167//167 170//170
f 171//171 172//172 167//167
f 172//172 168//168 167//167
f 173//173 174//174 175//175
f 176//176 177//177 178//178
f 176//176 178//178 179//179
f 180//180 176//176 179//179
f 173//173 176//176 180//180
f 176//176 175//175 177//177
f 173//173 175//175 176//176
f 181//181 169//169 182//182
f 180//180 179//179 183//183
f 184//184 181//181 182//182
f 185//185 181//181 184//184
f 186//186 185//185 184//184
f 187//187 188//188 185//185
f 185//185 188//188 181//181
f 187//187 189//189 188//188
f 183//183 189//189 187//187
f 181//181 170//170 169//169
f 188//188 170//170 181//181
f 189//189 183//183 171//171
f 171//171 170//170 188//188
f 189//189 171//171 188//188
f 172//172 178//178 168//168
f 179//179 172//172 183//183
f 179//179 178//178 172//172
f 183//183 172//172 171//171
f 190//190 156//156 157//157
f 161//161 156//156 190//190
f 191//191 192//192 161//161
f 193//193 194//194 192//192
f 195//195 196//196 194//194
f 197//197 191//191 190//190
f 191//191 161//161 190//190
f 198//198 192//192 191//191
f 193//193 192//192 198//198
f 199//199 200//200 201//201
f 202//202 200//200 199//199
f 203//203 204//204 202//202
f 205//205 204//204 203//203
f 206//206 205//205 203//203
f 207//207 205//205 206//206
f 199//199 201//201 208//208
f 209//209 199//199 208//208
f 209//209 208//208 210//210
f 211//211 199//199 209//209
f 211//211 202//202 199//199
f 212//212 202//202 211//211
f 203//203 202//202 212//212
f 213//213 197//197 214//214
f 215//215 191//191 197//197
f 213//213 215//215 197//197
f 216//216 193//193 217//217
f 218//218 216//216 217//217
f 219//219 218//218 220//220
f 221//221 216//216 218//218
f 219//219 221//221 218//218
f 213//213 214//214 222//222
f 223//223 213//213 222//222
f 224//224 213//213 223//223
f 224//224 220//220 213//213
f 217//217 215//215 213//213
f 220//220 217//217 213//213
f 220//220 218//218 217//217
f 217//217 198//198 215//215
f 217//217 193//193 198//198
f 215//215 198//198 191//191
f 195//195 194//194 193//193
f 225//225 226//226 227//227
f 210//210 208//208 219//219
f 208//208 221//221 219//219
f 208//208 201//201 221//221
f 221//221 225//225 216//216
f 201//201 225//225 221//221
f 216//216 195//195 193//193
f 227//227 195//195 216//216
f 225//225 227//227 216//216
f 192//192 159//159 161//161
f 192//192 158//158 159//159
f 228//228 154//154 158//158
f 194//194 158//158 192//192
f 196//196 158//158 194//194
f 195//195 227//227 196//196
f 227//227 226//226 196//196
f 226//226 229//229 196//196
f 196//196 228//228 158//158
f 229//229 228//228 196//196
f 230//230 231//231 155//155
f 232//232 155//155 154//154
f 231//231 164//164 155//155
f 165//165 164//164 231//231
f 169//169 165//165 231//231
f 200//200 226//226 225//225
f 201//201 200//200 225//225
f 200//200 230//230 232//232
f 202//202 230//230 200//200
f 205//205 182//182 204//204
f 207//207 184//184 205//205
f 186//186 184//184 207//207
f 184//184 182//182 205//205
f 204//204 230//230 202//202
f 204//204 182//182 230//230
f 229//229 154//154 228//228
f 232//232 154//154 229//229
f 226//226 232//232 229//229
f 230//230 155//155 232//232
f 182//182 231//231 230//230
f 182//182 169//169 231//231
f 200//200 232//232 226//226
f 148//148 233//233 130//130
f 233//233 121//121 130//130
f 148//148 130//130 146//146
f 114//114 127//127 234//234
f 234//234 127//127 126//126
f 235//235 234//234 126//126
f 164//164 236//236 235//235
f 237//237 236//236 164//164
f 155//155 235//235 151//151
f 164//164 235//235 155//155
f 151//151 126//126 121//121
f 235//235 126//126 151//151
f 151//151 233//233 148//148
f 152//152 151//151 148//148
f 151//151 121//121 233//233
f 113//113 116//116 114//114
f 168//168 163//163 162//162
f 163//163 168//168 237//237
f 238//238 239//239 168//168
f 178//178 238//238 168//168
f 178//178 177//177 238//238
f 177//177 239//239 238//238
f 175//175 174//174 240//240
f 177//177 241//241 239//239
f 177//177 175//175 241//241
f 175//175 240//240 241//241
f 242//242 113//113 114//114
f 243//243 234//234 235//235
f 243//243 114//114 234//234
f 241//241 240//240 113//113
f 236//236 243//243 235//235
f 237//237 243//243 236//236
f 163//163 237//237 164//164
f 168//168 243//243 237//237
f 243//243 242//242 114//114
f 241//241 113//113 242//242
f 168//168 242//242 243//243
f 239//239 242//242 168//168
f 239//239 241//241 242//242
f 92//92 244//244 88//88
f 106//106 245//245 244//244
f 246//246 245//245 106//106
f 247//247 246//246 106//106
f 95//95 106//106 92//92
f 106//106 244//244 92//92
f 98//98 247//247 106//106
f 248//248 249//249 246//246
f 250//250 251//251 249//249
f 252//252 250//250 248//248
f 248//248 250//250 249//249
f 252//252 253//253 250//250
f 254//254 252//252 97//97
f 108//108 254//254 99//99
f 99//99 254//254 97//97
f 248//248 246//246 247//247
f 255//255 248//248 247//247
f 252//252 248//248 255//255
f 97//97 252//252 255//255
f 97//97 255//255 247//247
f 98//98 97//97 247//247
f 256//256 257//257 253//253
f 258//258 259//259 257//257
f 260//260 261//261 258//258
f 262//262 261//261 260//260
f 260//260 256//256 263//263
f 256//256 258//258 257//257
f 260//260 258//258 256//256
f 264//264 265//265 261//261
f 266//266 265//265 264//264
f 262//262 264//264 261//261
f 112//112 267//267 117//117
f 117//117 267//267 109//109
f 110//110 268//268 111//111
f 112//112 262//262 267//267
f 111//111 262//262 112//112
f 250//250 257//257 251//251
f 253//253 257//257 250//250
f 267//267 262//262 260//260
f 254//254 253//253 252//252
f 108//108 253//253 254//254
f 256//256 253//253 108//108
f 263//263 256//256 108//108
f 107//107 263//263 108//108
f 109//109 263//263 107//107
f 267//267 260//260 263//263
f 267//267 263//263 109//109
f 269//269 270//270 271//271
f 270//270 272//272 271//271
f 273//273 274//274 272//272
f 274//274 275//275 276//276
f 274//274 277//277 275//275
f 278//278 277//277 274//274
f 278//278 279//279 277//277
f 280//280 278//278 273//273
f 274//274 276//276 272//272
f 273//273 278//278 274//274
f 281//281 282//282 269//269
f 283//283 284//284 282//282
f 283//283 285//285 284//284
f 286//286 285//285 283//283
f 287//287 283//283 282//282
f 287//287 288//288 283//283
f 288//288 286//286 283//283
f 269//269 272//272 270//270
f 284//284 273//273 282//282
f 284//284 280//280 273//273
f 285//285 280//280 284//284
f 282//282 273//273 269//269
f 273//273 272//272 269//269
f 289//289 288//288 287//287
f 290//290 289//289 287//287
f 291//291 287//287 281//281
f 292//292 293//293 294//294
f 292//292 295//295 293//293
f 296//296 290//290 297//297
f 296//296 298//298 290//290
f 299//299 298//298 296//296
f 300//300 297//297 295//295
f 300//300 296//296 297//297
f 297//297 291//291 281//281
f 295//295 297//297 281//281
f 297//297 287//287 291//291
f 290//290 287//287 297//297
f 295//295 281//281 293//293
f 287//287 282//282 281//281
f 301//301 302//302 303//303
f 302//302 304//304 294//294
f 304//304 292//292 294//294
f 305//305 306//306 307//307
f 306//306 300//300 307//307
f 306//306 296//296 300//300
f 308//308 307//307 292//292
f 308//308 305//305 307//307
f 309//309 308//308 292//292
f 310//310 311//311 308//308
f 311//311 305//305 308//308
f 312//312 310//310 309//309
f 312//312 313//313 310//310
f 309//309 292//292 304//304
f 314//314 309//309 304//304
f 310//310 308//308 309//309
f 314//314 302//302 301//301
f 314//314 304//304 302//302
f 142//142 315//315 316//316
f 140//140 317//317 142//142
f 317//317 315//315 142//142
f 318//318 312//312 319//319
f 320//320 321//321 318//318
f 139//139 322//322 317//317
f 323//323 319//319 322//322
f 324//324 320//320 323//323
f 132//132 324//324 133//133
f 325//325 324//324 132//132
f 133//133 322//322 139//139
f 324//324 323//323 322//322
f 133//133 324//324 322//322
f 317//317 326//326 315//315
f 327//327 326//326 317//317
f 323//323 318//318 319//319
f 323//323 320//320 318//318
f 139//139 317//317 140//140
f 322//322 327//327 317//317
f 322//322 319//319 327//327
f 326//326 314//314 301//301
f 319//319 309//309 314//314
f 312//312 309//309 319//319
f 315//315 326//326 301//301
f 327//327 314//314 326//326
f 319//319 314//314 327//327
f 316//316 301//301 328//328
f 315//315 301//301 316//316
f 307//307 295//295 292//292
f 307//307 300//300 295//295
f 303//303 302//302 294//294
f 329//329 223//223 222//222
f 330//330 223//223 329//329
f 331//331 330//330 332//332
f 333//333 334//334 335//335
f 333//333 336//336 334//334
f 337//337 336//336 333//333
f 338//338 329//329 339//339
f 340//340 338//338 339//339
f 332//332 330//330 338//338
f 338//338 330//330 329//329
f 341//341 331//331 332//332
f 334//334 341//341 332//332
f 342//342 343//343 344//344
f 345//345 346//346 347//347
f 348//348 338//338 340//340
f 348//348 340//340 349//349
f 332//332 338//338 348//348
f 350//350 337//337 333//333
f 333//333 335//335 351//351
f 352//352 334//334 332//332
f 335//335 334//334 352//352
f 353//353 354//354 337//337
f 353//353 337//337 350//350
f 355//355 356//356 357//357
f 355//355 358//358 359//359
f 355//355 357//357 358//358
f 360//360 348//348 349//349
f 361//361 360//360 349//349
f 350//350 351//351 362//362
f 363//363 332//332 360//360
f 364//364 332//332 363//363
f 362//362 351//351 364//364
f 365//365 345//345 366//366
f 367//367 368//368 369//369
f 367//367 370//370 368//368
f 369//369 368//368 365//365
f 368//368 345//345 365//365
f 360//360 361//361 371//371
f 362//362 364//364 372//372
f 373//373 372//372 363//363
f 363//363 360//360 371//371
f 372//372 364//364 363//363
f 374//374 366//366 375//375
f 365//365 375//375 376//376
f 365//365 374//374 375//375
f 376//376 377//377 372//372
f 376//376 372//372 378//378
f 375//375 377//377 376//376
f 379//379 363//363 380//380
f 379//379 380//380 381//381
f 373//373 363//363 379//379
f 378//378 372//372 373//373
f 378//378 373//373 379//379
f 380//380 363//363 371//371
f 377//377 362//362 372//372
f 375//375 350//350 377//377
f 350//350 362//362 377//377
f 366//366 382//382 350//350
f 345//345 382//382 366//366
f 365//365 366//366 374//374
f 366//366 350//350 375//375
f 332//332 348//348 360//360
f 364//364 352//352 332//332
f 364//364 335//335 352//352
f 351//351 335//335 364//364
f 382//382 347//347 353//353
f 382//382 353//353 350//350
f 345//345 347//347 382//382
f 350//350 333//333 351//351
f 383//383 346//346 345//345
f 384//384 344//344 383//383
f 384//384 342//342 344//344
f 370//370 384//384 368//368
f 370//370 342//342 384//384
f 368//368 383//383 345//345
f 368//368 384//384 383//383
f 330//330 224//224 223//223
f 331//331 224//224 330//330
f 331//331 219//219 220//220
f 210//210 219//219 331//331
f 341//341 210//210 331//331
f 331//331 220//220 224//224
f 336//336 211//211 209//209
f 212//212 211//211 336//336
f 337//337 212//212 336//336
f 337//337 206//206 203//203
f 354//354 206//206 337//337
f 354//354 207//207 206//206
f 186//186 207//207 354//354
f 385//385 186//186 354//354
f 337//337 203//203 212//212
f 347//347 354//354 353//353
f 347//347 385//385 354//354
f 341//341 209//209 210//210
f 336//336 209//209 341//341
f 336//336 341//341 334//334
f 386//386 185//185 186//186
f 386//386 187//187 185//185
f 346//346 183//183 187//187
f 346//346 180//180 183//183
f 387//387 180//180 346//346
f 346//346 187//187 386//386
f 387//387 173//173 180//180
f 388//388 173//173 387//387
f 389//389 173//173 388//388
f 344//344 343//343 383//383
f 342//342 388//388 343//343
f 385//385 386//386 186//186
f 343//343 388//388 387//387
f 386//386 385//385 347//347
f 346//346 386//386 347//347
f 343//343 387//387 346//346
f 383//383 343//343 346//346
f 390//390 135//135 391//391
f 390//390 392//392 135//135
f 392//392 134//134 135//135
f 393//393 132//132 134//134
f 393//393 394//394 132//132
f 394//394 325//325 132//132
f 392//392 393//393 134//134
f 395//395 390//390 391//391
f 395//395 396//396 390//390
f 397//397 394//394 393//393
f 397//397 393//393 396//396
f 398//398 397//397 396//396
f 396//396 393//393 392//392
f 391//391 135//135 137//137
f 396//396 392//392 390//390
f 399//399 396//396 395//395
f 400//400 401//401 396//396
f 402//402 395//395 391//391
f 403//403 399//399 404//404
f 356//356 404//404 402//402
f 358//358 357//357 405//405
f 357//357 402//402 405//405
f 356//356 406//406 404//404
f 406//406 403//403 404//404
f 357//357 356//356 402//402
f 407//407 406//406 356//356
f 408//408 358//358 405//405
f 404//404 395//395 402//402
f 404//404 399//399 395//395
f 409//409 410//410 411//411
f 409//409 412//412 410//410
f 413//413 412//412 409//409
f 411//411 410//410 414//414
f 410//410 412//412 415//415
f 413//413 416//416 412//412
f 412//412 417//417 415//415
f 418//418 415//415 419//419
f 420//420 421//421 422//422
f 423//423 422//422 424//424
f 422//422 421//421 424//424
f 421//421 425//425 424//424
f 425//425 426//426 424//424
f 427//427 428//428 429//429
f 430//430 431//431 427//427
f 421//421 428//428 425//425
f 429//429 428//428 421//421
f 410//410 418//418 414//414
f 410//410 415//415 418//418
f 416//416 417//417 412//412
f 416//416 424//424 417//417
f 423//423 424//424 416//416
f 417//417 432//432 415//415
f 415//415 432//432 419//419
f 419//419 432//432 433//433
f 434//434 435//435 426//426
f 426//426 436//436 437//437
f 426//426 435//435 436//436
f 438//438 439//439 430//430
f 438//438 440//440 439//439
f 439//439 440//440 441//441
f 442//442 443//443 444//444
f 444//444 445//445 440//440
f 443//443 445//445 444//444
f 440//440 445//445 441//441
f 443//443 446//446 445//445
f 447//447 443//443 442//442
f 447//447 448//448 443//443
f 449//449 448//448 447//447
f 449//449 450//450 448//448
f 426//426 437//437 417//417
f 424//424 426//426 417//417
f 431//431 451//451 452//452
f 431//431 441//441 451//451
f 428//428 452//452 434//434
f 430//430 439//439 431//431
f 439//439 441//441 431//431
f 431//431 452//452 427//427
f 427//427 452//452 428//428
f 425//425 434//434 426//426
f 425//425 428//428 434//434
f 417//417 453//453 432//432
f 432//432 453//453 454//454
f 453//453 455//455 454//454
f 437//437 456//456 453//453
f 437//437 436//436 456//456
f 433//433 432//432 454//454
f 455//455 457//457 458//458
f 453//453 457//457 455//455
f 453//453 459//459 457//457
f 456//456 459//459 453//453
f 434//434 460//460 461//461
f 434//434 462//462 460//460
f 461//461 460//460 436//436
f 458//458 457//457 463//463
f 463//463 457//457 464//464
f 457//457 465//465 464//464
f 464//464 465//465 466//466
f 457//457 459//459 465//465
f 465//465 467//467 466//466
f 459//459 467//467 465//465
f 467//467 468//468 466//466
f 467//467 381//381 468//468
f 456//456 469//469 470//470
f 456//456 470//470 459//459
f 459//459 470//470 467//467
f 460//460 471//471 469//469
f 460//460 469//469 456//456
f 472//472 460//460 456//456
f 473//473 474//474 475//475
f 474//474 476//476 477//477
f 478//478 474//474 477//477
f 436//436 472//472 456//456
f 436//436 460//460 472//472
f 451//451 477//477 471//471
f 451//451 471//471 462//462
f 462//462 471//471 460//460
f 479//479 480//480 481//481
f 482//482 483//483 480//480
f 480//480 484//484 481//481
f 480//480 483//483 484//484
f 485//485 486//486 487//487
f 482//482 488//488 483//483
f 487//487 488//488 482//482
f 417//417 437//437 453//453
f 435//435 461//461 436//436
f 452//452 451//451 462//462
f 435//435 434//434 461//461
f 452//452 462//462 434//434
f 446//446 478//478 477//477
f 475//475 474//474 478//478
f 443//443 475//475 446//446
f 448//448 475//475 443//443
f 441//441 445//445 451//451
f 445//445 477//477 451//451
f 448//448 473//473 475//475
f 489//489 473//473 448//448
f 445//445 446//446 477//477
f 475//475 478//478 446//446
f 467//467 379//379 381//381
f 470//470 378//378 467//467
f 378//378 379//379 467//467
f 469//469 490//490 376//376
f 469//469 378//378 470//470
f 469//469 376//376 378//378
f 490//490 471//471 376//376
f 471//471 365//365 376//376
f 491//491 365//365 471//471
f 471//471 490//490 469//469
f 492//492 369//369 491//491
f 493//493 492//492 491//491
f 491//491 369//369 365//365
f 494//494 367//367 369//369
f 495//495 367//367 494//494
f 474//474 494//494 496//496
f 476//476 496//496 492//492
f 494//494 369//369 492//492
f 496//496 494//494 492//492
f 497//497 494//494 474//474
f 476//476 493//493 477//477
f 473//473 497//497 474//474
f 489//489 497//497 473//473
f 477//477 493//493 491//491
f 477//477 491//491 471//471
f 474//474 496//496 476//476
f 476//476 492//492 493//493
f 498//498 359//359 499//499
f 498//498 355//355 359//359
f 500//500 355//355 498//498
f 500//500 356//356 355//355
f 501//501 356//356 500//500
f 502//502 501//501 500//500
f 503//503 502//502 500//500
f 498//498 499//499 504//504
f 505//505 506//506 503//503
f 503//503 500//500 498//498
f 504//504 499//499 507//507
f 503//503 498//498 504//504
f 505//505 503//503 508//508
f 509//509 505//505 508//508
f 509//509 508//508 510//510
f 509//509 510//510 488//488
f 511//511 509//509 488//488
f 510//510 508//508 484//484
f 512//512 513//513 511//511
f 487//487 511//511 488//488
f 512//512 511//511 487//487
f 486//486 512//512 487//487
f 483//483 510//510 484//484
f 488//488 510//510 483//483
f 514//514 515//515 516//516
f 516//516 515//515 517//517
f 514//514 518//518 515//515
f 515//515 519//519 517//517
f 514//514 520//520 518//518
f 518//518 521//521 515//515
f 522//522 521//521 518//518
f 520//520 522//522 518//518
f 521//521 523//523 519//519
f 519//519 523//523 524//524
f 525//525 526//526 527//527
f 527//527 526//526 528//528
f 525//525 529//529 526//526
f 530//530 531//531 532//532
f 532//532 529//529 525//525
f 532//532 533//533 529//529
f 532//532 531//531 533//533
f 529//529 534//534 526//526
f 529//529 533//533 534//534
f 521//521 519//519 515//515
f 534//534 535//535 522//522
f 528//528 522//522 520//520
f 527//527 528//528 520//520
f 528//528 534//534 522//522
f 526//526 534//534 528//528
f 524//524 536//536 537//537
f 537//537 536//536 538//538
f 536//536 539//539 540//540
f 541//541 542//542 540//540
f 543//543 541//541 540//540
f 542//542 541//541 544//544
f 545//545 546//546 539//539
f 546//546 543//543 540//540
f 547//547 545//545 548//548
f 547//547 549//549 545//545
f 538//538 536//536 540//540
f 548//548 545//545 539//539
f 539//539 546//546 540//540
f 530//530 550//550 531//531
f 551//551 550//550 530//530
f 531//531 550//550 552//552
f 550//550 553//553 552//552
f 551//551 554//554 550//550
f 554//554 555//555 550//550
f 555//555 556//556 550//550
f 557//557 558//558 559//559
f 557//557 559//559 560//560
f 554//554 561//561 555//555
f 561//561 562//562 555//555
f 562//562 563//563 555//555
f 553//553 550//550 560//560
f 550//550 557//557 560//560
f 555//555 563//563 556//556
f 556//556 557//557 550//550
f 523//523 536//536 524//524
f 521//521 539//539 523//523
f 523//523 539//539 536//536
f 535//535 548//548 522//522
f 522//522 548//548 521//521
f 548//548 539//539 521//521
f 560//560 564//564 549//549
f 565//565 560//560 547//547
f 560//560 549//549 547//547
f 533//533 565//565 534//534
f 534//534 565//565 535//535
f 552//552 553//553 533//533
f 531//531 552//552 533//533
f 533//533 553//553 565//565
f 553//553 560//560 565//565
f 547//547 548//548 535//535
f 565//565 547//547 535//535
f 543//543 566//566 567//567
f 566//566 568//568 567//567
f 569//569 570//570 571//571
f 541//541 567//567 544//544
f 541//541 543//543 567//567
f 571//571 570//570 543//543
f 543//543 570//570 566//566
f 568//568 572//572 567//567
f 566//566 573//573 568//568
f 568//568 574//574 572//572
f 568//568 573//573 574//574
f 570//570 575//575 573//573
f 570//570 573//573 566//566
f 575//575 576//576 573//573
f 577//577 578//578 579//579
f 578//578 580//580 569//569
f 579//579 578//578 569//569
f 580//580 575//575 570//570
f 569//569 580//580 570//570
f 574//574 581//581 572//572
f 582//582 583//583 576//576
f 576//576 583//583 584//584
f 584//584 583//583 581//581
f 583//583 585//585 586//586
f 586//586 411//411 581//581
f 587//587 588//588 589//589
f 588//588 590//590 589//589
f 587//587 589//589 585//585
f 583//583 586//586 581//581
f 583//583 587//587 585//585
f 591//591 590//590 592//592
f 591//591 593//593 590//590
f 593//593 594//594 595//595
f 593//593 596//596 594//594
f 590//590 595//595 597//597
f 598//598 599//599 593//593
f 599//599 596//596 593//593
f 593//593 595//595 590//590
f 574//574 584//584 581//581
f 592//592 587//587 583//583
f 592//592 588//588 587//587
f 592//592 590//590 588//588
f 582//582 592//592 583//583
f 591//591 592//592 582//582
f 600//600 601//601 602//602
f 603//603 601//601 600//600
f 604//604 603//603 600//600
f 601//601 605//605 602//602
f 601//601 606//606 605//605
f 605//605 607//607 598//598
f 608//608 609//609 604//604
f 610//610 608//608 604//604
f 604//604 609//609 603//603
f 573//573 584//584 574//574
f 576//576 584//584 573//573
f 575//575 582//582 576//576
f 575//575 591//591 582//582
f 602//602 605//605 598//598
f 611//611 602//602 612//612
f 602//602 598//598 612//612
f 612//612 598//598 593//593
f 580//580 578//578 575//575
f 611//611 612//612 578//578
f 600//600 602//602 611//611
f 577//577 611//611 578//578
f 600//600 611//611 577//577
f 578//578 591//591 575//575
f 578//578 612//612 591//591
f 612//612 593//593 591//591
f 613//613 614//614 615//615
f 614//614 616//616 615//615
f 615//615 616//616 617//617
f 616//616 618//618 617//617
f 619//619 620//620 614//614
f 619//619 621//621 620//620
f 621//621 622//622 623//623
f 621//621 623//623 620//620
f 614//614 620//620 616//616
f 624//624 617//617 625//625
f 615//615 617//617 624//624
f 546//546 571//571 543//543
f 545//545 579//579 571//571
f 579//579 569//569 571//571
f 546//546 545//545 571//571
f 600//600 577//577 626//626
f 626//626 577//577 579//579
f 560//560 558//558 564//564
f 549//549 564//564 545//545
f 626//626 579//579 545//545
f 564//564 626//626 545//545
f 627//627 628//628 604//604
f 629//629 630//630 610//610
f 629//629 610//610 628//628
f 628//628 610//610 604//604
f 557//557 628//628 558//558
f 556//556 563//563 557//557
f 563//563 628//628 557//557
f 559//559 558//558 560//560
f 564//564 558//558 626//626
f 558//558 604//604 600//600
f 558//558 600//600 626//626
f 627//627 604//604 558//558
f 563//563 629//629 628//628
f 628//628 627//627 558//558
f 586//586 409//409 411//411
f 585//585 409//409 586//586
f 585//585 589//589 409//409
f 589//589 413//413 409//409
f 589//589 631//631 413//413
f 632//632 631//631 589//589
f 631//631 416//416 413//413
f 633//633 631//631 632//632
f 631//631 423//423 416//416
f 590//590 632//632 589//589
f 590//590 597//597 632//632
f 597//597 633//633 632//632
f 634//634 420//420 422//422
f 634//634 421//421 420//420
f 634//634 429//429 421//421
f 635//635 429//429 634//634
f 636//636 427//427 429//429
f 636//636 637//637 427//427
f 637//637 430//430 427//427
f 638//638 639//639 640//640
f 640//640 639//639 635//635
f 639//639 636//636 635//635
f 639//639 637//637 636//636
f 635//635 636//636 429//429
f 595//595 594//594 597//597
f 594//594 641//641 597//597
f 596//596 641//641 594//594
f 596//596 642//642 641//641
f 599//599 638//638 640//640
f 599//599 640//640 596//596
f 640//640 642//642 596//596
f 641//641 633//633 597//597
f 641//641 634//634 422//422
f 633//633 422//422 631//631
f 422//422 423//423 631//631
f 642//642 634//634 641//641
f 642//642 635//635 634//634
f 640//640 635//635 642//642
f 641//641 422//422 633//633
f 643//643 644//644 645//645
f 646//646 644//644 643//643
f 645//645 440//440 438//438
f 645//645 644//644 440//440
f 644//644 444//444 440//440
f 647//647 442//442 444//444
f 447//447 442//442 647//647
f 647//647 648//648 649//649
f 650//650 647//647 649//649
f 646//646 651//651 644//644
f 651//651 647//647 644//644
f 648//648 647//647 651//651
f 647//647 444//444 644//644
f 652//652 449//449 447//447
f 653//653 449//449 652//652
f 652//652 447//447 650//650
f 650//650 447//447 647//647
f 606//606 607//607 605//605
f 609//609 650//650 603//603
f 603//603 606//606 601//601
f 603//603 650//650 606//606
f 650//650 649//649 606//606
f 649//649 654//654 606//606
f 607//607 599//599 598//598
f 607//607 655//655 599//599
f 607//607 656//656 655//655
f 655//655 656//656 599//599
f 656//656 638//638 599//599
f 656//656 657//657 638//638
f 657//657 658//658 638//638
f 606//606 656//656 607//607
f 606//606 654//654 656//656
f 654//654 657//657 656//656
f 654//654 659//659 657//657
f 638//638 658//658 639//639
f 660//660 661//661 658//658
f 658//658 661//661 639//639
f 661//661 637//637 639//639
f 661//661 438//438 637//637
f 645//645 438//438 661//661
f 637//637 438//438 430//430
f 659//659 646//646 643//643
f 659//659 651//651 646//646
f 648//648 651//651 659//659
f 662//662 643//643 660//660
f 659//659 643//643 662//662
f 660//660 645//645 661//661
f 643//643 645//645 660//660
f 609//609 652//652 650//650
f 608//608 652//652 609//609
f 653//653 652//652 608//608
f 657//657 663//663 658//658
f 657//657 662//662 663//663
f 659//659 662//662 657//657
f 663//663 660//660 658//658
f 662//662 660//660 663//663
f 648//648 659//659 654//654
f 649//649 648//648 654//654
f 664//664 665//665 666//666
f 665//665 481//481 667//667
f 666//666 665//665 667//667
f 665//665 479//479 481//481
f 668//668 664//664 669//669
f 669//669 664//664 666//666
f 670//670 671//671 479//479
f 672//672 671//671 670//670
f 671//671 480//480 479//479
f 671//671 482//482 480//480
f 673//673 482//482 671//671
f 673//673 487//487 482//482
f 674//674 485//485 673//673
f 485//485 487//487 673//673
f 674//674 675//675 485//485
f 675//675 486//486 485//485
f 676//676 674//674 672//672
f 672//672 673//673 671//671
f 674//674 673//673 672//672
f 677//677 672//672 678//678
f 679//679 680//680 672//672
f 681//681 676//676 680//680
f 682//682 680//680 679//679
f 683//683 680//680 682//682
f 683//683 681//681 680//680
f 679//679 672//672 677//677
f 668//668 678//678 664//664
f 670//670 479//479 665//665
f 680//680 676//676 672//672
f 678//678 665//665 664//664
f 670//670 665//665 678//678
f 672//672 670//670 678//678
f 684//684 685//685 686//686
f 687//687 688//688 689//689
f 686//686 688//688 687//687
f 684//684 686//686 687//687
f 690//690 677//677 685//685
f 690//690 682//682 677//677
f 691//691 683//683 682//682
f 692//692 683//683 691//691
f 693//693 683//683 692//692
f 694//694 692//692 691//691
f 691//691 682//682 690//690
f 695//695 694//694 696//696
f 695//695 697//697 694//694
f 697//697 698//698 694//694
f 699//699 691//691 700//700
f 696//696 691//691 699//699
f 700//700 690//690 684//684
f 696//696 694//694 691//691
f 691//691 690//690 700//700
f 690//690 685//685 684//684
f 685//685 677//677 678//678
f 685//685 668//668 686//686
f 682//682 679//679 677//677
f 685//685 678//678 668//668
f 686//686 669//669 688//688
f 686//686 668//668 669//669
f 701//701 702//702 703//703
f 704//704 702//702 701//701
f 705//705 695//695 706//706
f 707//707 705//705 706//706
f 706//706 699//699 708//708
f 709//709 706//706 708//708
f 710//710 707//707 709//709
f 711//711 712//712 710//710
f 710//710 709//709 708//708
f 713//713 704//704 701//701
f 709//709 707//707 706//706
f 708//708 699//699 713//713
f 699//699 704//704 713//713
f 714//714 711//711 708//708
f 715//715 712//712 716//716
f 712//712 711//711 716//716
f 717//717 715//715 716//716
f 716//716 711//711 714//714
f 714//714 708//708 618//618
f 718//718 717//717 714//714
f 622//622 719//719 623//623
f 623//623 718//718 620//620
f 719//719 718//718 623//623
f 718//718 714//714 620//620
f 620//620 714//714 616//616
f 616//616 714//714 618//618
f 618//618 713//713 720//720
f 717//717 716//716 714//714
f 708//708 713//713 618//618
f 711//711 710//710 708//708
f 720//720 713//713 701//701
f 702//702 687//687 703//703
f 704//704 721//721 702//702
f 721//721 700//700 684//684
f 706//706 696//696 699//699
f 706//706 695//695 696//696
f 699//699 700//700 704//704
f 704//704 700//700 721//721
f 721//721 684//684 687//687
f 702//702 721//721 687//687
f 722//722 723//723 724//724
f 725//725 723//723 722//722
f 724//724 723//723 726//726
f 727//727 728//728 726//726
f 729//729 730//730 723//723
f 728//728 727//727 731//731
f 732//732 733//733 734//734
f 732//732 735//735 733//733
f 734//734 729//729 725//725
f 734//734 736//736 729//729
f 733//733 736//736 734//734
f 725//725 729//729 723//723
f 723//723 727//727 726//726
f 723//723 730//730 727//727
f 730//730 737//737 727//727
f 738//738 737//737 730//730
f 727//727 739//739 731//731
f 727//727 737//737 739//739
f 739//739 737//737 740//740
f 737//737 741//741 740//740
f 741//741 742//742 740//740
f 743//743 744//744 738//738
f 743//743 745//745 744//744
f 738//738 746//746 737//737
f 747//747 748//748 749//749
f 750//750 747//747 749//749
f 750//750 751//751 752//752
f 753//753 751//751 750//750
f 750//750 752//752 747//747
f 729//729 738//738 730//730
f 748//748 754//754 755//755
f 755//755 745//745 743//743
f 733//733 743//743 736//736
f 733//733 755//755 743//743
f 749//749 755//755 733//733
f 735//735 749//749 733//733
f 749//749 748//748 755//755
f 736//736 738//738 729//729
f 736//736 743//743 738//738
f 742//742 756//756 757//757
f 758//758 756//756 742//742
f 746//746 759//759 741//741
f 746//746 760//760 759//759
f 759//759 761//761 758//758
f 741//741 758//758 742//742
f 759//759 758//758 741//741
f 762//762 763//763 756//756
f 756//756 764//764 757//757
f 761//761 765//765 766//766
f 767//767 765//765 761//761
f 768//768 767//767 761//761
f 768//768 769//769 767//767
f 765//765 762//762 766//766
f 766//766 762//762 756//756
f 770//770 771//771 772//772
f 773//773 771//771 770//770
f 774//774 775//775 776//776
f 777//777 773//773 770//770
f 774//774 776//776 777//777
f 758//758 766//766 756//756
f 772//772 771//771 768//768
f 771//771 769//769 768//768
f 760//760 768//768 759//759
f 778//778 768//768 760//760
f 768//768 761//761 759//759
f 772//772 768//768 778//778
f 761//761 766//766 758//758
f 779//779 780//780 753//753
f 779//779 781//781 780//780
f 782//782 781//781 779//779
f 783//783 784//784 782//782
f 784//784 785//785 782//782
f 780//780 781//781 786//786
f 785//785 787//787 781//781
f 782//782 785//785 781//781
f 781//781 787//787 788//788
f 746//746 741//741 737//737
f 778//778 760//760 746//746
f 789//789 772//772 778//778
f 755//755 789//789 745//745
f 754//754 789//789 755//755
f 789//789 778//778 745//745
f 744//744 746//746 738//738
f 745//745 778//778 744//744
f 744//744 778//778 746//746
f 777//777 770//770 790//790
f 774//774 777//777 790//790
f 780//780 786//786 775//775
f 780//780 775//775 774//774
f 747//747 790//790 748//748
f 747//747 752//752 790//790
f 751//751 780//780 774//774
f 753//753 780//780 751//751
f 751//751 774//774 752//752
f 752//752 774//774 790//790
f 748//748 790//790 754//754
f 754//754 790//790 789//789
f 790//790 772//772 789//789
f 790//790 770//770 772//772
f 756//756 791//791 764//764
f 792//792 793//793 762//762
f 794//794 793//793 792//792
f 762//762 795//795 763//763
f 793//793 795//795 762//762
f 764//764 791//791 796//796
f 796//796 797//797 798//798
f 799//799 797//797 796//796
f 798//798 797//797 800//800
f 795//795 799//799 791//791
f 795//795 801//801 799//799
f 802//802 803//803 794//794
f 804//804 805//805 806//806
f 804//804 806//806 802//802
f 791//791 799//799 796//796
f 807//807 801//801 795//795
f 794//794 807//807 793//793
f 793//793 807//807 795//795
f 763//763 795//795 791//791
f 808//808 809//809 810//810
f 811//811 812//812 813//813
f 814//814 815//815 809//809
f 814//814 516//516 815//815
f 816//816 814//814 809//809
f 817//817 818//818 819//819
f 817//817 820//820 818//818
f 818//818 820//820 821//821
f 808//808 813//813 809//809
f 813//813 816//816 809//809
f 812//812 816//816 813//813
f 819//819 812//812 811//811
f 818//818 821//821 819//819
f 819//819 821//821 812//812
f 822//822 823//823 824//824
f 825//825 826//826 822//822
f 827//827 828//828 825//825
f 828//828 829//829 825//825
f 830//830 831//831 828//828
f 828//828 831//831 829//829
f 832//832 833//833 806//806
f 833//833 822//822 806//806
f 827//827 825//825 833//833
f 833//833 825//825 822//822
f 800//800 808//808 810//810
f 813//813 808//808 800//800
f 797//797 813//813 800//800
f 811//811 813//813 797//797
f 807//807 819//819 801//801
f 799//799 811//811 797//797
f 801//801 811//811 799//799
f 801//801 819//819 811//811
f 834//834 820//820 817//817
f 824//824 823//823 834//834
f 806//806 822//822 824//824
f 794//794 803//803 807//807
f 805//805 832//832 806//806
f 803//803 817//817 807//807
f 807//807 817//817 819//819
f 806//806 824//824 802//802
f 803//803 834//834 817//817
f 802//802 824//824 803//803
f 824//824 834//834 803//803
f 835//835 836//836 837//837
f 836//836 838//838 837//837
f 839//839 840//840 836//836
f 836//836 840//840 838//838
f 840//840 841//841 838//838
f 838//838 841//841 842//842
f 840//840 839//839 841//841
f 839//839 843//843 841//841
f 844//844 843//843 839//839
f 838//838 842//842 845//845
f 763//763 791//791 756//756
f 767//767 846//846 792//792
f 846//846 794//794 792//792
f 767//767 792//792 765//765
f 769//769 846//846 767//767
f 765//765 792//792 762//762
f 776//776 802//802 794//794
f 777//777 776//776 773//773
f 775//775 804//804 776//776
f 847//847 804//804 775//775
f 786//786 847//847 775//775
f 771//771 773//773 769//769
f 773//773 846//846 769//769
f 773//773 794//794 846//846
f 773//773 776//776 794//794
f 804//804 802//802 776//776
f 848//848 827//827 833//833
f 848//848 833//833 832//832
f 849//849 828//828 827//827
f 850//850 851//851 830//830
f 849//849 850//850 828//828
f 850//850 830//830 828//828
f 781//781 788//788 786//786
f 785//785 848//848 787//787
f 784//784 849//849 785//785
f 785//785 849//849 848//848
f 788//788 847//847 786//786
f 788//788 787//787 847//847
f 847//847 805//805 804//804
f 847//847 832//832 805//805
f 847//847 848//848 832//832
f 849//849 827//827 848//848
f 787//787 848//848 847//847
f 814//814 514//514 516//516
f 852//852 520//520 514//514
f 852//852 527//527 520//520
f 821//821 852//852 812//812
f 812//812 852//852 816//816
f 816//816 514//514 814//814
f 816//816 852//852 514//514
f 853//853 527//527 852//852
f 853//853 525//525 527//527
f 854//854 532//532 855//855
f 854//854 530//530 532//532
f 854//854 855//855 834//834
f 834//834 855//855 853//853
f 855//855 532//532 853//853
f 532//532 525//525 853//853
f 823//823 854//854 834//834
f 820//820 853//853 821//821
f 821//821 853//853 852//852
f 834//834 853//853 820//820
f 856//856 857//857 530//530
f 857//857 551//551 530//530
f 858//858 859//859 857//857
f 857//857 554//554 551//551
f 859//859 554//554 857//857
f 859//859 561//561 554//554
f 860//860 561//561 859//859
f 860//860 861//861 561//561
f 831//831 860//860 859//859
f 826//826 825//825 856//856
f 825//825 829//829 856//856
f 830//830 862//862 831//831
f 822//822 826//826 823//823
f 823//823 826//826 854//854
f 858//858 857//857 856//856
f 856//856 530//530 854//854
f 829//829 859//859 858//858
f 829//829 831//831 859//859
f 826//826 856//856 854//854
f 829//829 858//858 856//856
f 863//863 864//864 865//865
f 864//864 624//624 865//865
f 866//866 615//615 624//624
f 866//866 613//613 615//615
f 867//867 621//621 619//619
f 868//868 621//621 867//867
f 869//869 870//870 613//613
f 871//871 867//867 870//870
f 871//871 872//872 867//867
f 870//870 619//619 613//613
f 870//870 867//867 619//619
f 613//613 619//619 614//614
f 873//873 874//874 875//875
f 874//874 869//869 875//875
f 876//876 877//877 878//878
f 878//878 877//877 874//874
f 877//877 879//879 874//874
f 877//877 871//871 879//879
f 874//874 879//879 869//869
f 880//880 873//873 863//863
f 873//873 864//864 863//863
f 873//873 875//875 864//864
f 875//875 866//866 864//864
f 864//864 866//866 624//624
f 879//879 870//870 869//869
f 879//879 871//871 870//870
f 875//875 869//869 866//866
f 869//869 613//613 866//866
f 881//881 882//882 883//883
f 881//881 884//884 882//882
f 885//885 881//881 883//883
f 886//886 887//887 888//888
f 887//887 889//889 888//888
f 890//890 876//876 878//878
f 891//891 892//892 887//887
f 891//891 893//893 892//892
f 893//893 894//894 890//890
f 894//894 895//895 890//890
f 887//887 892//892 889//889
f 893//893 890//890 892//892
f 896//896 897//897 898//898
f 899//899 900//900 901//901
f 901//901 893//893 891//891
f 894//894 893//893 901//901
f 900//900 894//894 901//901
f 902//902 903//903 896//896
f 901//901 903//903 902//902
f 904//904 899//899 901//901
f 905//905 899//899 904//904
f 905//905 900//900 899//899
f 903//903 897//897 896//896
f 903//903 891//891 897//897
f 903//903 901//901 891//891
f 885//885 906//906 881//881
f 898//898 897//897 886//886
f 898//898 886//886 906//906
f 886//886 888//888 906//906
f 906//906 884//884 881//881
f 897//897 891//891 886//886
f 891//891 887//887 886//886
f 907//907 908//908 909//909
f 908//908 863//863 909//909
f 906//906 880//880 884//884
f 906//906 888//888 880//880
f 884//884 880//880 910//910
f 910//910 880//880 863//863
f 890//890 878//878 892//892
f 878//878 874//874 892//892
f 892//892 874//874 873//873
f 888//888 873//873 880//880
f 889//889 873//873 888//888
f 889//889 892//892 873//873
f 910//910 908//908 907//907
f 910//910 863//863 908//908
f 884//884 910//910 882//882
f 911//911 912//912 913//913
f 913//913 912//912 914//914
f 911//911 915//915 912//912
f 916//916 902//902 917//917
f 918//918 904//904 916//916
f 918//918 919//919 904//904
f 920//920 919//919 918//918
f 921//921 916//916 917//917
f 921//921 918//918 916//916
f 920//920 918//918 921//921
f 922//922 921//921 923//923
f 922//922 924//924 921//921
f 924//924 925//925 921//921
f 923//923 921//921 915//915
f 923//923 915//915 911//911
f 926//926 911//911 913//913
f 926//926 923//923 911//911
f 921//921 917//917 915//915
f 927//927 928//928 842//842
f 929//929 922//922 930//930
f 929//929 931//931 922//922
f 843//843 932//932 841//841
f 933//933 929//929 934//934
f 935//935 936//936 844//844
f 844//844 937//937 843//843
f 936//936 937//937 844//844
f 843//843 937//937 934//934
f 937//937 933//933 934//934
f 938//938 933//933 937//937
f 843//843 934//934 932//932
f 841//841 932//932 842//842
f 932//932 927//927 842//842
f 932//932 939//939 927//927
f 927//927 939//939 928//928
f 929//929 930//930 934//934
f 934//934 930//930 940//940
f 934//934 939//939 932//932
f 934//934 940//940 939//939
f 941//941 913//913 942//942
f 939//939 926//926 928//928
f 940//940 926//926 939//939
f 940//940 930//930 926//926
f 928//928 926//926 941//941
f 941//941 926//926 913//913
f 930//930 922//922 923//923
f 930//930 923//923 926//926
f 928//928 941//941 942//942
f 915//915 943//943 912//912
f 915//915 917//917 943//943
f 917//917 896//896 898//898
f 917//917 898//898 943//943
f 943//943 906//906 885//885
f 898//898 906//906 943//943
f 919//919 905//905 904//904
f 944//944 905//905 919//919
f 916//916 901//901 902//902
f 904//904 901//901 916//916
f 917//917 902//902 896//896
f 945//945 885//885 883//883
f 943//943 885//885 945//945
f 912//912 945//945 914//914
f 912//912 943//943 945//945
f 946//946 947//947 5//5
f 947//947 948//948 949//949
f 946//946 948//948 947//947
f 948//948 950//950 949//949
f 951//951 952//952 946//946
f 951//951 953//953 952//952
f 954//954 953//953 951//951
f 955//955 953//953 954//954
f 956//956 957//957 955//955
f 946//946 952//952 948//948
f 952//952 958//958 948//948
f 950//950 948//948 959//959
f 958//958 960//960 948//948
f 953//953 961//961 962//962
f 948//948 960//960 959//959
f 956//956 963//963 957//957
f 963//963 964//964 965//965
f 966//966 967//967 956//956
f 966//966 968//968 967//967
f 967//967 969//969 964//964
f 956//956 967//967 963//963
f 963//963 967//967 964//964
f 962//962 958//958 952//952
f 953//953 962//962 952//952
f 963//963 965//965 957//957
f 955//955 961//961 953//953
f 955//955 957//957 961//961
f 960//960 970//970 959//959
f 970//970 971//971 972//972
f 970//970 960//960 971//971
f 958//958 973//973 960//960
f 961//961 974//974 962//962
f 962//962 974//974 958//958
f 971//971 960//960 975//975
f 960//960 976//976 975//975
f 975//975 976//976 977//977
f 722//722 724//724 977//977
f 973//973 978//978 979//979
f 973//973 732//732 978//978
f 976//976 722//722 977//977
f 976//976 979//979 722//722
f 974//974 732//732 973//973
f 974//974 980//980 732//732
f 973//973 979//979 976//976
f 973//973 976//976 960//960
f 974//974 973//973 958//958
f 964//964 981//981 982//982
f 961//961 980//980 974//974
f 983//983 984//984 985//985
f 984//984 986//986 985//985
f 965//965 987//987 980//980
f 965//965 964//964 987//987
f 957//957 980//980 961//961
f 957//957 965//965 980//980
f 969//969 988//988 981//981
f 967//967 989//989 969//969
f 968//968 989//989 967//967
f 969//969 981//981 964//964
f 969//969 989//989 988//988
f 979//979 725//725 722//722
f 978//978 734//734 725//725
f 978//978 732//732 734//734
f 980//980 990//990 732//732
f 979//979 978//978 725//725
f 990//990 991//991 735//735
f 991//991 749//749 735//735
f 991//991 750//750 749//749
f 991//991 982//982 750//750
f 982//982 753//753 750//750
f 964//964 991//991 987//987
f 987//987 991//991 990//990
f 990//990 735//735 732//732
f 964//964 982//982 991//991
f 980//980 987//987 990//990
f 992//992 779//779 753//753
f 993//993 779//779 992//992
f 993//993 782//782 779//779
f 989//989 993//993 992//992
f 993//993 994//994 782//782
f 994//994 783//783 782//782
f 989//989 994//994 993//993
f 981//981 988//988 982//982
f 988//988 992//992 982//982
f 982//982 992//992 753//753
f 988//988 989//989 992//992
f 995//995 996//996 835//835
f 996//996 836//836 835//835
f 996//996 839//839 836//836
f 997//997 839//839 996//996
f 997//997 935//935 839//839
f 998//998 935//935 997//997
f 935//935 844//844 839//839
f 999//999 1000//1000 998//998
f 999//999 998//998 1001//1001
f 1001//1001 998//998 997//997
f 1002//1002 997//997 996//996
f 1003//1003 995//995 1004//1004
f 1005//1005 999//999 1001//1001
f 1006//1006 1007//1007 1003//1003
f 1008//1008 1005//1005 1001//1001
f 1007//1007 1001//1001 1002//1002
f 1007//1007 1002//1002 1003//1003
f 1003//1003 1002//1002 995//995
f 1002//1002 996//996 995//995
f 1002//1002 1001//1001 997//997
f 1001//1001 1007//1007 1006//1006
f 1009//1009 1006//1006 1003//1003
f 1010//1010 1008//1008 1006//1006
f 1008//1008 1001//1001 1006//1006
f 1011//1011 1010//1010 1006//1006
f 1011//1011 1006//1006 1009//1009
f 1009//1009 1003//1003 1012//1012
f 1013//1013 1011//1011 1009//1009
f 986//986 1012//1012 985//985
f 1014//1014 1015//1015 984//984
f 1015//1015 1013//1013 984//984
f 984//984 1009//1009 986//986
f 1013//1013 1009//1009 984//984
f 986//986 1009//1009 1012//1012
f 985//985 1012//1012 1004//1004
f 1012//1012 1003//1003 1004//1004
f 1016//1016 1017//1017 5//5
f 1018//1018 1019//1019 1020//1020
f 1018//1018 1021//1021 1019//1019
f 1016//1016 5//5 4//4
f 1022//1022 1017//1017 1016//1016
f 1022//1022 1020//1020 1017//1017
f 1023//1023 1021//1021 1018//1018
f 1023//1023 1024//1024 1021//1021
f 11//11 1016//1016 4//4
f 1025//1025 1016//1016 11//11
f 1025//1025 1022//1022 1016//1016
f 1026//1026 1027//1027 1028//1028
f 1026//1026 1028//1028 1029//1029
f 1030//1030 1022//1022 1025//1025
f 1030//1030 1020//1020 1022//1022
f 1031//1031 1020//1020 1030//1030
f 1032//1032 1018//1018 1031//1031
f 1033//1033 1023//1023 1032//1032
f 1034//1034 1023//1023 1033//1033
f 1034//1034 1024//1024 1023//1023
f 17//17 1025//1025 11//11
f 1030//1030 1025//1025 17//17
f 1031//1031 1018//1018 1020//1020
f 1035//1035 1028//1028 1036//1036
f 1036//1036 1024//1024 1034//1034
f 1032//1032 1023//1023 1018//1018
f 1037//1037 1038//1038 1039//1039
f 1040//1040 1037//1037 1039//1039
f 1041//1041 1042//1042 1043//1043
f 1044//1044 1042//1042 1041//1041
f 1044//1044 1039//1039 1042//1042
f 1045//1045 1039//1039 1044//1044
f 1039//1039 1038//1038 1042//1042
f 1038//1038 1046//1046 1042//1042
f 1041//1041 1043//1043 1047//1047
f 1048//1048 17//17 32//32
f 1048//1048 1030//1030 17//17
f 1049//1049 1048//1048 32//32
f 40//40 1049//1049 32//32
f 1049//1049 1030//1030 1048//1048
f 1050//1050 1031//1031 1030//1030
f 1051//1051 1031//1031 1050//1050
f 1050//1050 1030//1030 1049//1049
f 1051//1051 1032//1032 1031//1031
f 1051//1051 1033//1033 1032//1032
f 1052//1052 1029//1029 1053//1053
f 1054//1054 1026//1026 1052//1052
f 1055//1055 1056//1056 1057//1057
f 1056//1056 1058//1058 1057//1057
f 1058//1058 1052//1052 1059//1059
f 1057//1057 1058//1058 1059//1059
f 1052//1052 1053//1053 1060//1060
f 1059//1059 1052//1052 1060//1060
f 1058//1058 1054//1054 1052//1052
f 1061//1061 40//40 44//44
f 1062//1062 1033//1033 1051//1051
f 47//47 1061//1061 44//44
f 1063//1063 1061//1061 47//47
f 1063//1063 1050//1050 1061//1061
f 1060//1060 1064//1064 1065//1065
f 1064//1064 1062//1062 1066//1066
f 1065//1065 1064//1064 1066//1066
f 1067//1067 1063//1063 47//47
f 1068//1068 1050//1050 1069//1069
f 1070//1070 1051//1051 1050//1050
f 1070//1070 1050//1050 1068//1068
f 1067//1067 47//47 54//54
f 1071//1071 1067//1067 54//54
f 1069//1069 1067//1067 1071//1071
f 1069//1069 1050//1050 1067//1067
f 1050//1050 1063//1063 1067//1067
f 1066//1066 1051//1051 1070//1070
f 1066//1066 1062//1062 1051//1051
f 1061//1061 1049//1049 40//40
f 1050//1050 1049//1049 1061//1061
f 1053//1053 1035//1035 1064//1064
f 1064//1064 1034//1034 1062//1062
f 1060//1060 1053//1053 1064//1064
f 1062//1062 1034//1034 1033//1033
f 1064//1064 1036//1036 1034//1034
f 1064//1064 1035//1035 1036//1036
f 1029//1029 1035//1035 1053//1053
f 1072//1072 1027//1027 1026//1026
f 1073//1073 1072//1072 1054//1054
f 1052//1052 1026//1026 1029//1029
f 1056//1056 1054//1054 1058//1058
f 1029//1029 1028//1028 1035//1035
f 1054//1054 1072//1072 1026//1026
f 1017//1017 946//946 5//5
f 1019//1019 946//946 1017//1017
f 1019//1019 951//951 946//946
f 954//954 951//951 1019//1019
f 1021//1021 954//954 1019//1019
f 1020//1020 1019//1019 1017//1017
f 1074//1074 955//955 954//954
f 1074//1074 1036//1036 955//955
f 1036//1036 956//956 955//955
f 1024//1024 1074//1074 1021//1021
f 1024//1024 1036//1036 1074//1074
f 1021//1021 1074//1074 954//954
f 1075//1075 956//956 1076//1076
f 1028//1028 1075//1075 1076//1076
f 1075//1075 1077//1077 956//956
f 1077//1077 966//966 956//956
f 1076//1076 956//956 1036//1036
f 1027//1027 1075//1075 1028//1028
f 1073//1073 1077//1077 1072//1072
f 1072//1072 1077//1077 1075//1075
f 1072//1072 1075//1075 1027//1027
f 1028//1028 1076//1076 1036//1036
f 1078//1078 984//984 983//983
f 1079//1079 984//984 1078//1078
f 1079//1079 1014//1014 984//984
f 1080//1080 1014//1014 1079//1079
f 1078//1078 983//983 1081//1081
f 1081//1081 983//983 1082//1082
f 1079//1079 1078//1078 1083//1083
f 1080//1080 1079//1079 1084//1084
f 1085//1085 1080//1080 1086//1086
f 1086//1086 1080//1080 1084//1084
f 1084//1084 1079//1079 1083//1083
f 1083//1083 1078//1078 1081//1081
f 1087//1087 1088//1088 1089//1089
f 1089//1089 1086//1086 1084//1084
f 1090//1090 1083//1083 1091//1091
f 1090//1090 1084//1084 1083//1083
f 1090//1090 1089//1089 1084//1084
f 1092//1092 1087//1087 1089//1089
f 1092//1092 1089//1089 1090//1090
f 1093//1093 1087//1087 1092//1092
f 1092//1092 1090//1090 1046//1046
f 1037//1037 1094//1094 1038//1038
f 1038//1038 1092//1092 1046//1046
f 1094//1094 1092//1092 1038//1038
f 1042//1042 1091//1091 1043//1043
f 1042//1042 1046//1046 1091//1091
f 1046//1046 1090//1090 1091//1091
f 1088//1088 1086//1086 1089//1089
f 1083//1083 1081//1081 1091//1091
f 1095//1095 54//54 1096//1096
f 1097//1097 1095//1095 1096//1096
f 1098//1098 1097//1097 1096//1096
f 1097//1097 1099//1099 1095//1095
f 1100//1100 1101//1101 1102//1102
f 1103//1103 1104//1104 1100//1100
f 1105//1105 1099//1099 1097//1097
f 1102//1102 1099//1099 1105//1105
f 1106//1106 1107//1107 1108//1108
f 1109//1109 1106//1106 1108//1108
f 1110//1110 1111//1111 1109//1109
f 1112//1112 1110//1110 1109//1109
f 1113//1113 1097//1097 1098//1098
f 1113//1113 1098//1098 1114//1114
f 1105//1105 1097//1097 1113//1113
f 1115//1115 1105//1105 1113//1113
f 1116//1116 1105//1105 1115//1115
f 1117//1117 1113//1113 1114//1114
f 1117//1117 1115//1115 1113//1113
f 1118//1118 1116//1116 1115//1115
f 1118//1118 1119//1119 1116//1116
f 1119//1119 1102//1102 1116//1116
f 1116//1116 1102//1102 1105//1105
f 1120//1120 1121//1121 1103//1103
f 1108//1108 1121//1121 1120//1120
f 1121//1121 1104//1104 1103//1103
f 1121//1121 1107//1107 1104//1104
f 1108//1108 1107//1107 1121//1121
f 1120//1120 1103//1103 1122//1122
f 1122//1122 1100//1100 1102//1102
f 1119//1119 1122//1122 1102//1102
f 1103//1103 1100//1100 1122//1122
f 1123//1123 1124//1124 1125//1125
f 1126//1126 1124//1124 1123//1123
f 1123//1123 1125//1125 1127//1127
f 1128//1128 1123//1123 1129//1129
f 1130//1130 1131//1131 1132//1132
f 1128//1128 1126//1126 1123//1123
f 1131//1131 1126//1126 1128//1128
f 1133//1133 1134//1134 1118//1118
f 1134//1134 1135//1135 1122//1122
f 1136//1136 1117//1117 1137//1137
f 1138//1138 1139//1139 1136//1136
f 1136//1136 1139//1139 1117//1117
f 1140//1140 1141//1141 1135//1135
f 1140//1140 1135//1135 1142//1142
f 1140//1140 1143//1143 1141//1141
f 1144//1144 1143//1143 1140//1140
f 1145//1145 1144//1144 1140//1140
f 1146//1146 1147//1147 1148//1148
f 1146//1146 1142//1142 1147//1147
f 1149//1149 1148//1148 1138//1138
f 1148//1148 1133//1133 1138//1138
f 1138//1138 1133//1133 1139//1139
f 1142//1142 1135//1135 1134//1134
f 1142//1142 1134//1134 1147//1147
f 1147//1147 1133//1133 1148//1148
f 1147//1147 1134//1134 1133//1133
f 1139//1139 1133//1133 1115//1115
f 1133//1133 1118//1118 1115//1115
f 1139//1139 1115//1115 1117//1117
f 1122//1122 1119//1119 1118//1118
f 1150//1150 1120//1120 1122//1122
f 1150//1150 1108//1108 1120//1120
f 1134//1134 1122//1122 1118//1118
f 1135//1135 1141//1141 1150//1150
f 1135//1135 1150//1150 1122//1122
f 1112//1112 1109//1109 1108//1108
f 1151//1151 1110//1110 1112//1112
f 1152//1152 1110//1110 1151//1151
f 1123//1123 1127//1127 1153//1153
f 1127//1127 1152//1152 1144//1144
f 1153//1153 1127//1127 1144//1144
f 1129//1129 1123//1123 1153//1153
f 1112//1112 1108//1108 1150//1150
f 1154//1154 1112//1112 1150//1150
f 1154//1154 1151//1151 1112//1112
f 1143//1143 1151//1151 1154//1154
f 1141//1141 1154//1154 1150//1150
f 1143//1143 1154//1154 1141//1141
f 1144//1144 1151//1151 1143//1143
f 1144//1144 1152//1152 1151//1151
f 1155//1155 1156//1156 1157//1157
f 276//276 1158//1158 1159//1159
f 275//275 1158//1158 276//276
f 277//277 1160//1160 275//275
f 279//279 1160//1160 277//277
f 272//272 276//276 1161//1161
f 272//272 1161//1161 271//271
f 1161//1161 1155//1155 1157//1157
f 276//276 1155//1155 1161//1161
f 276//276 1159//1159 1155//1155
f 271//271 1162//1162 1163//1163
f 1161//1161 1157//1157 1164//1164
f 1164//1164 1165//1165 1166//1166
f 1164//1164 1157//1157 1165//1165
f 1162//1162 1167//1167 1168//1168
f 271//271 1167//1167 1162//1162
f 1161//1161 1167//1167 271//271
f 1164//1164 1166//1166 1168//1168
f 1167//1167 1164//1164 1168//1168
f 1167//1167 1161//1161 1164//1164
f 1136//1136 1137//1137 1169//1169
f 1138//1138 1136//1136 1169//1169
f 1170//1170 1171//1171 1172//1172
f 1170//1170 1173//1173 1171//1171
f 1174//1174 1149//1149 1175//1175
f 1175//1175 1138//1138 1169//1169
f 1149//1149 1138//1138 1175//1175
f 1172//1172 1149//1149 1174//1174
f 1172//1172 1171//1171 1149//1149
f 1176//1176 1173//1173 1177//1177
f 1145//1145 1173//1173 1176//1176
f 1178//1178 1145//1145 1176//1176
f 1178//1178 1179//1179 1145//1145
f 1178//1178 1176//1176 1180//1180
f 1181//1181 1175//1175 1182//1182
f 1174//1174 1175//1175 1181//1181
f 1183//1183 1174//1174 1181//1181
f 1181//1181 1182//1182 1184//1184
f 1185//1185 1181//1181 1184//1184
f 1185//1185 1183//1183 1181//1181
f 1186//1186 1174//1174 1183//1183
f 1175//1175 1169//1169 1182//1182
f 1177//1177 1173//1173 1170//1170
f 1186//1186 1187//1187 1174//1174
f 1180//1180 1176//1176 1187//1187
f 1176//1176 1170//1170 1187//1187
f 1176//1176 1177//1177 1170//1170
f 1187//1187 1172//1172 1174//1174
f 1187//1187 1170//1170 1172//1172
f 1188//1188 1189//1189 1190//1190
f 1189//1189 1191//1191 1192//1192
f 1190//1190 1189//1189 1192//1192
f 266//266 1193//1193 265//265
f 265//265 1194//1194 261//261
f 265//265 1195//1195 1194//1194
f 258//258 1188//1188 259//259
f 261//261 1194//1194 1188//1188
f 258//258 261//261 1188//1188
f 1190//1190 1192//1192 251//251
f 257//257 1190//1190 251//251
f 257//257 259//259 1190//1190
f 259//259 1188//1188 1190//1190
f 1196//1196 1185//1185 1184//1184
f 1197//1197 1196//1196 1184//1184
f 1198//1198 1185//1185 1196//1196
f 1199//1199 1200//1200 1201//1201
f 1199//1199 1202//1202 1200//1200
f 249//249 1202//1202 1199//1199
f 251//251 1202//1202 249//249
f 246//246 1199//1199 1203//1203
f 249//249 1199//1199 246//246
f 1204//1204 1196//1196 1197//1197
f 1198//1198 1205//1205 1185//1185
f 245//245 1206//1206 1205//1205
f 245//245 1203//1203 1206//1206
f 88//88 1204//1204 89//89
f 1198//1198 1196//1196 1204//1204
f 88//88 1198//1198 1204//1204
f 244//244 1205//1205 1198//1198
f 244//244 1198//1198 88//88
f 245//245 1205//1205 244//244
f 1205//1205 1206//1206 1185//1185
f 1203//1203 1201//1201 1186//1186
f 1199//1199 1201//1201 1203//1203
f 1206//1206 1203//1203 1185//1185
f 246//246 1203//1203 245//245
f 1203//1203 1186//1186 1185//1185
f 1186//1186 1183//1183 1185//1185
f 1201//1201 1187//1187 1186//1186
f 1201//1201 1180//1180 1187//1187
f 1192//1192 1191//1191 1179//1179
f 1202//1202 1179//1179 1178//1178
f 1202//1202 1192//1192 1179//1179
f 251//251 1192//1192 1202//1202
f 1202//1202 1178//1178 1200//1200
f 1200//1200 1178//1178 1180//1180
f 1200//1200 1180//1180 1201//1201
f 1171//1171 1207//1207 1149//1149
f 1207//1207 1148//1148 1149//1149
f 1207//1207 1146//1146 1148//1148
f 1173//1173 1142//1142 1146//1146
f 1173//1173 1146//1146 1171//1171
f 1171//1171 1146//1146 1207//1207
f 1208//1208 1153//1153 1144//1144
f 1209//1209 1129//1129 1153//1153
f 1210//1210 1129//1129 1209//1209
f 1209//1209 1153//1153 1208//1208
f 1179//1179 1208//1208 1145//1145
f 1209//1209 1208//1208 1179//1179
f 1191//1191 1209//1209 1179//1179
f 1145//1145 1140//1140 1142//1142
f 1173//1173 1145//1145 1142//1142
f 1208//1208 1144//1144 1145//1145
f 1131//1131 1128//1128 1210//1210
f 1211//1211 1131//1131 1210//1210
f 1132//1132 1131//1131 1211//1211
f 1212//1212 1213//1213 1214//1214
f 1213//1213 1130//1130 1132//1132
f 1215//1215 1212//1212 1216//1216
f 1214//1214 1213//1213 1132//1132
f 1188//1188 1214//1214 1189//1189
f 1195//1195 1216//1216 1194//1194
f 1216//1216 1214//1214 1188//1188
f 1194//1194 1216//1216 1188//1188
f 1210//1210 1128//1128 1129//1129
f 1189//1189 1132//1132 1211//1211
f 1211//1211 1210//1210 1209//1209
f 1216//1216 1212//1212 1214//1214
f 1191//1191 1211//1211 1209//1209
f 1214//1214 1132//1132 1189//1189
f 1189//1189 1211//1211 1191//1191
f 1095//1095 1071//1071 54//54
f 1102//1102 1217//1217 1099//1099
f 1217//1217 1071//1071 1095//1095
f 1099//1099 1217//1217 1095//1095
f 1217//1217 1069//1069 1071//1071
f 1104//1104 1070//1070 1100//1100
f 1104//1104 1218//1218 1070//1070
f 1218//1218 1066//1066 1070//1070
f 1068//1068 1069//1069 1217//1217
f 1101//1101 1068//1068 1217//1217
f 1102//1102 1101//1101 1217//1217
f 1100//1100 1070//1070 1068//1068
f 1100//1100 1068//1068 1101//1101
f 1219//1219 1066//1066 1218//1218
f 1111//1111 1220//1220 1219//1219
f 1219//1219 1065//1065 1066//1066
f 1220//1220 1065//1065 1219//1219
f 1221//1221 1060//1060 1065//1065
f 1221//1221 1065//1065 1220//1220
f 1222//1222 1221//1221 1220//1220
f 1152//1152 1111//1111 1110//1110
f 1219//1219 1106//1106 1109//1109
f 1111//1111 1219//1219 1109//1109
f 1127//1127 1223//1223 1152//1152
f 1106//1106 1218//1218 1104//1104
f 1106//1106 1219//1219 1218//1218
f 1111//1111 1222//1222 1220//1220
f 1152//1152 1222//1222 1111//1111
f 1223//1223 1222//1222 1152//1152
f 1107//1107 1106//1106 1104//1104
f 1224//1224 1059//1059 1060//1060
f 1057//1057 1059//1059 1224//1224
f 1225//1225 1226//1226 1057//1057
f 1225//1225 1057//1057 1124//1124
f 1226//1226 1055//1055 1057//1057
f 1227//1227 1055//1055 1226//1226
f 1227//1227 1226//1226 1225//1225
f 1130//1130 1227//1227 1225//1225
f 1130//1130 1225//1225 1131//1131
f 1228//1228 1227//1227 1213//1213
f 1213//1213 1227//1227 1130//1130
f 1224//1224 1060//1060 1221//1221
f 1224//1224 1221//1221 1222//1222
f 1223//1223 1224//1224 1222//1222
f 1057//1057 1224//1224 1223//1223
f 1125//1125 1057//1057 1223//1223
f 1124//1124 1057//1057 1125//1125
f 1125//1125 1223//1223 1127//1127
f 1126//1126 1225//1225 1124//1124
f 1131//1131 1225//1225 1126//1126
f 1229//1229 1041//1041 1047//1047
f 1230//1230 1044//1044 1231//1231
f 1045//1045 1044//1044 1230//1230
f 1231//1231 1044//1044 1041//1041
f 1232//1232 1040//1040 1233//1233
f 1233//1233 1040//1040 1039//1039
f 1233//1233 1039//1039 1045//1045
f 1234//1234 1233//1233 1045//1045
f 1232//1232 1233//1233 1234//1234
f 1235//1235 1230//1230 1236//1236
f 1235//1235 1237//1237 1230//1230
f 1238//1238 1239//1239 1240//1240
f 1241//1241 1242//1242 1238//1238
f 1242//1242 1243//1243 1238//1238
f 1240//1240 1237//1237 1235//1235
f 1238//1238 1240//1240 1235//1235
f 1231//1231 1041//1041 1229//1229
f 1230//1230 1231//1231 1229//1229
f 1230//1230 1229//1229 1244//1244
f 1234//1234 1045//1045 1230//1230
f 1240//1240 1232//1232 1234//1234
f 1240//1240 1234//1234 1237//1237
f 1245//1245 1232//1232 1240//1240
f 1239//1239 1245//1245 1240//1240
f 1236//1236 1230//1230 1244//1244
f 1246//1246 1236//1236 1244//1244
f 1237//1237 1234//1234 1230//1230
f 1247//1247 1248//1248 1249//1249
f 1250//1250 1247//1247 1249//1249
f 1251//1251 1250//1250 1249//1249
f 1250//1250 1252//1252 1247//1247
f 1253//1253 1254//1254 1250//1250
f 1255//1255 1241//1241 1256//1256
f 1256//1256 1241//1241 1253//1253
f 1257//1257 1258//1258 1256//1256
f 1258//1258 1255//1255 1256//1256
f 1259//1259 1253//1253 1260//1260
f 1259//1259 1256//1256 1253//1253
f 1261//1261 1259//1259 1262//1262
f 1261//1261 1263//1263 1259//1259
f 1263//1263 1256//1256 1259//1259
f 1263//1263 1257//1257 1256//1256
f 1264//1264 1261//1261 1265//1265
f 1266//1266 1261//1261 1264//1264
f 1266//1266 1263//1263 1261//1261
f 1265//1265 1261//1261 1262//1262
f 1267//1267 1253//1253 1250//1250
f 1262//1262 1260//1260 1268//1268
f 1262//1262 1259//1259 1260//1260
f 1267//1267 1250//1250 1251//1251
f 1268//1268 1260//1260 1267//1267
f 1260//1260 1253//1253 1267//1267
f 1246//1246 1244//1244 1248//1248
f 1247//1247 1236//1236 1246//1246
f 1252//1252 1236//1236 1247//1247
f 1252//1252 1235//1235 1236//1236
f 1254//1254 1238//1238 1235//1235
f 1253//1253 1238//1238 1254//1254
f 1241//1241 1238//1238 1253//1253
f 1254//1254 1252//1252 1250//1250
f 1254//1254 1235//1235 1252//1252
f 1247//1247 1246//1246 1248//1248
f 1269//1269 1270//1270 1271//1271
f 1272//1272 1269//1269 1273//1273
f 1273//1273 1269//1269 1271//1271
f 1274//1274 1264//1264 1265//1265
f 1275//1275 1264//1264 1274//1274
f 1275//1275 1276//1276 1264//1264
f 1276//1276 1266//1266 1264//1264
f 1277//1277 1274//1274 1278//1278
f 1277//1277 1279//1279 1274//1274
f 1278//1278 1265//1265 1280//1280
f 1281//1281 1278//1278 1280//1280
f 1274//1274 1265//1265 1278//1278
f 1282//1282 1283//1283 1284//1284
f 1285//1285 1283//1283 1282//1282
f 1286//1286 1283//1283 1285//1285
f 1287//1287 1286//1286 1285//1285
f 1286//1286 1288//1288 1283//1283
f 1277//1277 1289//1289 1290//1290
f 1291//1291 1277//1277 1290//1290
f 1292//1292 1286//1286 1287//1287
f 1292//1292 1289//1289 1286//1286
f 1290//1290 1289//1289 1292//1292
f 1272//1272 1293//1293 1269//1269
f 1281//1281 1280//1280 1288//1288
f 1286//1286 1281//1281 1288//1288
f 1289//1289 1278//1278 1281//1281
f 1289//1289 1281//1281 1286//1286
f 1289//1289 1277//1277 1278//1278
f 1284//1284 1293//1293 1272//1272
f 1284//1284 1294//1294 1293//1293
f 1283//1283 1294//1294 1284//1284
f 1288//1288 1294//1294 1283//1283
f 1294//1294 1295//1295 1293//1293
f 1294//1294 1280//1280 1295//1295
f 1288//1288 1280//1280 1294//1294
f 1296//1296 1297//1297 1298//1298
f 1165//1165 1296//1296 1166//1166
f 1157//1157 1296//1296 1165//1165
f 1299//1299 1287//1287 1300//1300
f 1300//1300 1285//1285 1301//1301
f 1287//1287 1285//1285 1300//1300
f 1302//1302 1290//1290 1303//1303
f 1304//1304 1302//1302 1303//1303
f 1302//1302 1305//1305 1290//1290
f 1306//1306 1307//1307 1308//1308
f 1306//1306 1304//1304 1307//1307
f 1309//1309 1304//1304 1306//1306
f 1308//1308 1292//1292 1287//1287
f 1308//1308 1287//1287 1299//1299
f 1308//1308 1303//1303 1292//1292
f 1307//1307 1303//1303 1308//1308
f 1304//1304 1303//1303 1307//1307
f 1159//1159 1156//1156 1155//1155
f 1159//1159 1299//1299 1156//1156
f 1310//1310 1299//1299 1159//1159
f 1158//1158 1306//1306 1310//1310
f 1311//1311 1306//1306 1158//1158
f 1311//1311 1309//1309 1306//1306
f 1160//1160 1158//1158 275//275
f 279//279 1312//1312 1160//1160
f 1312//1312 1313//1313 1160//1160
f 1158//1158 1310//1310 1159//1159
f 1160//1160 1311//1311 1158//1158
f 1313//1313 1311//1311 1160//1160
f 1301//1301 1297//1297 1296//1296
f 1314//1314 1301//1301 1296//1296
f 1314//1314 1300//1300 1301//1301
f 1310//1310 1308//1308 1299//1299
f 1310//1310 1306//1306 1308//1308
f 1157//1157 1314//1314 1296//1296
f 1156//1156 1314//1314 1157//1157
f 1156//1156 1300//1300 1314//1314
f 1299//1299 1300//1300 1156//1156
f 1272//1272 1273//1273 1315//1315
f 1284//1284 1272//1272 1316//1316
f 1303//1303 1290//1290 1292//1292
f 1301//1301 1284//1284 1316//1316
f 1297//1297 1301//1301 1316//1316
f 1282//1282 1284//1284 1301//1301
f 1285//1285 1282//1282 1301//1301
f 1316//1316 1272//1272 1315//1315
f 1298//1298 1315//1315 1317//1317
f 1297//1297 1316//1316 1298//1298
f 1316//1316 1315//1315 1298//1298
f 1318//1318 1267//1267 1251//1251
f 1268//1268 1267//1267 1318//1318
f 1265//1265 1262//1262 1280//1280
f 1293//1293 1318//1318 1269//1269
f 1295//1295 1318//1318 1293//1293
f 1280//1280 1262//1262 1295//1295
f 1295//1295 1268//1268 1318//1318
f 1295//1295 1262//1262 1268//1268
f 1270//1270 1319//1319 1271//1271
f 1319//1319 1251//1251 1249//1249
f 1270//1270 1269//1269 1319//1319
f 1269//1269 1318//1318 1319//1319
f 1318//1318 1251//1251 1319//1319
f 1320//1320 1321//1321 279//279
f 1322//1322 1323//1323 1324//1324
f 1323//1323 1321//1321 1320//1320
f 1325//1325 1326//1326 1327//1327
f 1328//1328 1329//1329 1330//1330
f 1327//1327 1326//1326 1330//1330
f 1331//1331 1322//1322 1324//1324
f 1332//1332 1323//1323 1322//1322
f 1333//1333 1334//1334 1322//1322
f 1335//1335 1332//1332 1322//1322
f 1336//1336 1335//1335 1322//1322
f 1323//1323 1337//1337 1321//1321
f 1323//1323 1338//1338 1337//1337
f 1323//1323 1339//1339 1338//1338
f 1340//1340 1339//1339 1323//1323
f 1332//1332 1340//1340 1323//1323
f 1334//1334 1336//1336 1322//1322
f 1329//1329 1341//1341 1342//1342
f 1343//1343 1344//1344 1327//1327
f 1345//1345 1343//1343 1327//1327
f 1346//1346 1345//1345 1327//1327
f 1344//1344 1347//1347 1327//1327
f 1333//1333 1348//1348 1334//1334
f 1349//1349 1350//1350 1351//1351
f 1352//1352 1353//1353 1354//1354
f 1355//1355 1356//1356 1351//1351
f 1356//1356 1357//1357 1351//1351
f 1358//1358 1353//1353 1352//1352
f 1357//1357 1349//1349 1351//1351
f 1353//1353 1355//1355 1351//1351
f 1359//1359 1360//1360 1361//1361
f 1360//1360 1362//1362 1361//1361
f 1325//1325 1363//1363 1326//1326
f 1363//1363 1333//1333 1326//1326
f 1331//1331 1333//1333 1322//1322
f 1326//1326 1333//1333 1331//1331
f 1347//1347 1325//1325 1327//1327
f 1329//1329 1342//1342 1346//1346
f 1364//1364 1329//1329 1328//1328
f 1329//1329 1327//1327 1330//1330
f 1329//1329 1346//1346 1327//1327
f 1320//1320 279//279 278//278
f 1365//1365 1320//1320 278//278
f 280//280 1365//1365 278//278
f 1324//1324 1365//1365 280//280
f 1324//1324 280//280 285//285
f 1323//1323 1365//1365 1324//1324
f 1323//1323 1320//1320 1365//1365
f 286//286 1331//1331 285//285
f 1331//1331 1324//1324 285//285
f 1331//1331 286//286 288//288
f 1326//1326 1331//1331 288//288
f 298//298 289//289 290//290
f 1330//1330 289//289 298//298
f 1330//1330 1326//1326 289//289
f 1328//1328 1330//1330 298//298
f 299//299 1328//1328 298//298
f 1350//1350 299//299 296//296
f 1350//1350 1328//1328 299//299
f 289//289 1326//1326 288//288
f 1353//1353 1351//1351 1366//1366
f 1367//1367 1352//1352 1368//1368
f 1369//1369 1370//1370 1371//1371
f 1371//1371 1372//1372 1373//1373
f 1370//1370 1374//1374 1371//1371
f 1374//1374 1372//1372 1371//1371
f 1375//1375 1367//1367 1368//1368
f 1375//1375 1362//1362 1376//1376
f 1375//1375 1376//1376 1367//1367
f 306//306 1350//1350 296//296
f 1366//1366 1350//1350 306//306
f 1366//1366 306//306 305//305
f 1377//1377 1366//1366 305//305
f 1375//1375 1368//1368 313//313
f 313//313 311//311 310//310
f 313//313 1368//1368 311//311
f 1368//1368 1354//1354 311//311
f 311//311 1377//1377 305//305
f 1354//1354 1377//1377 311//311
f 1359//1359 1361//1361 321//321
f 1362//1362 1375//1375 1361//1361
f 1378//1378 1359//1359 321//321
f 1375//1375 313//313 312//312
f 321//321 312//312 318//318
f 320//320 1378//1378 321//321
f 321//321 1375//1375 312//312
f 1374//1374 320//320 324//324
f 1372//1372 1374//1374 1379//1379
f 325//325 1374//1374 324//324
f 1374//1374 1378//1378 320//320
f 1361//1361 1375//1375 321//321
f 1364//1364 1328//1328 1350//1350
f 1349//1349 1364//1364 1350//1350
f 1377//1377 1353//1353 1366//1366
f 1351//1351 1350//1350 1366//1366
f 1370//1370 1378//1378 1374//1374
f 1378//1378 1380//1380 1359//1359
f 1370//1370 1380//1380 1378//1378
f 1352//1352 1354//1354 1368//1368
f 1353//1353 1377//1377 1354//1354
f 394//394 1379//1379 325//325
f 1379//1379 1374//1374 325//325
f 1381//1381 1372//1372 1379//1379
f 1382//1382 1381//1381 1379//1379
f 1383//1383 1382//1382 1384//1384
f 1382//1382 1383//1383 1381//1381
f 1381//1381 1385//1385 1372//1372
f 1372//1372 1386//1386 1373//1373
f 1372//1372 1385//1385 1386//1386
f 1387//1387 1388//1388 1384//1384
f 1389//1389 1390//1390 1391//1391
f 1390//1390 1392//1392 400//400
f 1393//1393 1390//1390 1389//1389
f 1390//1390 1393//1393 1392//1392
f 1394//1394 1395//1395 1396//1396
f 400//400 1392//1392 1397//1397
f 1397//1397 398//398 401//401
f 400//400 1397//1397 401//401
f 398//398 1387//1387 1384//1384
f 1387//1387 398//398 1397//1397
f 1382//1382 1379//1379 394//394
f 397//397 1382//1382 394//394
f 1384//1384 1382//1382 397//397
f 398//398 1384//1384 397//397
f 401//401 398//398 396//396
f 399//399 400//400 396//396
f 1394//1394 1396//1396 1398//1398
f 1398//1398 1396//1396 1399//1399
f 1400//1400 1401//1401 1402//1402
f 1403//1403 1395//1395 1402//1402
f 1396//1396 1395//1395 1403//1403
f 1404//1404 1400//1400 1402//1402
f 1395//1395 1404//1404 1402//1402
f 1391//1391 1390//1390 403//403
f 403//403 400//400 399//399
f 1390//1390 400//400 403//403
f 1401//1401 1391//1391 403//403
f 1401//1401 403//403 1402//1402
f 1402//1402 403//403 406//406
f 1396//1396 1403//1403 407//407
f 1396//1396 407//407 1405//1405
f 407//407 1403//1403 406//406
f 1405//1405 407//407 356//356
f 1403//1403 1402//1402 406//406
f 1400//1400 1389//1389 1401//1401
f 1389//1389 1391//1391 1401//1401
f 486//486 1406//1406 512//512
f 512//512 1407//1407 513//513
f 1407//1407 1408//1408 513//513
f 513//513 1409//1409 511//511
f 1409//1409 1410//1410 511//511
f 1409//1409 1411//1411 1410//1410
f 1408//1408 1409//1409 513//513
f 1410//1410 1412//1412 509//509
f 1410//1410 1413//1413 1412//1412
f 1413//1413 1414//1414 1412//1412
f 1414//1414 1415//1415 1412//1412
f 1412//1412 1415//1415 509//509
f 1415//1415 1416//1416 509//509
f 509//509 1416//1416 505//505
f 1416//1416 1417//1417 1418//1418
f 1419//1419 1416//1416 1415//1415
f 506//506 1420//1420 503//503
f 1420//1420 1421//1421 503//503
f 1421//1421 502//502 503//503
f 502//502 1405//1405 501//501
f 501//501 1405//1405 356//356
f 1422//1422 502//502 1421//1421
f 1422//1422 1405//1405 502//502
f 1396//1396 1405//1405 1422//1422
f 1416//1416 506//506 505//505
f 1416//1416 1418//1418 506//506
f 506//506 1418//1418 1420//1420
f 1420//1420 1423//1423 1421//1421
f 1424//1424 1396//1396 1422//1422
f 1424//1424 1422//1422 1421//1421
f 1420//1420 1425//1425 1423//1423
f 1426//1426 1396//1396 1424//1424
f 1427//1427 1396//1396 1426//1426
f 1428//1428 1396//1396 1427//1427
f 1399//1399 1396//1396 1428//1428
f 1423//1423 1429//1429 1421//1421
f 1429//1429 1424//1424 1421//1421
f 1417//1417 1425//1425 1418//1418
f 1418//1418 1425//1425 1420//1420
f 1410//1410 509//509 511//511
f 1419//1419 1415//1415 1414//1414
f 1413//1413 1430//1430 1414//1414
f 1417//1417 1416//1416 1419//1419
f 1406//1406 1431//1431 512//512
f 1431//1431 1407//1407 512//512
f 486//486 1432//1432 1406//1406
f 1433//1433 1419//1419 1414//1414
f 1425//1425 1429//1429 1423//1423
f 1430//1430 1433//1433 1414//1414
f 1413//1413 1434//1434 1430//1430
f 1435//1435 1436//1436 1408//1408
f 1409//1409 1436//1436 1411//1411
f 1432//1432 1435//1435 1431//1431
f 1437//1437 1438//1438 486//486
f 1438//1438 1439//1439 486//486
f 1439//1439 1440//1440 486//486
f 486//486 1440//1440 1432//1432
f 1407//1407 1435//1435 1408//1408
f 1431//1431 1435//1435 1407//1407
f 1406//1406 1432//1432 1431//1431
f 1411//1411 1434//1434 1410//1410
f 1410//1410 1434//1434 1413//1413
f 1436//1436 1409//1409 1408//1408
f 1441//1441 719//719 622//622
f 1441//1441 1442//1442 719//719
f 719//719 1443//1443 718//718
f 718//718 1443//1443 717//717
f 1443//1443 1444//1444 717//717
f 1442//1442 1443//1443 719//719
f 1444//1444 715//715 717//717
f 715//715 1444//1444 712//712
f 1444//1444 1445//1445 712//712
f 1446//1446 1445//1445 1444//1444
f 1446//1446 1447//1447 1445//1445
f 1443//1443 1446//1446 1444//1444
f 712//712 1445//1445 710//710
f 1445//1445 1448//1448 710//710
f 1445//1445 1449//1449 1448//1448
f 1445//1445 1450//1450 1449//1449
f 1448//1448 707//707 710//710
f 1449//1449 1451//1451 1448//1448
f 1451//1451 1452//1452 707//707
f 707//707 1452//1452 705//705
f 1453//1453 1452//1452 1451//1451
f 1454//1454 1453//1453 1451//1451
f 1448//1448 1451//1451 707//707
f 1445//1445 1447//1447 1450//1450
f 1455//1455 695//695 705//705
f 1455//1455 697//697 695//695
f 1455//1455 1456//1456 697//697
f 1456//1456 698//698 697//697
f 698//698 693//693 694//694
f 694//694 693//693 692//692
f 693//693 1457//1457 683//683
f 1457//1457 1458//1458 683//683
f 1458//1458 681//681 683//683
f 681//681 1459//1459 676//676
f 1460//1460 675//675 1459//1459
f 1459//1459 675//675 676//676
f 675//675 674//674 676//676
f 1461//1461 675//675 1460//1460
f 1462//1462 675//675 1461//1461
f 1462//1462 486//486 675//675
f 1461//1461 1460//1460 1459//1459
f 693//693 1458//1458 1457//1457
f 681//681 1463//1463 1459//1459
f 1459//1459 1463//1463 1464//1464
f 693//693 1465//1465 1458//1458
f 1461//1461 1459//1459 1464//1464
f 1462//1462 1437//1437 486//486
f 1466//1466 1461//1461 1464//1464
f 1463//1463 681//681 1465//1465
f 1465//1465 681//681 1458//1458
f 1452//1452 1455//1455 705//705
f 1467//1467 698//698 1456//1456
f 1452//1452 1453//1453 1455//1455
f 1453//1453 1468//1468 1455//1455
f 1468//1468 1456//1456 1455//1455
f 1469//1469 1456//1456 1468//1468
f 1467//1467 1470//1470 698//698
f 1470//1470 693//693 698//698
f 1469//1469 1467//1467 1456//1456
f 1471//1471 1446//1446 1443//1443
f 1449//1449 1472//1472 1451//1451
f 1450//1450 1472//1472 1449//1449
f 1473//1473 1474//1474 1441//1441
f 1474//1474 1442//1442 1441//1441
f 1471//1471 1443//1443 1442//1442
f 1470//1470 1467//1467 1469//1469
f 693//693 1475//1475 1465//1465
f 1476//1476 1463//1463 1465//1465
f 1477//1477 1478//1478 1468//1468
f 1478//1478 1479//1479 1468//1468
f 1480//1480 1469//1469 1479//1479
f 1453//1453 1477//1477 1468//1468
f 1479//1479 1469//1469 1468//1468
f 693//693 1470//1470 1475//1475
f 1474//1474 1481//1481 1442//1442
f 1481//1481 1471//1471 1442//1442
f 1450//1450 1482//1482 1472//1472
f 1483//1483 1472//1472 1484//1484
f 1450//1450 1485//1485 1482//1482
f 1486//1486 1454//1454 1487//1487
f 1488//1488 1454//1454 1486//1486
f 1488//1488 1489//1489 1454//1454
f 1489//1489 1490//1490 1454//1454
f 1485//1485 1491//1491 1482//1482
f 1471//1471 1492//1492 1446//1446
f 1492//1492 1493//1493 1446//1446
f 1493//1493 1494//1494 1446//1446
f 1495//1495 1471//1471 1481//1481
f 1496//1496 1474//1474 1473//1473
f 1447//1447 1494//1494 1497//1497
f 1494//1494 1447//1447 1446//1446
f 1447//1447 1497//1497 1450//1450
f 1450//1450 1497//1497 1485//1485
f 1490//1490 1453//1453 1454//1454
f 1477//1477 1453//1453 1490//1490
f 1483//1483 1487//1487 1451//1451
f 1487//1487 1454//1454 1451//1451
f 1472//1472 1483//1483 1451//1451
f 1498//1498 936//936 935//935
f 936//936 938//938 937//937
f 938//938 1499//1499 933//933
f 1498//1498 938//938 936//936
f 1499//1499 929//929 933//933
f 1499//1499 931//931 929//929
f 931//931 924//924 922//922
f 1500//1500 1499//1499 938//938
f 925//925 920//920 921//921
f 925//925 1501//1501 920//920
f 1501//1501 919//919 920//920
f 1501//1501 1502//1502 919//919
f 1500//1500 938//938 1503//1503
f 1500//1500 1504//1504 931//931
f 1504//1504 924//924 931//931
f 1505//1505 924//924 1504//1504
f 1500//1500 931//931 1499//1499
f 944//944 1506//1506 905//905
f 1506//1506 900//900 905//905
f 1506//1506 1507//1507 900//900
f 900//900 1507//1507 894//894
f 895//895 1508//1508 890//890
f 1508//1508 876//876 890//890
f 1508//1508 1509//1509 876//876
f 894//894 1507//1507 895//895
f 877//877 872//872 871//871
f 1509//1509 1510//1510 877//877
f 877//877 1510//1510 872//872
f 1510//1510 1511//1511 872//872
f 872//872 868//868 867//867
f 868//868 1511//1511 621//621
f 1511//1511 1441//1441 622//622
f 1511//1511 622//622 621//621
f 872//872 1511//1511 868//868
f 1509//1509 877//877 876//876
f 1512//1512 1500//1500 1513//1513
f 1505//1505 1514//1514 925//925
f 1512//1512 1515//1515 1504//1504
f 1515//1515 1516//1516 1504//1504
f 1517//1517 1518//1518 1513//1513
f 1518//1518 1519//1519 1513//1513
f 1512//1512 1504//1504 1500//1500
f 1502//1502 944//944 919//919
f 1502//1502 1506//1506 944//944
f 1520//1520 1502//1502 1501//1501
f 1505//1505 925//925 924//924
f 1521//1521 1505//1505 1504//1504
f 1513//1513 1500//1500 1503//1503
f 1520//1520 1501//1501 925//925
f 1522//1522 1441//1441 1511//1511
f 1510//1510 1522//1522 1511//1511
f 1522//1522 1473//1473 1441//1441
f 895//895 1507//1507 1523//1523
f 1524//1524 1522//1522 1510//1510
f 1525//1525 1526//1526 1522//1522
f 1526//1526 1473//1473 1522//1522
f 1527//1527 1524//1524 1510//1510
f 1524//1524 1525//1525 1522//1522
f 1528//1528 1529//1529 1509//1509
f 1530//1530 1528//1528 1509//1509
f 1531//1531 1530//1530 1509//1509
f 1532//1532 1533//1533 1523//1523
f 895//895 1523//1523 1531//1531
f 895//895 1531//1531 1508//1508
f 1508//1508 1531//1531 1509//1509
f 1534//1534 1527//1527 1510//1510
f 1529//1529 1534//1534 1510//1510
f 1520//1520 1506//1506 1502//1502
f 1535//1535 1536//1536 1506//1506
f 1536//1536 1537//1537 1506//1506
f 1537//1537 1538//1538 1506//1506
f 1535//1535 1506//1506 1520//1520
f 1539//1539 1514//1514 1505//1505
f 1540//1540 1516//1516 1541//1541
f 1519//1519 1512//1512 1513//1513
f 1541//1541 1516//1516 1515//1515
f 1516//1516 1542//1542 1504//1504
f 1542//1542 1521//1521 1504//1504
f 1539//1539 1505//1505 1521//1521
f 1514//1514 1520//1520 925//925
f 1543//1543 1520//1520 1514//1514
f 1507//1507 1532//1532 1523//1523
f 1544//1544 1507//1507 1506//1506
f 1529//1529 1510//1510 1509//1509
f 1538//1538 1544//1544 1506//1506
f 1507//1507 1544//1544 1532//1532
f 1010//1010 1545//1545 1008//1008
f 1545//1545 1546//1546 1008//1008
f 1015//1015 1547//1547 1013//1013
f 1547//1547 1011//1011 1013//1013
f 1546//1546 1005//1005 1008//1008
f 1548//1548 1005//1005 1546//1546
f 1549//1549 1000//1000 999//999
f 1000//1000 1550//1550 998//998
f 1550//1550 1503//1503 998//998
f 1551//1551 1548//1548 1546//1546
f 1552//1552 1005//1005 1548//1548
f 1549//1549 1553//1553 1554//1554
f 1553//1553 1549//1549 999//999
f 1555//1555 1547//1547 1015//1015
f 1556//1556 1557//1557 1555//1555
f 1558//1558 1547//1547 1555//1555
f 1557//1557 1558//1558 1555//1555
f 1547//1547 1558//1558 1011//1011
f 1010//1010 1559//1559 1545//1545
f 1560//1560 1010//1010 1011//1011
f 1010//1010 1560//1560 1559//1559
f 1545//1545 1551//1551 1546//1546
f 998//998 1498//1498 935//935
f 1503//1503 1498//1498 998//998
f 1503//1503 938//938 1498//1498
f 1550//1550 1561//1561 1503//1503
f 1000//1000 1561//1561 1550//1550
f 1000//1000 1549//1549 1562//1562
f 1000//1000 1562//1562 1561//1561
f 1549//1549 1554//1554 1562//1562
f 1563//1563 1564//1564 1561//1561
f 1561//1561 1564//1564 1503//1503
f 1564//1564 1565//1565 1513//1513
f 1566//1566 1517//1517 1513//1513
f 1567//1567 1566//1566 1513//1513
f 1565//1565 1567//1567 1513//1513
f 1554//1554 1568//1568 1569//1569
f 1568//1568 1553//1553 1570//1570
f 1564//1564 1513//1513 1503//1503
f 1554//1554 1569//1569 1563//1563
f 1551//1551 1545//1545 1571//1571
f 1572//1572 1551//1551 1571//1571
f 1558//1558 1560//1560 1011//1011
f 1572//1572 1548//1548 1551//1551
f 1559//1559 1573//1573 1545//1545
f 1545//1545 1573//1573 1571//1571
f 1560//1560 1573//1573 1559//1559
f 1005//1005 1570//1570 999//999
f 1562//1562 1563//1563 1561//1561
f 1562//1562 1554//1554 1563//1563
f 1553//1553 1568//1568 1554//1554
f 1005//1005 1552//1552 1570//1570
f 1552//1552 1548//1548 1572//1572
f 1570//1570 1553//1553 999//999
f 1574//1574 1015//1015 1014//1014
f 1575//1575 1574//1574 1014//1014
f 1085//1085 1575//1575 1080//1080
f 1575//1575 1014//1014 1080//1080
f 1576//1576 1574//1574 1575//1575
f 1085//1085 1577//1577 1575//1575
f 1578//1578 1577//1577 1085//1085
f 1578//1578 1085//1085 1086//1086
f 1088//1088 1578//1578 1086//1086
f 1577//1577 1579//1579 1575//1575
f 1574//1574 1555//1555 1015//1015
f 1576//1576 1555//1555 1574//1574
f 1580//1580 1556//1556 1555//1555
f 1581//1581 1576//1576 1579//1579
f 1582//1582 1088//1088 1087//1087
f 1094//1094 1093//1093 1092//1092
f 1583//1583 1093//1093 1094//1094
f 1093//1093 1582//1582 1087//1087
f 1584//1584 1088//1088 1582//1582
f 1093//1093 1585//1585 1582//1582
f 1586//1586 1583//1583 1094//1094
f 1587//1587 1586//1586 1094//1094
f 1587//1587 1094//1094 1037//1037
f 1588//1588 1589//1589 1587//1587
f 1590//1590 1588//1588 1037//1037
f 1588//1588 1587//1587 1037//1037
f 1583//1583 1591//1591 1093//1093
f 1592//1592 1593//1593 1088//1088
f 1593//1593 1578//1578 1088//1088
f 1579//1579 1576//1576 1575//1575
f 1577//1577 1581//1581 1579//1579
f 1594//1594 1577//1577 1578//1578
f 1595//1595 1590//1590 1037//1037
f 1590//1590 1596//1596 1588//1588
f 1596//1596 1589//1589 1588//1588
f 1597//1597 1583//1583 1586//1586
f 1587//1587 1597//1597 1586//1586
f 1598//1598 1580//1580 1555//1555
f 1576//1576 1598//1598 1555//1555
f 1577//1577 1594//1594 1581//1581
f 1593//1593 1594//1594 1578//1578
f 1589//1589 1599//1599 1587//1587
f 1600//1600 1590//1590 1601//1601
f 1602//1602 1600//1600 1601//1601
f 1596//1596 1590//1590 1603//1603
f 1603//1603 1590//1590 1600//1600
f 1599//1599 1597//1597 1587//1587
f 1599//1599 1589//1589 1596//1596
f 1585//1585 1584//1584 1582//1582
f 1592//1592 1088//1088 1584//1584
f 1093//1093 1591//1591 1585//1585
f 1591//1591 1583//1583 1597//1597
f 1595//1595 1037//1037 1040//1040
f 1604//1604 1595//1595 1040//1040
f 1604//1604 1040//1040 1232//1232
f 1601//1601 1595//1595 1604//1604
f 1605//1605 1604//1604 1232//1232
f 1245//1245 1605//1605 1232//1232
f 1605//1605 1601//1601 1604//1604
f 1243//1243 1245//1245 1239//1239
f 1243//1243 1239//1239 1238//1238
f 1606//1606 1245//1245 1243//1243
f 1607//1607 1606//1606 1243//1243
f 1608//1608 1243//1243 1609//1609
f 1609//1609 1243//1243 1242//1242
f 1608//1608 1607//1607 1243//1243
f 1590//1590 1595//1595 1601//1601
f 1606//1606 1607//1607 1610//1610
f 1608//1608 1609//1609 1611//1611
f 1610//1610 1608//1608 1611//1611
f 1606//1606 1612//1612 1245//1245
f 1255//1255 1242//1242 1241//1241
f 1613//1613 1258//1258 1257//1257
f 1266//1266 1257//1257 1263//1263
f 1613//1613 1257//1257 1266//1266
f 1258//1258 1614//1614 1255//1255
f 1255//1255 1609//1609 1242//1242
f 1245//1245 1612//1612 1605//1605
f 1607//1607 1608//1608 1610//1610
f 1612//1612 1615//1615 1605//1605
f 1605//1605 1615//1615 1601//1601
f 1615//1615 1616//1616 1601//1601
f 1617//1617 1602//1602 1601//1601
f 1616//1616 1617//1617 1601//1601
f 1618//1618 1619//1619 1610//1610
f 1606//1606 1620//1620 1612//1612
f 1619//1619 1606//1606 1610//1610
f 1621//1621 1276//1276 1275//1275
f 1279//1279 1275//1275 1274//1274
f 1622//1622 1621//1621 1279//1279
f 1279//1279 1621//1621 1275//1275
f 1621//1621 1622//1622 1623//1623
f 1291//1291 1279//1279 1277//1277
f 1624//1624 1622//1622 1291//1291
f 1624//1624 1291//1291 1290//1290
f 1305//1305 1624//1624 1290//1290
f 1622//1622 1279//1279 1291//1291
f 1623//1623 1622//1622 1625//1625
f 1309//1309 1302//1302 1304//1304
f 1309//1309 1626//1626 1302//1302
f 1309//1309 1627//1627 1626//1626
f 1627//1627 1628//1628 1626//1626
f 1313//1313 1309//1309 1311//1311
f 1313//1313 1627//1627 1309//1309
f 1312//1312 1627//1627 1313//1313
f 1626//1626 1305//1305 1302//1302
f 1626//1626 1624//1624 1305//1305
f 1625//1625 1622//1622 1624//1624
f 1276//1276 1613//1613 1266//1266
f 1621//1621 1613//1613 1276//1276
f 1609//1609 1255//1255 1611//1611
f 1258//1258 1613//1613 1629//1629
f 1628//1628 1627//1627 1630//1630
f 279//279 1321//1321 1312//1312
f 1630//1630 1624//1624 1626//1626
f 1627//1627 1631//1631 1630//1630
f 1632//1632 1631//1631 1627//1627
f 1628//1628 1630//1630 1626//1626
f 1613//1613 1621//1621 1623//1623
f 1633//1633 1606//1606 1619//1619
f 1606//1606 1633//1633 1634//1634
f 1606//1606 1634//1634 1620//1620
f 1255//1255 1635//1635 1611//1611
f 1618//1618 1610//1610 1611//1611
f 1636//1636 1613//1613 1623//1623
f 1637//1637 1613//1613 1636//1636
f 1613//1613 1637//1637 1629//1629
f 1638//1638 1639//1639 1629//1629
f 1255//1255 1614//1614 1635//1635
f 1639//1639 1258//1258 1629//1629
f 1614//1614 1258//1258 1639//1639
f 1640//1640 1641//1641 1312//1312
f 1321//1321 1640//1640 1312//1312
f 1642//1642 1625//1625 1630//1630
f 1643//1643 1644//1644 1630//1630
f 1644//1644 1645//1645 1630//1630
f 1645//1645 1642//1642 1630//1630
f 1646//1646 1625//1625 1647//1647
f 1648//1648 1625//1625 1646//1646
f 1625//1625 1649//1649 1647//1647
f 1642//1642 1649//1649 1625//1625
f 1640//1640 1650//1650 1641//1641
f 1321//1321 1651//1651 1640//1640
f 1321//1321 1652//1652 1651//1651
f 1321//1321 1337//1337 1652//1652
f 1653//1653 1643//1643 1631//1631
f 1654//1654 1653//1653 1631//1631
f 1648//1648 1623//1623 1625//1625
f 1625//1625 1624//1624 1630//1630
f 1655//1655 1636//1636 1623//1623
f 1655//1655 1623//1623 1648//1648
f 1656//1656 1655//1655 1648//1648
f 1631//1631 1643//1643 1630//1630
f 1641//1641 1632//1632 1627//1627
f 1312//1312 1641//1641 1627//1627
f 1632//1632 1654//1654 1631//1631
f 1657//1657 1658//1658 1659//1659
f 1659//1659 1660//1660 1661//1661
f 1658//1658 1660//1660 1659//1659
f 1662//1662 1663//1663 1661//1661
f 1662//1662 1664//1664 1665//1665
f 1666//1666 1658//1658 1657//1657
f 1664//1664 1667//1667 1668//1668
f 1669//1669 1670//1670 1671//1671
f 1669//1669 1671//1671 1668//1668
f 1667//1667 1669//1669 1668//1668
f 1664//1664 1672//1672 1667//1667
f 1660//1660 1673//1673 1661//1661
f 1670//1670 1674//1674 1675//1675
f 1674//1674 1676//1676 1677//1677
f 1670//1670 1678//1678 1674//1674
f 1679//1679 1678//1678 1670//1670
f 1676//1676 1680//1680 1677//1677
f 1680//1680 1681//1681 1682//1682
f 1683//1683 1684//1684 1685//1685
f 1684//1684 1686//1686 1685//1685
f 1687//1687 1684//1684 1681//1681
f 1681//1681 1684//1684 1683//1683
f 1688//1688 1687//1687 1676//1676
f 1687//1687 1680//1680 1676//1676
f 1680//1680 1687//1687 1681//1681
f 1674//1674 1688//1688 1676//1676
f 1678//1678 1688//1688 1674//1674
f 1689//1689 1690//1690 1666//1666
f 1691//1691 1692//1692 1658//1658
f 1690//1690 1691//1691 1658//1658
f 1666//1666 1690//1690 1658//1658
f 1693//1693 1694//1694 1695//1695
f 1696//1696 1697//1697 1679//1679
f 1693//1693 1698//1698 1694//1694
f 1694//1694 1699//1699 1672//1672
f 1700//1700 1690//1690 1689//1689
f 1698//1698 1693//1693 1701//1701
f 1702//1702 1703//1703 1704//1704
f 1705//1705 1706//1706 1690//1690
f 1707//1707 1705//1705 1700//1700
f 1706//1706 1691//1691 1690//1690
f 1702//1702 1704//1704 1692//1692
f 1691//1691 1708//1708 1692//1692
f 1708//1708 1702//1702 1692//1692
f 1700//1700 1705//1705 1690//1690
f 1692//1692 1704//1704 1673//1673
f 1701//1701 1693//1693 1695//1695
f 1704//1704 1701//1701 1673//1673
f 1679//1679 1670//1670 1669//1669
f 1672//1672 1669//1669 1667//1667
f 1672//1672 1696//1696 1669//1669
f 1699//1699 1696//1696 1672//1672
f 1662//1662 1695//1695 1664//1664
f 1673//1673 1662//1662 1661//1661
f 1673//1673 1695//1695 1662//1662
f 1692//1692 1673//1673 1660//1660
f 1658//1658 1692//1692 1660//1660
f 1701//1701 1695//1695 1673//1673
f 1696//1696 1679//1679 1669//1669
f 1695//1695 1694//1694 1664//1664
f 1694//1694 1672//1672 1664//1664
f 1684//1684 1687//1687 1686//1686
f 1687//1687 1709//1709 1686//1686
f 1710//1710 1687//1687 1688//1688
f 1711//1711 1678//1678 1679//1679
f 1710//1710 1712//1712 1687//1687
f 1713//1713 1709//1709 1712//1712
f 1713//1713 1714//1714 1709//1709
f 1715//1715 1716//1716 1713//1713
f 1713//1713 1717//1717 1714//1714
f 1713//1713 1716//1716 1717//1717
f 1717//1717 1718//1718 1714//1714
f 1719//1719 1715//1715 1713//1713
f 1720//1720 1719//1719 1721//1721
f 1722//1722 1721//1721 1723//1723
f 1724//1724 1722//1722 1723//1723
f 1722//1722 1720//1720 1721//1721
f 1721//1721 1719//1719 1710//1710
f 1719//1719 1713//1713 1712//1712
f 1719//1719 1712//1712 1710//1710
f 1725//1725 1726//1726 1727//1727
f 1726//1726 1723//1723 1727//1727
f 1728//1728 1726//1726 1725//1725
f 1726//1726 1729//1729 1723//1723
f 1729//1729 1724//1724 1723//1723
f 1730//1730 1731//1731 1726//1726
f 1731//1731 1729//1729 1726//1726
f 1732//1732 1733//1733 1734//1734
f 1733//1733 1730//1730 1734//1734
f 1734//1734 1730//1730 1728//1728
f 1730//1730 1726//1726 1728//1728
f 1723//1723 1721//1721 1727//1727
f 1699//1699 1735//1735 1696//1696
f 1736//1736 1697//1697 1696//1696
f 1736//1736 1711//1711 1697//1697
f 1737//1737 1732//1732 1736//1736
f 1738//1738 1739//1739 1740//1740
f 1737//1737 1736//1736 1740//1740
f 1739//1739 1737//1737 1740//1740
f 1741//1741 1742//1742 1740//1740
f 1742//1742 1738//1738 1740//1740
f 1743//1743 1744//1744 1745//1745
f 1745//1745 1741//1741 1740//1740
f 1740//1740 1736//1736 1735//1735
f 1704//1704 1698//1698 1701//1701
f 1703//1703 1698//1698 1704//1704
f 1746//1746 1747//1747 1703//1703
f 1748//1748 1746//1746 1703//1703
f 1743//1743 1745//1745 1703//1703
f 1747//1747 1743//1743 1703//1703
f 1749//1749 1703//1703 1702//1702
f 1750//1750 1748//1748 1703//1703
f 1749//1749 1750//1750 1703//1703
f 1703//1703 1745//1745 1698//1698
f 1751//1751 1702//1702 1708//1708
f 1706//1706 1752//1752 1708//1708
f 1706//1706 1753//1753 1752//1752
f 1752//1752 1751//1751 1708//1708
f 1705//1705 1754//1754 1706//1706
f 1754//1754 1753//1753 1706//1706
f 1706//1706 1708//1708 1691//1691
f 1749//1749 1702//1702 1751//1751
f 1735//1735 1736//1736 1696//1696
f 1745//1745 1740//1740 1698//1698
f 1740//1740 1735//1735 1694//1694
f 1698//1698 1740//1740 1694//1694
f 1735//1735 1699//1699 1694//1694
f 1697//1697 1711//1711 1679//1679
f 1712//1712 1709//1709 1687//1687
f 1721//1721 1710//1710 1688//1688
f 1727//1727 1721//1721 1688//1688
f 1711//1711 1728//1728 1725//1725
f 1734//1734 1728//1728 1711//1711
f 1736//1736 1732//1732 1734//1734
f 1736//1736 1734//1734 1711//1711
f 1678//1678 1727//1727 1688//1688
f 1725//1725 1727//1727 1678//1678
f 1711//1711 1725//1725 1678//1678
f 1755//1755 1756//1756 1757//1757
f 1755//1755 1758//1758 1756//1756
f 1759//1759 1760//1760 1757//1757
f 1761//1761 1762//1762 1763//1763
f 1758//1758 1764//1764 1761//1761
f 1765//1765 1758//1758 1755//1755
f 1765//1765 1755//1755 1757//1757
f 1766//1766 1767//1767 1768//1768
f 1766//1766 1768//1768 1769//1769
f 1768//1768 1770//1770 1769//1769
f 1760//1760 1765//1765 1757//1757
f 1767//1767 1766//1766 1762//1762
f 1765//1765 1764//1764 1758//1758
f 1761//1761 1764//1764 1762//1762
f 1771//1771 1772//1772 1773//1773
f 1772//1772 1774//1774 1773//1773
f 1774//1774 1775//1775 1773//1773
f 1776//1776 1777//1777 1771//1771
f 1771//1771 1777//1777 1772//1772
f 1778//1778 1779//1779 1780//1780
f 1781//1781 1782//1782 1779//1779
f 1779//1779 1782//1782 1783//1783
f 1779//1779 1783//1783 1780//1780
f 1782//1782 1784//1784 1783//1783
f 1782//1782 1785//1785 1784//1784
f 1785//1785 1786//1786 1784//1784
f 1787//1787 1788//1788 1777//1777
f 1788//1788 1789//1789 1774//1774
f 1777//1777 1788//1788 1774//1774
f 1779//1779 1778//1778 1775//1775
f 1781//1781 1779//1779 1775//1775
f 1789//1789 1781//1781 1775//1775
f 1789//1789 1775//1775 1774//1774
f 1772//1772 1777//1777 1774//1774
f 1790//1790 1765//1765 1760//1760
f 1791//1791 1792//1792 1764//1764
f 1765//1765 1791//1791 1764//1764
f 1793//1793 1777//1777 1776//1776
f 1794//1794 1795//1795 1796//1796
f 1797//1797 1794//1794 1796//1796
f 1795//1795 1793//1793 1776//1776
f 1798//1798 1790//1790 1760//1760
f 1791//1791 1799//1799 1800//1800
f 1790//1790 1791//1791 1765//1765
f 1791//1791 1800//1800 1792//1792
f 1796//1796 1770//1770 1768//1768
f 1770//1770 1776//1776 1771//1771
f 1800//1800 1796//1796 1767//1767
f 1792//1792 1800//1800 1767//1767
f 1792//1792 1767//1767 1762//1762
f 1764//1764 1792//1792 1762//1762
f 1767//1767 1796//1796 1768//1768
f 1796//1796 1776//1776 1770//1770
f 1796//1796 1795//1795 1776//1776
f 1785//1785 1801//1801 1786//1786
f 1801//1801 1802//1802 1786//1786
f 1689//1689 1666//1666 1657//1657
f 1802//1802 1689//1689 1657//1657
f 1803//1803 1689//1689 1802//1802
f 1801//1801 1803//1803 1802//1802
f 1781//1781 1804//1804 1782//1782
f 1805//1805 1785//1785 1782//1782
f 1806//1806 1801//1801 1785//1785
f 1807//1807 1805//1805 1782//1782
f 1807//1807 1806//1806 1805//1805
f 1805//1805 1806//1806 1785//1785
f 1804//1804 1807//1807 1782//1782
f 1808//1808 1803//1803 1801//1801
f 1803//1803 1700//1700 1689//1689
f 1808//1808 1809//1809 1803//1803
f 1809//1809 1707//1707 1803//1803
f 1707//1707 1700//1700 1803//1803
f 1810//1810 1707//1707 1809//1809
f 1811//1811 1812//1812 1809//1809
f 1812//1812 1810//1810 1809//1809
f 1813//1813 1809//1809 1814//1814
f 1811//1811 1809//1809 1813//1813
f 1815//1815 1816//1816 1817//1817
f 1817//1817 1816//1816 1813//1813
f 1817//1817 1813//1813 1814//1814
f 1814//1814 1809//1809 1808//1808
f 1818//1818 1819//1819 1804//1804
f 1820//1820 1818//1818 1804//1804
f 1821//1821 1822//1822 1818//1818
f 1821//1821 1815//1815 1822//1822
f 1823//1823 1818//1818 1820//1820
f 1818//1818 1822//1822 1819//1819
f 1824//1824 1825//1825 1823//1823
f 1824//1824 1823//1823 1820//1820
f 1826//1826 1827//1827 1824//1824
f 1827//1827 1825//1825 1824//1824
f 1822//1822 1828//1828 1819//1819
f 1815//1815 1817//1817 1822//1822
f 1822//1822 1817//1817 1814//1814
f 1814//1814 1808//1808 1828//1828
f 1822//1822 1814//1814 1828//1828
f 1829//1829 1787//1787 1777//1777
f 1793//1793 1829//1829 1777//1777
f 1830//1830 1829//1829 1793//1793
f 1794//1794 1830//1830 1793//1793
f 1794//1794 1793//1793 1795//1795
f 1831//1831 1826//1826 1832//1832
f 1833//1833 1834//1834 1835//1835
f 1834//1834 1836//1836 1835//1835
f 1797//1797 1833//1833 1835//1835
f 1794//1794 1835//1835 1830//1830
f 1836//1836 1831//1831 1835//1835
f 1835//1835 1831//1831 1830//1830
f 1831//1831 1832//1832 1830//1830
f 1800//1800 1797//1797 1796//1796
f 1791//1791 1837//1837 1799//1799
f 1799//1799 1838//1838 1800//1800
f 1838//1838 1797//1797 1800//1800
f 1839//1839 1840//1840 1837//1837
f 1837//1837 1840//1840 1841//1841
f 1837//1837 1841//1841 1799//1799
f 1841//1841 1838//1838 1799//1799
f 1842//1842 1839//1839 1837//1837
f 1843//1843 1790//1790 1798//1798
f 1844//1844 1842//1842 1790//1790
f 1843//1843 1844//1844 1790//1790
f 1842//1842 1791//1791 1790//1790
f 1842//1842 1837//1837 1791//1791
f 1830//1830 1832//1832 1829//1829
f 1797//1797 1835//1835 1794//1794
f 1787//1787 1829//1829 1789//1789
f 1787//1787 1789//1789 1788//1788
f 1804//1804 1819//1819 1807//1807
f 1806//1806 1808//1808 1801//1801
f 1828//1828 1808//1808 1806//1806
f 1819//1819 1828//1828 1807//1807
f 1807//1807 1828//1828 1806//1806
f 1824//1824 1820//1820 1829//1829
f 1789//1789 1820//1820 1804//1804
f 1826//1826 1824//1824 1829//1829
f 1832//1832 1826//1826 1829//1829
f 1789//1789 1804//1804 1781//1781
f 1829//1829 1820//1820 1789//1789
f 1845//1845 1846//1846 1847//1847
f 1845//1845 1847//1847 1848//1848
f 1849//1849 1846//1846 1845//1845
f 1850//1850 1851//1851 1852//1852
f 1853//1853 1851//1851 1850//1850
f 1854//1854 1845//1845 1848//1848
f 1854//1854 1855//1855 1845//1845
f 1855//1855 1849//1849 1845//1845
f 1853//1853 1856//1856 1846//1846
f 1849//1849 1853//1853 1846//1846
f 1852//1852 1851//1851 1857//1857
f 1852//1852 1857//1857 1858//1858
f 1851//1851 1859//1859 1857//1857
f 1860//1860 1861//1861 1862//1862
f 1863//1863 1864//1864 1862//1862
f 1863//1863 1865//1865 1866//1866
f 1867//1867 1863//1863 1862//1862
f 1859//1859 1868//1868 1869//1869
f 1859//1859 1869//1869 1857//1857
f 1861//1861 1867//1867 1862//1862
f 1867//1867 1861//1861 1869//1869
f 1855//1855 1870//1870 1871//1871
f 1853//1853 1871//1871 1851//1851
f 1871//1871 1859//1859 1851//1851
f 1849//1849 1871//1871 1853//1853
f 1849//1849 1855//1855 1871//1871
f 1863//1863 1867//1867 1865//1865
f 1865//1865 1760//1760 1759//1759
f 1872//1872 1867//1867 1869//1869
f 1873//1873 1760//1760 1865//1865
f 1873//1873 1798//1798 1760//1760
f 1873//1873 1874//1874 1798//1798
f 1875//1875 1874//1874 1873//1873
f 1874//1874 1843//1843 1798//1798
f 1876//1876 1877//1877 1878//1878
f 1876//1876 1878//1878 1873//1873
f 1878//1878 1879//1879 1873//1873
f 1879//1879 1875//1875 1873//1873
f 1872//1872 1876//1876 1873//1873
f 1880//1880 1881//1881 1872//1872
f 1881//1881 1876//1876 1872//1872
f 1882//1882 1883//1883 1884//1884
f 1885//1885 1882//1882 1884//1884
f 1886//1886 1885//1885 1884//1884
f 1887//1887 1888//1888 1884//1884
f 1888//1888 1886//1886 1884//1884
f 1883//1883 1872//1872 1884//1884
f 1883//1883 1880//1880 1872//1872
f 1871//1871 1868//1868 1859//1859
f 1889//1889 1890//1890 1868//1868
f 1890//1890 1887//1887 1868//1868
f 1891//1891 1892//1892 1889//1889
f 1891//1891 1889//1889 1868//1868
f 1870//1870 1868//1868 1871//1871
f 1870//1870 1893//1893 1868//1868
f 1854//1854 1894//1894 1855//1855
f 1894//1894 1895//1895 1855//1855
f 1895//1895 1870//1870 1855//1855
f 1893//1893 1891//1891 1868//1868
f 1867//1867 1873//1873 1865//1865
f 1872//1872 1873//1873 1867//1867
f 1887//1887 1884//1884 1869//1869
f 1884//1884 1872//1872 1869//1869
f 1868//1868 1887//1887 1869//1869
f 1896//1896 1854//1854 1848//1848
f 1897//1897 1896//1896 1848//1848
f 1898//1898 1899//1899 1900//1900
f 1901//1901 1899//1899 1898//1898
f 1902//1902 1903//1903 1898//1898
f 1899//1899 1897//1897 1904//1904
f 1899//1899 1901//1901 1897//1897
f 1901//1901 1896//1896 1897//1897
f 1905//1905 1854//1854 1896//1896
f 1906//1906 1907//1907 1901//1901
f 1907//1907 1905//1905 1896//1896
f 1908//1908 1909//1909 1901//1901
f 1909//1909 1906//1906 1901//1901
f 1907//1907 1896//1896 1901//1901
f 1903//1903 1902//1902 1910//1910
f 1911//1911 1901//1901 1903//1903
f 1912//1912 1913//1913 1914//1914
f 1912//1912 1914//1914 1915//1915
f 1916//1916 1912//1912 1915//1915
f 1911//1911 1903//1903 1913//1913
f 1917//1917 1916//1916 1918//1918
f 1912//1912 1911//1911 1913//1913
f 1911//1911 1912//1912 1916//1916
f 1917//1917 1919//1919 1916//1916
f 1919//1919 1911//1911 1916//1916
f 1903//1903 1901//1901 1898//1898
f 1908//1908 1901//1901 1911//1911
f 1920//1920 1917//1917 1918//1918
f 1909//1909 1908//1908 1911//1911
f 1907//1907 1921//1921 1905//1905
f 1906//1906 1922//1922 1907//1907
f 1923//1923 1909//1909 1911//1911
f 1924//1924 1925//1925 1909//1909
f 1925//1925 1926//1926 1909//1909
f 1926//1926 1927//1927 1909//1909
f 1927//1927 1906//1906 1909//1909
f 1923//1923 1928//1928 1909//1909
f 1928//1928 1929//1929 1909//1909
f 1929//1929 1930//1930 1909//1909
f 1930//1930 1924//1924 1909//1909
f 1931//1931 1932//1932 1923//1923
f 1933//1933 1934//1934 1920//1920
f 1935//1935 1919//1919 1917//1917
f 1934//1934 1935//1935 1920//1920
f 1935//1935 1917//1917 1920//1920
f 1936//1936 1931//1931 1919//1919
f 1931//1931 1937//1937 1932//1932
f 1938//1938 1931//1931 1936//1936
f 1939//1939 1938//1938 1936//1936
f 1940//1940 1941//1941 1942//1942
f 1939//1939 1936//1936 1942//1942
f 1941//1941 1939//1939 1942//1942
f 1935//1935 1942//1942 1919//1919
f 1943//1943 1935//1935 1934//1934
f 1944//1944 1945//1945 1942//1942
f 1945//1945 1940//1940 1942//1942
f 1946//1946 1944//1944 1942//1942
f 1947//1947 1946//1946 1935//1935
f 1935//1935 1946//1946 1942//1942
f 1566//1566 1935//1935 1943//1943
f 1948//1948 1566//1566 1943//1943
f 1566//1566 1567//1567 1935//1935
f 1567//1567 1947//1947 1935//1935
f 1942//1942 1936//1936 1919//1919
f 1931//1931 1923//1923 1911//1911
f 1919//1919 1931//1931 1911//1911
f 1949//1949 1950//1950 1918//1918
f 1951//1951 1950//1950 1949//1949
f 1950//1950 1920//1920 1918//1918
f 1951//1951 1952//1952 1950//1950
f 1953//1953 1954//1954 1955//1955
f 1956//1956 1952//1952 1955//1955
f 1955//1955 1952//1952 1951//1951
f 1933//1933 1920//1920 1950//1950
f 1952//1952 1933//1933 1950//1950
f 1957//1957 1954//1954 1953//1953
f 1958//1958 1957//1957 1953//1953
f 1959//1959 1960//1960 1958//1958
f 1958//1958 1960//1960 1957//1957
f 1960//1960 1961//1961 1957//1957
f 1957//1957 1962//1962 1954//1954
f 1954//1954 1956//1956 1955//1955
f 1962//1962 1956//1956 1954//1954
f 1963//1963 1933//1933 1952//1952
f 1963//1963 1934//1934 1933//1933
f 1962//1962 1964//1964 1956//1956
f 1963//1963 1943//1943 1934//1934
f 1965//1965 1964//1964 1962//1962
f 1966//1966 1965//1965 1962//1962
f 1967//1967 1968//1968 1961//1961
f 1969//1969 1967//1967 1961//1961
f 1968//1968 1966//1966 1961//1961
f 1964//1964 1963//1963 1952//1952
f 1956//1956 1964//1964 1952//1952
f 1959//1959 1958//1958 1970//1970
f 1971//1971 1959//1959 1970//1970
f 1971//1971 1970//1970 1972//1972
f 1973//1973 1972//1972 1974//1974
f 1975//1975 1959//1959 1971//1971
f 1976//1976 1969//1969 1975//1975
f 1977//1977 1976//1976 1975//1975
f 1978//1978 1977//1977 1975//1975
f 1978//1978 1975//1975 1971//1971
f 1979//1979 1978//1978 1972//1972
f 1978//1978 1971//1971 1972//1972
f 1980//1980 1981//1981 1973//1973
f 1980//1980 1973//1973 1974//1974
f 1982//1982 1980//1980 1983//1983
f 1984//1984 1980//1980 1982//1982
f 1985//1985 1972//1972 1973//1973
f 1981//1981 1985//1985 1973//1973
f 1985//1985 1979//1979 1972//1972
f 1969//1969 1960//1960 1959//1959
f 1961//1961 1966//1966 1957//1957
f 1966//1966 1962//1962 1957//1957
f 1975//1975 1969//1969 1959//1959
f 1976//1976 1967//1967 1969//1969
f 1969//1969 1961//1961 1960//1960
f 1986//1986 1982//1982 1983//1983
f 1987//1987 1986//1986 1983//1983
f 1984//1984 1981//1981 1980//1980
f 1988//1988 1984//1984 1982//1982
f 1989//1989 1990//1990 1983//1983
f 1990//1990 1987//1987 1983//1983
f 1991//1991 1981//1981 1984//1984
f 1988//1988 1992//1992 1984//1984
f 1992//1992 1991//1991 1984//1984
f 1986//1986 1988//1988 1982//1982
f 1977//1977 1993//1993 1976//1976
f 1994//1994 1967//1967 1976//1976
f 1993//1993 1994//1994 1976//1976
f 1995//1995 1965//1965 1966//1966
f 1968//1968 1995//1995 1966//1966
f 1996//1996 1943//1943 1963//1963
f 1997//1997 1996//1996 1963//1963
f 1996//1996 1948//1948 1943//1943
f 1998//1998 1999//1999 1965//1965
f 2000//2000 1998//1998 1965//1965
f 1965//1965 1999//1999 1964//1964
f 1999//1999 1963//1963 1964//1964
f 1999//1999 1997//1997 1963//1963
f 1995//1995 2000//2000 1965//1965
f 2001//2001 1994//1994 1993//1993
f 2002//2002 2003//2003 1994//1994
f 2004//2004 2005//2005 2003//2003
f 2006//2006 2004//2004 2003//2003
f 2007//2007 2001//2001 1993//1993
f 2007//2007 2008//2008 2001//2001
f 2008//2008 2002//2002 2001//2001
f 2002//2002 2006//2006 2003//2003
f 2001//2001 2002//2002 1994//1994
f 2003//2003 2005//2005 1968//1968
f 2005//2005 1995//1995 1968//1968
f 1994//1994 2003//2003 1967//1967
f 2003//2003 1968//1968 1967//1967
f 2009//2009 1987//1987 1990//1990
f 2010//2010 2011//2011 1986//1986
f 1989//1989 2009//2009 1990//1990
f 1987//1987 2012//2012 1986//1986
f 2013//2013 2014//2014 1992//1992
f 2015//2015 2007//2007 2016//2016
f 2017//2017 2015//2015 2016//2016
f 2018//2018 2019//2019 2020//2020
f 2019//2019 2016//2016 2020//2020
f 2021//2021 2016//2016 2019//2019
f 2020//2020 2016//2016 2022//2022
f 2021//2021 2017//2017 2016//2016
f 2014//2014 2018//2018 2020//2020
f 2023//2023 2024//2024 2013//2013
f 2024//2024 2014//2014 2013//2013
f 2025//2025 2012//2012 2009//2009
f 2026//2026 2009//2009 1989//1989
f 2010//2010 2027//2027 2013//2013
f 2028//2028 2027//2027 2010//2010
f 2027//2027 2023//2023 2013//2013
f 2029//2029 2030//2030 2010//2010
f 2030//2030 2028//2028 2010//2010
f 2029//2029 2010//2010 2025//2025
f 2031//2031 2029//2029 2025//2025
f 2032//2032 2033//2033 2026//2026
f 2026//2026 2025//2025 2009//2009
f 2033//2033 2031//2031 2026//2026
f 2031//2031 2025//2025 2026//2026
f 2025//2025 2010//2010 2012//2012
f 2011//2011 2013//2013 1992//1992
f 2010//2010 2013//2013 2011//2011
f 2009//2009 2012//2012 1987//1987
f 2012//2012 2010//2010 1986//1986
f 1991//1991 1979//1979 1985//1985
f 1981//1981 1991//1991 1985//1985
f 2022//2022 2016//2016 1993//1993
f 2016//2016 2007//2007 1993//1993
f 2020//2020 2022//2022 1979//1979
f 2014//2014 2020//2020 1991//1991
f 2011//2011 1992//1992 1988//1988
f 1986//1986 2011//2011 1988//1988
f 2022//2022 1993//1993 1978//1978
f 1978//1978 1993//1993 1977//1977
f 1979//1979 2022//2022 1978//1978
f 1992//1992 2014//2014 1991//1991
f 2020//2020 1979//1979 1991//1991
f 1989//1989 1983//1983 2034//2034
f 2035//2035 2036//2036 2037//2037
f 2035//2035 2038//2038 2036//2036
f 2039//2039 2040//2040 2038//2038
f 2041//2041 2039//2039 2038//2038
f 2042//2042 2037//2037 2043//2043
f 2035//2035 2037//2037 2042//2042
f 2044//2044 2035//2035 2042//2042
f 2045//2045 2046//2046 2043//2043
f 2047//2047 2048//2048 2045//2045
f 2046//2046 2042//2042 2043//2043
f 2044//2044 2042//2042 2046//2046
f 2041//2041 2038//2038 2035//2035
f 2038//2038 2040//2040 2049//2049
f 2040//2040 1989//1989 2034//2034
f 2049//2049 2040//2040 2034//2034
f 2050//2050 1989//1989 2040//2040
f 2039//2039 2050//2050 2040//2040
f 2050//2050 2051//2051 1989//1989
f 2051//2051 2052//2052 1989//1989
f 2052//2052 2032//2032 2026//2026
f 2053//2053 2054//2054 2055//2055
f 2052//2052 2026//2026 1989//1989
f 2056//2056 2057//2057 2050//2050
f 2057//2057 2051//2051 2050//2050
f 2058//2058 2055//2055 2041//2041
f 2053//2053 2055//2055 2058//2058
f 2059//2059 2058//2058 2060//2060
f 2055//2055 2054//2054 2041//2041
f 2054//2054 2056//2056 2039//2039
f 2056//2056 2050//2050 2039//2039
f 2061//2061 2062//2062 2063//2063
f 2064//2064 2061//2061 2063//2063
f 2065//2065 2063//2063 2066//2066
f 2067//2067 2068//2068 2065//2065
f 2069//2069 2061//2061 2064//2064
f 2068//2068 2067//2067 2070//2070
f 2071//2071 2072//2072 2070//2070
f 2072//2072 2068//2068 2070//2070
f 2073//2073 2074//2074 2075//2075
f 2076//2076 2073//2073 2075//2075
f 2074//2074 2071//2071 2070//2070
f 2065//2065 2064//2064 2063//2063
f 2062//2062 2048//2048 2047//2047
f 2045//2045 2048//2048 2046//2046
f 2044//2044 2041//2041 2035//2035
f 2061//2061 2048//2048 2062//2062
f 2054//2054 2039//2039 2041//2041
f 2060//2060 2058//2058 2044//2044
f 2060//2060 2044//2044 2046//2046
f 2058//2058 2041//2041 2044//2044
f 2048//2048 2061//2061 2046//2046
f 2061//2061 2060//2060 2046//2046
f 2077//2077 2078//2078 2079//2079
f 2079//2079 2078//2078 2076//2076
f 2076//2076 2080//2080 2073//2073
f 2073//2073 2071//2071 2074//2074
f 2068//2068 2072//2072 2065//2065
f 2081//2081 2069//2069 2064//2064
f 2072//2072 2081//2081 2065//2065
f 2081//2081 2064//2064 2065//2065
f 2082//2082 2072//2072 2071//2071
f 2078//2078 2080//2080 2076//2076
f 2080//2080 2071//2071 2073//2073
f 2083//2083 2084//2084 2061//2061
f 2061//2061 2085//2085 2060//2060
f 2053//2053 2056//2056 2054//2054
f 2086//2086 2056//2056 2053//2053
f 2051//2051 2087//2087 2052//2052
f 2051//2051 2088//2088 2087//2087
f 2057//2057 2088//2088 2051//2051
f 2089//2089 2090//2090 2086//2086
f 2090//2090 2091//2091 2086//2086
f 2092//2092 2086//2086 2093//2093
f 2094//2094 2092//2092 2093//2093
f 2092//2092 2089//2089 2086//2086
f 2093//2093 2086//2086 2053//2053
f 2091//2091 2057//2057 2056//2056
f 2086//2086 2091//2091 2056//2056
f 2095//2095 2096//2096 2059//2059
f 2097//2097 2098//2098 2099//2099
f 2098//2098 2093//2093 2099//2099
f 2098//2098 2094//2094 2093//2093
f 2100//2100 2101//2101 2099//2099
f 2101//2101 2102//2102 2099//2099
f 2102//2102 2103//2103 2099//2099
f 2103//2103 2097//2097 2099//2099
f 2085//2085 2104//2104 2095//2095
f 2085//2085 2105//2105 2104//2104
f 2084//2084 2106//2106 2085//2085
f 2106//2106 2107//2107 2085//2085
f 2085//2085 2107//2107 2105//2105
f 2095//2095 2099//2099 2096//2096
f 2095//2095 2104//2104 2099//2099
f 2104//2104 2100//2100 2099//2099
f 2099//2099 2093//2093 2053//2053
f 2095//2095 2059//2059 2060//2060
f 2084//2084 2085//2085 2061//2061
f 2085//2085 2095//2095 2060//2060
f 2096//2096 2099//2099 2058//2058
f 2099//2099 2053//2053 2058//2058
f 2059//2059 2096//2096 2058//2058
f 2108//2108 2082//2082 2080//2080
f 2077//2077 2109//2109 2078//2078
f 2082//2082 2110//2110 2072//2072
f 2109//2109 2108//2108 2078//2078
f 2110//2110 2111//2111 2081//2081
f 2112//2112 2113//2113 2081//2081
f 2112//2112 2114//2114 2113//2113
f 2115//2115 2116//2116 2117//2117
f 2116//2116 2084//2084 2117//2117
f 2106//2106 2084//2084 2116//2116
f 2118//2118 2119//2119 2114//2114
f 2119//2119 2115//2115 2114//2114
f 2115//2115 2117//2117 2114//2114
f 2118//2118 2112//2112 2120//2120
f 2112//2112 2118//2118 2114//2114
f 2120//2120 2112//2112 2111//2111
f 2111//2111 2112//2112 2081//2081
f 2121//2121 2109//2109 2077//2077
f 2122//2122 2123//2123 2109//2109
f 2124//2124 2125//2125 2111//2111
f 2125//2125 2120//2120 2111//2111
f 2126//2126 2124//2124 2111//2111
f 2121//2121 2127//2127 2128//2128
f 2121//2121 2128//2128 2129//2129
f 2121//2121 2129//2129 2122//2122
f 2121//2121 2122//2122 2109//2109
f 2126//2126 2111//2111 2108//2108
f 2123//2123 2126//2126 2108//2108
f 2111//2111 2110//2110 2082//2082
f 2109//2109 2123//2123 2108//2108
f 2108//2108 2111//2111 2082//2082
f 2069//2069 2083//2083 2061//2061
f 2117//2117 2084//2084 2083//2083
f 2114//2114 2117//2117 2083//2083
f 2114//2114 2083//2083 2113//2113
f 2078//2078 2108//2108 2080//2080
f 2080//2080 2082//2082 2071//2071
f 2110//2110 2081//2081 2072//2072
f 2081//2081 2113//2113 2069//2069
f 2113//2113 2083//2083 2069//2069
f 2130//2130 2077//2077 2079//2079
f 2130//2130 2079//2079 2131//2131
f 2130//2130 2131//2131 2132//2132
f 2133//2133 2132//2132 2134//2134
f 2133//2133 2135//2135 2132//2132
f 2133//2133 2136//2136 2137//2137
f 2135//2135 2130//2130 2132//2132
f 2135//2135 2138//2138 2130//2130
f 2139//2139 2121//2121 2077//2077
f 2138//2138 2139//2139 2077//2077
f 2140//2140 2141//2141 2135//2135
f 2141//2141 2138//2138 2135//2135
f 2142//2142 2143//2143 2144//2144
f 2145//2145 2142//2142 2144//2144
f 2145//2145 2146//2146 2142//2142
f 2147//2147 2148//2148 2144//2144
f 2145//2145 2135//2135 2146//2146
f 2148//2148 2149//2149 2150//2150
f 2149//2149 2148//2148 2147//2147
f 2150//2150 2149//2149 2151//2151
f 2152//2152 2148//2148 2150//2150
f 2153//2153 2150//2150 2154//2154
f 2155//2155 2156//2156 2154//2154
f 2150//2150 2151//2151 2154//2154
f 2148//2148 2145//2145 2144//2144
f 2135//2135 2133//2133 2137//2137
f 2146//2146 2135//2135 2137//2137
f 2138//2138 2077//2077 2130//2130
f 2156//2156 2153//2153 2154//2154
f 2157//2157 2153//2153 2156//2156
f 2158//2158 2157//2157 2156//2156
f 2159//2159 2145//2145 2148//2148
f 2152//2152 2159//2159 2148//2148
f 2153//2153 2152//2152 2150//2150
f 1439//1439 2121//2121 2139//2139
f 2141//2141 2139//2139 2138//2138
f 2160//2160 2139//2139 2141//2141
f 2161//2161 2139//2139 2160//2160
f 2162//2162 2163//2163 2141//2141
f 2164//2164 2165//2165 2141//2141
f 2165//2165 2162//2162 2141//2141
f 2163//2163 2160//2160 2141//2141
f 2140//2140 2166//2166 2141//2141
f 2166//2166 2167//2167 2141//2141
f 2167//2167 2164//2164 2141//2141
f 2168//2168 2169//2169 2135//2135
f 2168//2168 2170//2170 2169//2169
f 2169//2169 2171//2171 2135//2135
f 2171//2171 2140//2140 2135//2135
f 2158//2158 2172//2172 2157//2157
f 2173//2173 2174//2174 2175//2175
f 2174//2174 2176//2176 2159//2159
f 2177//2177 2178//2178 2176//2176
f 2178//2178 2179//2179 2176//2176
f 2174//2174 2177//2177 2180//2180
f 2174//2174 2181//2181 2177//2177
f 2180//2180 2177//2177 2176//2176
f 2174//2174 2180//2180 2176//2176
f 2182//2182 2172//2172 2158//2158
f 2183//2183 2174//2174 2173//2173
f 2183//2183 2181//2181 2174//2174
f 2184//2184 2173//2173 2185//2185
f 2186//2186 2184//2184 2185//2185
f 2183//2183 2173//2173 2184//2184
f 2187//2187 2188//2188 2185//2185
f 2188//2188 2186//2186 2185//2185
f 2182//2182 2187//2187 2172//2172
f 2172//2172 2187//2187 2185//2185
f 2172//2172 2185//2185 2157//2157
f 2185//2185 2173//2173 2175//2175
f 2159//2159 2135//2135 2145//2145
f 2159//2159 2168//2168 2135//2135
f 2179//2179 2168//2168 2159//2159
f 2176//2176 2179//2179 2159//2159
f 2175//2175 2159//2159 2152//2152
f 2157//2157 2185//2185 2153//2153
f 2175//2175 2152//2152 2153//2153
f 2185//2185 2175//2175 2153//2153
f 2175//2175 2174//2174 2159//2159
f 1686//1686 2189//2189 1685//1685
f 2189//2189 2190//2190 1685//1685
f 2189//2189 2191//2191 2190//2190
f 2191//2191 2192//2192 2193//2193
f 2194//2194 2191//2191 2193//2193
f 2192//2192 2191//2191 2189//2189
f 2195//2195 2196//2196 2197//2197
f 2196//2196 2198//2198 2199//2199
f 2199//2199 2198//2198 2200//2200
f 2201//2201 2202//2202 2196//2196
f 2202//2202 2198//2198 2196//2196
f 2200//2200 2198//2198 2203//2203
f 2203//2203 2155//2155 2204//2204
f 2155//2155 2203//2203 2156//2156
f 2200//2200 2203//2203 2204//2204
f 2205//2205 2202//2202 2201//2201
f 2202//2202 2206//2206 2198//2198
f 1709//1709 2189//2189 1686//1686
f 1709//1709 2192//2192 2189//2189
f 2207//2207 2205//2205 2201//2201
f 2208//2208 2207//2207 2192//2192
f 1718//1718 2209//2209 1714//1714
f 1709//1709 1714//1714 2192//2192
f 1714//1714 2210//2210 2192//2192
f 2201//2201 2196//2196 2195//2195
f 2192//2192 2201//2201 2193//2193
f 2192//2192 2207//2207 2201//2201
f 2203//2203 2158//2158 2156//2156
f 2206//2206 2158//2158 2203//2203
f 2198//2198 2206//2206 2203//2203
f 2211//2211 2158//2158 2206//2206
f 2202//2202 2212//2212 2206//2206
f 2212//2212 2211//2211 2206//2206
f 2211//2211 2182//2182 2158//2158
f 2213//2213 2214//2214 2212//2212
f 2214//2214 2211//2211 2212//2212
f 2214//2214 2215//2215 2211//2211
f 2216//2216 2213//2213 2217//2217
f 2217//2217 2213//2213 2212//2212
f 2218//2218 2216//2216 2217//2217
f 2219//2219 2220//2220 2205//2205
f 2220//2220 2217//2217 2205//2205
f 2221//2221 2218//2218 2217//2217
f 2220//2220 2221//2221 2217//2217
f 2217//2217 2212//2212 2202//2202
f 2222//2222 2223//2223 2205//2205
f 2224//2224 2222//2222 2207//2207
f 2208//2208 2225//2225 2207//2207
f 2225//2225 2226//2226 2207//2207
f 2227//2227 2208//2208 2210//2210
f 2209//2209 2210//2210 1714//1714
f 2210//2210 2208//2208 2192//2192
f 2207//2207 2222//2222 2205//2205
f 2226//2226 2224//2224 2207//2207
f 2205//2205 2217//2217 2202//2202
f 2223//2223 2219//2219 2205//2205
f 2228//2228 2219//2219 2223//2223
f 2229//2229 1659//1659 1661//1661
f 2230//2230 2229//2229 1661//1661
f 2231//2231 2232//2232 2233//2233
f 1662//1662 1665//1665 1663//1663
f 1665//1665 2231//2231 1663//1663
f 2233//2233 2230//2230 1661//1661
f 2231//2231 2233//2233 1663//1663
f 1663//1663 2233//2233 1661//1661
f 2234//2234 2235//2235 2236//2236
f 2235//2235 2237//2237 2236//2236
f 2235//2235 2234//2234 2231//2231
f 2238//2238 1665//1665 1668//1668
f 1665//1665 1664//1664 1668//1668
f 2237//2237 1671//1671 2239//2239
f 1671//1671 1670//1670 1675//1675
f 1671//1671 2237//2237 2238//2238
f 1671//1671 2238//2238 1668//1668
f 2235//2235 2231//2231 2240//2240
f 2235//2235 2240//2240 2238//2238
f 2237//2237 2235//2235 2238//2238
f 2231//2231 1665//1665 2240//2240
f 2240//2240 1665//1665 2238//2238
f 2234//2234 2241//2241 2242//2242
f 2243//2243 2244//2244 2242//2242
f 2245//2245 2246//2246 2247//2247
f 2246//2246 2244//2244 2243//2243
f 2243//2243 2248//2248 2249//2249
f 2246//2246 2243//2243 2249//2249
f 2243//2243 2250//2250 2251//2251
f 2252//2252 2253//2253 2254//2254
f 2255//2255 2253//2253 2252//2252
f 2250//2250 2253//2253 2251//2251
f 2253//2253 2250//2250 2254//2254
f 2248//2248 2243//2243 2251//2251
f 2250//2250 2243//2243 2242//2242
f 2241//2241 2250//2250 2242//2242
f 2250//2250 2241//2241 2256//2256
f 2257//2257 2258//2258 2259//2259
f 2260//2260 2259//2259 2261//2261
f 2262//2262 2260//2260 2261//2261
f 1677//1677 2262//2262 2261//2261
f 2259//2259 1674//1674 2261//2261
f 1674//1674 1677//1677 2261//2261
f 1674//1674 2263//2263 1675//1675
f 2258//2258 2263//2263 2259//2259
f 2263//2263 1674//1674 2259//2259
f 2252//2252 2264//2264 2265//2265
f 2252//2252 2257//2257 2264//2264
f 2265//2265 2264//2264 2266//2266
f 2265//2265 2266//2266 2267//2267
f 2267//2267 2266//2266 2268//2268
f 2266//2266 1683//1683 2268//2268
f 1683//1683 1685//1685 2268//2268
f 1681//1681 2269//2269 1682//1682
f 1682//1682 2262//2262 1677//1677
f 1680//1680 1682//1682 1677//1677
f 1682//1682 2269//2269 2262//2262
f 2266//2266 2264//2264 2269//2269
f 1681//1681 2266//2266 2269//2269
f 2266//2266 1681//1681 1683//1683
f 2260//2260 2257//2257 2259//2259
f 2269//2269 2264//2264 2262//2262
f 2264//2264 2257//2257 2260//2260
f 2264//2264 2260//2260 2262//2262
f 2241//2241 2234//2234 2236//2236
f 2241//2241 2270//2270 2256//2256
f 2271//2271 2270//2270 2236//2236
f 2270//2270 2241//2241 2236//2236
f 2272//2272 2250//2250 2256//2256
f 2257//2257 2252//2252 2254//2254
f 2257//2257 2272//2272 2258//2258
f 2250//2250 2257//2257 2254//2254
f 2250//2250 2272//2272 2257//2257
f 2271//2271 2237//2237 2239//2239
f 2239//2239 1671//1671 1675//1675
f 2263//2263 2239//2239 1675//1675
f 2263//2263 2271//2271 2239//2239
f 2271//2271 2263//2263 2258//2258
f 2237//2237 2271//2271 2236//2236
f 2270//2270 2258//2258 2256//2256
f 2270//2270 2271//2271 2258//2258
f 2258//2258 2272//2272 2256//2256
f 80//80 2273//2273 81//81
f 80//80 2274//2274 2273//2273
f 2274//2274 80//80 2275//2275
f 2274//2274 2276//2276 2273//2273
f 2277//2277 2275//2275 2278//2278
f 2279//2279 2277//2277 2280//2280
f 2277//2277 2278//2278 2280//2280
f 2275//2275 2277//2277 2281//2281
f 2274//2274 2275//2275 2281//2281
f 2282//2282 2274//2274 2283//2283
f 2274//2274 2281//2281 2283//2283
f 2284//2284 2285//2285 2286//2286
f 2287//2287 2288//2288 2289//2289
f 2290//2290 2276//2276 2287//2287
f 2285//2285 2290//2290 2287//2287
f 2290//2290 2285//2285 2291//2291
f 2285//2285 2287//2287 2289//2289
f 2286//2286 2285//2285 2289//2289
f 2292//2292 2284//2284 2293//2293
f 2284//2284 2294//2294 2295//2295
f 2296//2296 2294//2294 2284//2284
f 2297//2297 2294//2294 2296//2296
f 2297//2297 2296//2296 2298//2298
f 2299//2299 2297//2297 2298//2298
f 581//581 2297//2297 2299//2299
f 581//581 411//411 2297//2297
f 2300//2300 2293//2293 2301//2301
f 2302//2302 2298//2298 2300//2300
f 2303//2303 2298//2298 2302//2302
f 2303//2303 2299//2299 2298//2298
f 572//572 2299//2299 2303//2303
f 572//572 581//581 2299//2299
f 2298//2298 2293//2293 2300//2300
f 2296//2296 2284//2284 2292//2292
f 2298//2298 2296//2296 2293//2293
f 2296//2296 2292//2292 2293//2293
f 2288//2288 2304//2304 2305//2305
f 2306//2306 2307//2307 2308//2308
f 2304//2304 2288//2288 2306//2306
f 2304//2304 2309//2309 2310//2310
f 2311//2311 572//572 2303//2303
f 567//567 572//572 2311//2311
f 544//544 2312//2312 2313//2313
f 544//544 567//567 2312//2312
f 2314//2314 2313//2313 2315//2315
f 2314//2314 544//544 2313//2313
f 2308//2308 2315//2315 2316//2316
f 2315//2315 2313//2313 2316//2316
f 2313//2313 2312//2312 2316//2316
f 2309//2309 2308//2308 2316//2316
f 2309//2309 2306//2306 2308//2308
f 2309//2309 2304//2304 2306//2306
f 2312//2312 2309//2309 2316//2316
f 2311//2311 2309//2309 2312//2312
f 567//567 2311//2311 2312//2312
f 2289//2289 2288//2288 2305//2305
f 2317//2317 2289//2289 2305//2305
f 2318//2318 2286//2286 2289//2289
f 2284//2284 2286//2286 2318//2318
f 2284//2284 2318//2318 2293//2293
f 2305//2305 2304//2304 2310//2310
f 2309//2309 2311//2311 2302//2302
f 2311//2311 2303//2303 2302//2302
f 2309//2309 2302//2302 2310//2310
f 2310//2310 2302//2302 2300//2300
f 2317//2317 2305//2305 2301//2301
f 2305//2305 2310//2310 2300//2300
f 2305//2305 2300//2300 2301//2301
f 2317//2317 2318//2318 2289//2289
f 2318//2318 2317//2317 2301//2301
f 2293//2293 2318//2318 2301//2301
f 2319//2319 2320//2320 2321//2321
f 2319//2319 2322//2322 2323//2323
f 2322//2322 2321//2321 2324//2324
f 2319//2319 2321//2321 2322//2322
f 2323//2323 2324//2324 2325//2325
f 2279//2279 2323//2323 2325//2325
f 2324//2324 2326//2326 2325//2325
f 2326//2326 2327//2327 2325//2325
f 2328//2328 2329//2329 2330//2330
f 2321//2321 2330//2330 2324//2324
f 2323//2323 2322//2322 2324//2324
f 2330//2330 2329//2329 2324//2324
f 2331//2331 2327//2327 2332//2332
f 2332//2332 2326//2326 2333//2333
f 2334//2334 2335//2335 2331//2331
f 2314//2314 2331//2331 2336//2336
f 542//542 2314//2314 2336//2336
f 540//540 542//542 2336//2336
f 2314//2314 2334//2334 2331//2331
f 542//542 544//544 2314//2314
f 2337//2337 538//538 2338//2338
f 538//538 540//540 2338//2338
f 2338//2338 2336//2336 2339//2339
f 540//540 2336//2336 2338//2338
f 2336//2336 2331//2331 2339//2339
f 2326//2326 2340//2340 2333//2333
f 2341//2341 2342//2342 2343//2343
f 2342//2342 2338//2338 2343//2343
f 2342//2342 2337//2337 2338//2338
f 538//538 2337//2337 2342//2342
f 537//537 538//538 2342//2342
f 2340//2340 2344//2344 2343//2343
f 2344//2344 2341//2341 2343//2343
f 2345//2345 524//524 2341//2341
f 524//524 537//537 2341//2341
f 2340//2340 2343//2343 2333//2333
f 2341//2341 537//537 2342//2342
f 2331//2331 2332//2332 2333//2333
f 2339//2339 2331//2331 2333//2333
f 2338//2338 2339//2339 2343//2343
f 2343//2343 2339//2339 2333//2333
f 2328//2328 2346//2346 2347//2347
f 519//519 524//524 2345//2345
f 2345//2345 2348//2348 2349//2349
f 519//519 2345//2345 2349//2349
f 2348//2348 2345//2345 2344//2344
f 2350//2350 2348//2348 2344//2344
f 2350//2350 2344//2344 2340//2340
f 2351//2351 2347//2347 2352//2352
f 2353//2353 2351//2351 2352//2352
f 517//517 519//519 2349//2349
f 2354//2354 2353//2353 2352//2352
f 516//516 517//517 2354//2354
f 2349//2349 2353//2353 2354//2354
f 517//517 2349//2349 2354//2354
f 2355//2355 2328//2328 2347//2347
f 2355//2355 2347//2347 2350//2350
f 2348//2348 2351//2351 2353//2353
f 2349//2349 2348//2348 2353//2353
f 2350//2350 2347//2347 2351//2351
f 2348//2348 2350//2350 2351//2351
f 2328//2328 2355//2355 2329//2329
f 2329//2329 2356//2356 2324//2324
f 2356//2356 2326//2326 2324//2324
f 2355//2355 2350//2350 2340//2340
f 2344//2344 2345//2345 2341//2341
f 2329//2329 2355//2355 2356//2356
f 2356//2356 2340//2340 2326//2326
f 2355//2355 2340//2340 2356//2356
f 2320//2320 2319//2319 2357//2357
f 2280//2280 2357//2357 2358//2358
f 2279//2279 2280//2280 2358//2358
f 2358//2358 2319//2319 2323//2323
f 2357//2357 2319//2319 2358//2358
f 2277//2277 2359//2359 2281//2281
f 2281//2281 2359//2359 2283//2283
f 2282//2282 2283//2283 2360//2360
f 2359//2359 2361//2361 2362//2362
f 2283//2283 2359//2359 2362//2362
f 2360//2360 2283//2283 2362//2362
f 2361//2361 2359//2359 2279//2279
f 2327//2327 2279//2279 2325//2325
f 2361//2361 2279//2279 2327//2327
f 2359//2359 2277//2277 2279//2279
f 2279//2279 2358//2358 2323//2323
f 2276//2276 2274//2274 2282//2282
f 2273//2273 2276//2276 2290//2290
f 2276//2276 2282//2282 2363//2363
f 2287//2287 2276//2276 2288//2288
f 2276//2276 2363//2363 2288//2288
f 2327//2327 2326//2326 2332//2332
f 2364//2364 2335//2335 2307//2307
f 2364//2364 2307//2307 2365//2365
f 2331//2331 2335//2335 2327//2327
f 2335//2335 2364//2364 2327//2327
f 2307//2307 2306//2306 2365//2365
f 2306//2306 2288//2288 2365//2365
f 2334//2334 2314//2314 2315//2315
f 2334//2334 2315//2315 2308//2308
f 2307//2307 2335//2335 2308//2308
f 2335//2335 2334//2334 2308//2308
f 2360//2360 2362//2362 2366//2366
f 2363//2363 2282//2282 2366//2366
f 2288//2288 2363//2363 2365//2365
f 2363//2363 2366//2366 2365//2365
f 2364//2364 2361//2361 2327//2327
f 2361//2361 2364//2364 2365//2365
f 2362//2362 2361//2361 2366//2366
f 2366//2366 2361//2361 2365//2365
f 2282//2282 2360//2360 2366//2366
f 1096//1096 54//54 55//55
f 1096//1096 55//55 2367//2367
f 55//55 56//56 2367//2367
f 2367//2367 56//56 58//58
f 2368//2368 1098//1098 1096//1096
f 2368//2368 1096//1096 2367//2367
f 2369//2369 2368//2368 2367//2367
f 2369//2369 2367//2367 58//58
f 57//57 2370//2370 58//58
f 1098//1098 2368//2368 1114//1114
f 2371//2371 1114//1114 2372//2372
f 2371//2371 2372//2372 2373//2373
f 1117//1117 1114//1114 2371//2371
f 2374//2374 2375//2375 2376//2376
f 2373//2373 2374//2374 2376//2376
f 2368//2368 2374//2374 2372//2372
f 2372//2372 2374//2374 2373//2373
f 1114//1114 2368//2368 2372//2372
f 2370//2370 2377//2377 2378//2378
f 60//60 2377//2377 61//61
f 2379//2379 2377//2377 60//60
f 2377//2377 2370//2370 61//61
f 61//61 2370//2370 57//57
f 2370//2370 2378//2378 58//58
f 2377//2377 2374//2374 2378//2378
f 2378//2378 2369//2369 58//58
f 2374//2374 2369//2369 2378//2378
f 2374//2374 2368//2368 2369//2369
f 2374//2374 2377//2377 2375//2375
f 1137//1137 1117//1117 2371//2371
f 2380//2380 2371//2371 2381//2381
f 2382//2382 2383//2383 2381//2381
f 2381//2381 2383//2383 2384//2384
f 2371//2371 2382//2382 2381//2381
f 2385//2385 2386//2386 2387//2387
f 2385//2385 2381//2381 2386//2386
f 2385//2385 2380//2380 2381//2381
f 2383//2383 2388//2388 2384//2384
f 2384//2384 2389//2389 2390//2390
f 2386//2386 2384//2384 2391//2391
f 2387//2387 2386//2386 2391//2391
f 2392//2392 2391//2391 2393//2393
f 2393//2393 2391//2391 2390//2390
f 2391//2391 2384//2384 2390//2390
f 2380//2380 1137//1137 2371//2371
f 2386//2386 2381//2381 2384//2384
f 2394//2394 59//59 65//65
f 2395//2395 2394//2394 65//65
f 2394//2394 2396//2396 2397//2397
f 66//66 2398//2398 2395//2395
f 66//66 2395//2395 65//65
f 2396//2396 2399//2399 2389//2389
f 2392//2392 2400//2400 2401//2401
f 2400//2400 67//67 2401//2401
f 66//66 67//67 2398//2398
f 2398//2398 2399//2399 2395//2395
f 2400//2400 2399//2399 2398//2398
f 2399//2399 2394//2394 2395//2395
f 2399//2399 2396//2396 2394//2394
f 67//67 2400//2400 2398//2398
f 59//59 2394//2394 60//60
f 60//60 2394//2394 2397//2397
f 2379//2379 2402//2402 2377//2377
f 2379//2379 60//60 2397//2397
f 2375//2375 2403//2403 2376//2376
f 2382//2382 2373//2373 2376//2376
f 2382//2382 2371//2371 2373//2373
f 2403//2403 2382//2382 2376//2376
f 2383//2383 2382//2382 2403//2403
f 2404//2404 2396//2396 2389//2389
f 2389//2389 2399//2399 2393//2393
f 2388//2388 2405//2405 2389//2389
f 2384//2384 2388//2388 2389//2389
f 2400//2400 2392//2392 2399//2399
f 2399//2399 2392//2392 2393//2393
f 2389//2389 2393//2393 2390//2390
f 2377//2377 2402//2402 2375//2375
f 2402//2402 2405//2405 2375//2375
f 2405//2405 2403//2403 2375//2375
f 2405//2405 2383//2383 2403//2403
f 2388//2388 2383//2383 2405//2405
f 2402//2402 2379//2379 2404//2404
f 2404//2404 2379//2379 2397//2397
f 2396//2396 2404//2404 2397//2397
f 2405//2405 2402//2402 2389//2389
f 2402//2402 2404//2404 2389//2389
f 1137//1137 2380//2380 2406//2406
f 2406//2406 2380//2380 2385//2385
f 1169//1169 1137//1137 2406//2406
f 2406//2406 2385//2385 2407//2407
f 2406//2406 2407//2407 2408//2408
f 1169//1169 2406//2406 2409//2409
f 2409//2409 2406//2406 2408//2408
f 1182//1182 1169//1169 2409//2409
f 2410//2410 2411//2411 2412//2412
f 2407//2407 2410//2410 2413//2413
f 2410//2410 2412//2412 2413//2413
f 2408//2408 2407//2407 2413//2413
f 2414//2414 2415//2415 2416//2416
f 2417//2417 2415//2415 2414//2414
f 1182//1182 2409//2409 2418//2418
f 2418//2418 2409//2409 2416//2416
f 1184//1184 1182//1182 2418//2418
f 2415//2415 2418//2418 2416//2416
f 2411//2411 2414//2414 2412//2412
f 2411//2411 2417//2417 2414//2414
f 2412//2412 2414//2414 2413//2413
f 2416//2416 2408//2408 2413//2413
f 2414//2414 2416//2416 2413//2413
f 2409//2409 2408//2408 2416//2416
f 2419//2419 2420//2420 2417//2417
f 2419//2419 2417//2417 2411//2411
f 2418//2418 2415//2415 2421//2421
f 1197//1197 1184//1184 2418//2418
f 2422//2422 1197//1197 2418//2418
f 2422//2422 2418//2418 2421//2421
f 2415//2415 2423//2423 2421//2421
f 2423//2423 2424//2424 2421//2421
f 1204//1204 1197//1197 2422//2422
f 89//89 1204//1204 2422//2422
f 89//89 2422//2422 2425//2425
f 2426//2426 2427//2427 2428//2428
f 2426//2426 2428//2428 2429//2429
f 2429//2429 2428//2428 2430//2430
f 2428//2428 2431//2431 2430//2430
f 2423//2423 2427//2427 2424//2424
f 2424//2424 2425//2425 2421//2421
f 2425//2425 2422//2422 2421//2421
f 2427//2427 2426//2426 2424//2424
f 2432//2432 2433//2433 2434//2434
f 2433//2433 2435//2435 2431//2431
f 2436//2436 2437//2437 2435//2435
f 2433//2433 2431//2431 2434//2434
f 2433//2433 2436//2436 2435//2435
f 2420//2420 2432//2432 2434//2434
f 2417//2417 2420//2420 2415//2415
f 2420//2420 2423//2423 2415//2415
f 2434//2434 2431//2431 2428//2428
f 2427//2427 2434//2434 2428//2428
f 2420//2420 2427//2427 2423//2423
f 2427//2427 2420//2420 2434//2434
f 79//79 69//69 78//78
f 79//79 2436//2436 69//69
f 79//79 2438//2438 2436//2436
f 2439//2439 2440//2440 2441//2441
f 2436//2436 2438//2438 2441//2441
f 2438//2438 79//79 81//81
f 2439//2439 2438//2438 81//81
f 2438//2438 2439//2439 2441//2441
f 67//67 2442//2442 2401//2401
f 2436//2436 2433//2433 2432//2432
f 2436//2436 2432//2432 69//69
f 2442//2442 67//67 69//69
f 2392//2392 2443//2443 2387//2387
f 2392//2392 2387//2387 2391//2391
f 2385//2385 2410//2410 2407//2407
f 2387//2387 2411//2411 2410//2410
f 2385//2385 2387//2387 2410//2410
f 2443//2443 2419//2419 2411//2411
f 2420//2420 2444//2444 2432//2432
f 2444//2444 2420//2420 2419//2419
f 2443//2443 2444//2444 2419//2419
f 2443//2443 2411//2411 2387//2387
f 2444//2444 2443//2443 2392//2392
f 2442//2442 2444//2444 2401//2401
f 2444//2444 2442//2442 69//69
f 2444//2444 2392//2392 2401//2401
f 2432//2432 2444//2444 69//69
f 81//81 2273//2273 2445//2445
f 2446//2446 2447//2447 2448//2448
f 2447//2447 2446//2446 2449//2449
f 2450//2450 2447//2447 2451//2451
f 2291//2291 2450//2450 2452//2452
f 2273//2273 2290//2290 2291//2291
f 2273//2273 2291//2291 2452//2452
f 2450//2450 2451//2451 2452//2452
f 2445//2445 2273//2273 2452//2452
f 2453//2453 2445//2445 2452//2452
f 2451//2451 2453//2453 2452//2452
f 2447//2447 2453//2453 2451//2451
f 2454//2454 2455//2455 2448//2448
f 2455//2455 2454//2454 2456//2456
f 2455//2455 2456//2456 2457//2457
f 2456//2456 2458//2458 2457//2457
f 2458//2458 2459//2459 2457//2457
f 2458//2458 2460//2460 2459//2459
f 2454//2454 2461//2461 2462//2462
f 2463//2463 2454//2454 2448//2448
f 2456//2456 2454//2454 2462//2462
f 2458//2458 2456//2456 2462//2462
f 2464//2464 2465//2465 2466//2466
f 2465//2465 2460//2460 2467//2467
f 2465//2465 2467//2467 2466//2466
f 2468//2468 2469//2469 2470//2470
f 468//468 381//381 2468//2468
f 466//466 468//468 2470//2470
f 468//468 2468//2468 2470//2470
f 2469//2469 2464//2464 2470//2470
f 2467//2467 2471//2471 2466//2466
f 2471//2471 2472//2472 2466//2466
f 2471//2471 2473//2473 2472//2472
f 464//464 466//466 2474//2474
f 458//458 463//463 2475//2475
f 2473//2473 2476//2476 2477//2477
f 2475//2475 2476//2476 2473//2473
f 2475//2475 463//463 2476//2476
f 2477//2477 2476//2476 464//464
f 2476//2476 463//463 464//464
f 2477//2477 464//464 2474//2474
f 2473//2473 2477//2477 2472//2472
f 2472//2472 2477//2477 2478//2478
f 2477//2477 2474//2474 2478//2478
f 2466//2466 2472//2472 2479//2479
f 2464//2464 2466//2466 2479//2479
f 2474//2474 2470//2470 2478//2478
f 2474//2474 466//466 2470//2470
f 2479//2479 2472//2472 2478//2478
f 2470//2470 2464//2464 2478//2478
f 2464//2464 2479//2479 2478//2478
f 2454//2454 2480//2480 2481//2481
f 2481//2481 2482//2482 2483//2483
f 2484//2484 2485//2485 2486//2486
f 2487//2487 2471//2471 2484//2484
f 2487//2487 2475//2475 2471//2471
f 458//458 2475//2475 2487//2487
f 2487//2487 2484//2484 2486//2486
f 455//455 458//458 2487//2487
f 2482//2482 2488//2488 2489//2489
f 433//433 454//454 2490//2490
f 2491//2491 2486//2486 2489//2489
f 2491//2491 2490//2490 2486//2486
f 454//454 455//455 2490//2490
f 2488//2488 2492//2492 2491//2491
f 2492//2492 2490//2490 2491//2491
f 2492//2492 433//433 2490//2490
f 2488//2488 2491//2491 2489//2489
f 2483//2483 2482//2482 2489//2489
f 2486//2486 2485//2485 2493//2493
f 2490//2490 2487//2487 2486//2486
f 455//455 2487//2487 2490//2490
f 2493//2493 2483//2483 2489//2489
f 2486//2486 2493//2493 2489//2489
f 2454//2454 2481//2481 2461//2461
f 2461//2461 2481//2481 2483//2483
f 2461//2461 2483//2483 2493//2493
f 2461//2461 2458//2458 2462//2462
f 2494//2494 2458//2458 2461//2461
f 2494//2494 2460//2460 2458//2458
f 2460//2460 2494//2494 2467//2467
f 2494//2494 2461//2461 2493//2493
f 2484//2484 2495//2495 2485//2485
f 2494//2494 2471//2471 2467//2467
f 2471//2471 2475//2475 2473//2473
f 2495//2495 2494//2494 2485//2485
f 2471//2471 2495//2495 2484//2484
f 2471//2471 2494//2494 2495//2495
f 2485//2485 2494//2494 2493//2493
f 2450//2450 2496//2496 2497//2497
f 2496//2496 2291//2291 2498//2498
f 2291//2291 2285//2285 2498//2498
f 2285//2285 2284//2284 2498//2498
f 2450//2450 2291//2291 2496//2496
f 2499//2499 2497//2497 2500//2500
f 2499//2499 2501//2501 2502//2502
f 2503//2503 2501//2501 2500//2500
f 2501//2501 2499//2499 2500//2500
f 2492//2492 2488//2488 2504//2504
f 2505//2505 2492//2492 2504//2504
f 433//433 2492//2492 2505//2505
f 419//419 433//433 2505//2505
f 2503//2503 2506//2506 2504//2504
f 2506//2506 419//419 2505//2505
f 2506//2506 2503//2503 2507//2507
f 2508//2508 2506//2506 2507//2507
f 419//419 2506//2506 2508//2508
f 2502//2502 2501//2501 2504//2504
f 2506//2506 2505//2505 2504//2504
f 2501//2501 2503//2503 2504//2504
f 2284//2284 2295//2295 2498//2498
f 2509//2509 2498//2498 2510//2510
f 2511//2511 2507//2507 2510//2510
f 2511//2511 2508//2508 2507//2507
f 2511//2511 418//418 2508//2508
f 418//418 419//419 2508//2508
f 2512//2512 2511//2511 2510//2510
f 418//418 2511//2511 2512//2512
f 414//414 418//418 2512//2512
f 411//411 414//414 2513//2513
f 2295//2295 2513//2513 2512//2512
f 2513//2513 414//414 2512//2512
f 2294//2294 2297//2297 2295//2295
f 2297//2297 2513//2513 2295//2295
f 2297//2297 411//411 2513//2513
f 2295//2295 2512//2512 2510//2510
f 2498//2498 2295//2295 2510//2510
f 2496//2496 2498//2498 2509//2509
f 2496//2496 2509//2509 2500//2500
f 2497//2497 2496//2496 2500//2500
f 2500//2500 2509//2509 2510//2510
f 2507//2507 2500//2500 2510//2510
f 2503//2503 2500//2500 2507//2507
f 2447//2447 2450//2450 2514//2514
f 2450//2450 2497//2497 2515//2515
f 2514//2514 2450//2450 2515//2515
f 2447//2447 2463//2463 2448//2448
f 2463//2463 2447//2447 2516//2516
f 2454//2454 2463//2463 2480//2480
f 2497//2497 2499//2499 2517//2517
f 2516//2516 2499//2499 2518//2518
f 2480//2480 2519//2519 2482//2482
f 2481//2481 2480//2480 2482//2482
f 2519//2519 2502//2502 2504//2504
f 2482//2482 2519//2519 2488//2488
f 2488//2488 2519//2519 2504//2504
f 2519//2519 2480//2480 2502//2502
f 2518//2518 2499//2499 2502//2502
f 2480//2480 2518//2518 2502//2502
f 2447//2447 2514//2514 2516//2516
f 2480//2480 2463//2463 2518//2518
f 2463//2463 2516//2516 2518//2518
f 2517//2517 2514//2514 2515//2515
f 2499//2499 2516//2516 2517//2517
f 2497//2497 2517//2517 2515//2515
f 2516//2516 2514//2514 2517//2517
f 5//5 947//947 2//2
f 947//947 949//949 2//2
f 949//949 2520//2520 2//2
f 2//2 2520//2520 3//3
f 949//949 950//950 2520//2520
f 2520//2520 2521//2521 3//3
f 2521//2521 6//6 3//3
f 2522//2522 12//12 13//13
f 12//12 2522//2522 23//23
f 2520//2520 2523//2523 2524//2524
f 2523//2523 2522//2522 2524//2524
f 950//950 2525//2525 2520//2520
f 2520//2520 2525//2525 2523//2523
f 2525//2525 2526//2526 2523//2523
f 2521//2521 2520//2520 2524//2524
f 2522//2522 13//13 2524//2524
f 6//6 2521//2521 2524//2524
f 13//13 6//6 2524//2524
f 23//23 27//27 24//24
f 2527//2527 29//29 27//27
f 2528//2528 27//27 23//23
f 2529//2529 2526//2526 2530//2530
f 950//950 959//959 2525//2525
f 2525//2525 959//959 2531//2531
f 2525//2525 2531//2531 2532//2532
f 2526//2526 2525//2525 2532//2532
f 2526//2526 2532//2532 2530//2530
f 2533//2533 2534//2534 2535//2535
f 2533//2533 2535//2535 2536//2536
f 2532//2532 2531//2531 2537//2537
f 2532//2532 2537//2537 2530//2530
f 2537//2537 2538//2538 2530//2530
f 2538//2538 2539//2539 2536//2536
f 2529//2529 2530//2530 2536//2536
f 2535//2535 2529//2529 2536//2536
f 2539//2539 2533//2533 2536//2536
f 2530//2530 2538//2538 2536//2536
f 2526//2526 2522//2522 2523//2523
f 2529//2529 2522//2522 2526//2526
f 2528//2528 23//23 2534//2534
f 2540//2540 2528//2528 2534//2534
f 23//23 2522//2522 2535//2535
f 2522//2522 2529//2529 2535//2535
f 2534//2534 23//23 2535//2535
f 2541//2541 80//80 75//75
f 80//80 2541//2541 2542//2542
f 2543//2543 2544//2544 2545//2545
f 2545//2545 2544//2544 2546//2546
f 2547//2547 72//72 2545//2545
f 2548//2548 72//72 2547//2547
f 2544//2544 2549//2549 2546//2546
f 2547//2547 2545//2545 2546//2546
f 29//29 2543//2543 2545//2545
f 72//72 29//29 2545//2545
f 72//72 2541//2541 75//75
f 72//72 2548//2548 2541//2541
f 2541//2541 2548//2548 2542//2542
f 959//959 970//970 2531//2531
f 970//970 2550//2550 2531//2531
f 2550//2550 2551//2551 2538//2538
f 970//970 2552//2552 2550//2550
f 2550//2550 2552//2552 2551//2551
f 2553//2553 2554//2554 2555//2555
f 970//970 972//972 2552//2552
f 2552//2552 972//972 2556//2556
f 2552//2552 2556//2556 2557//2557
f 2558//2558 2559//2559 2560//2560
f 2561//2561 2558//2558 2560//2560
f 2562//2562 2555//2555 2561//2561
f 972//972 971//971 2556//2556
f 971//971 2563//2563 2556//2556
f 2556//2556 2563//2563 2564//2564
f 2559//2559 2564//2564 2560//2560
f 2556//2556 2564//2564 2557//2557
f 2557//2557 2564//2564 2559//2559
f 2558//2558 2557//2557 2559//2559
f 2551//2551 2552//2552 2557//2557
f 2558//2558 2551//2551 2557//2557
f 2561//2561 2554//2554 2558//2558
f 2555//2555 2554//2554 2561//2561
f 2565//2565 2551//2551 2558//2558
f 2554//2554 2565//2565 2558//2558
f 2566//2566 2567//2567 2568//2568
f 2567//2567 2569//2569 2568//2568
f 2567//2567 2570//2570 2569//2569
f 2571//2571 2572//2572 2567//2567
f 2563//2563 971//971 2573//2573
f 971//971 975//975 2573//2573
f 2563//2563 2573//2573 2574//2574
f 2574//2574 2573//2573 2575//2575
f 2576//2576 2574//2574 2575//2575
f 2577//2577 2555//2555 2562//2562
f 2571//2571 2555//2555 2577//2577
f 975//975 977//977 2573//2573
f 2573//2573 977//977 2578//2578
f 2575//2575 2573//2573 2579//2579
f 2573//2573 2578//2578 2579//2579
f 2575//2575 2579//2579 2580//2580
f 2576//2576 2575//2575 2580//2580
f 977//977 724//724 2578//2578
f 2581//2581 2576//2576 2580//2580
f 2577//2577 2562//2562 2576//2576
f 2581//2581 2577//2577 2576//2576
f 2564//2564 2563//2563 2574//2574
f 2574//2574 2576//2576 2560//2560
f 2564//2564 2574//2574 2560//2560
f 2576//2576 2562//2562 2560//2560
f 2562//2562 2561//2561 2560//2560
f 2566//2566 2571//2571 2567//2567
f 2571//2571 2566//2566 2555//2555
f 2531//2531 2550//2550 2537//2537
f 2537//2537 2550//2550 2538//2538
f 2539//2539 2551//2551 2565//2565
f 2554//2554 2539//2539 2565//2565
f 2551//2551 2539//2539 2538//2538
f 2533//2533 2582//2582 2534//2534
f 2582//2582 2540//2540 2534//2534
f 2582//2582 2553//2553 2555//2555
f 2553//2553 2582//2582 2533//2533
f 2566//2566 2582//2582 2555//2555
f 2554//2554 2553//2553 2539//2539
f 2553//2553 2533//2533 2539//2539
f 2540//2540 27//27 2528//2528
f 2540//2540 2527//2527 27//27
f 29//29 2527//2527 2543//2543
f 2569//2569 2583//2583 2568//2568
f 2544//2544 2543//2543 2584//2584
f 2549//2549 2544//2544 2570//2570
f 2570//2570 2544//2544 2569//2569
f 2544//2544 2584//2584 2569//2569
f 2582//2582 2566//2566 2583//2583
f 2527//2527 2582//2582 2583//2583
f 2527//2527 2540//2540 2582//2582
f 2584//2584 2583//2583 2569//2569
f 2583//2583 2566//2566 2568//2568
f 2584//2584 2527//2527 2583//2583
f 2543//2543 2527//2527 2584//2584
f 2585//2585 81//81 2445//2445
f 2586//2586 2587//2587 2588//2588
f 2587//2587 2586//2586 2589//2589
f 2590//2590 2585//2585 2445//2445
f 2590//2590 2586//2586 2588//2588
f 2453//2453 2590//2590 2445//2445
f 2590//2590 2453//2453 2586//2586
f 2591//2591 2592//2592 2593//2593
f 2592//2592 2594//2594 2593//2593
f 2594//2594 2592//2592 2595//2595
f 2596//2596 2594//2594 2595//2595
f 2597//2597 2596//2596 2595//2595
f 2453//2453 2447//2447 2449//2449
f 2598//2598 2449//2449 2599//2599
f 2449//2449 2446//2446 2599//2599
f 2453//2453 2592//2592 2591//2591
f 2592//2592 2597//2597 2595//2595
f 2597//2597 2449//2449 2598//2598
f 2586//2586 2453//2453 2589//2589
f 2453//2453 2591//2591 2589//2589
f 2597//2597 2592//2592 2449//2449
f 2592//2592 2453//2453 2449//2449
f 2600//2600 2596//2596 2601//2601
f 2594//2594 2596//2596 2600//2600
f 2602//2602 2600//2600 2603//2603
f 2600//2600 2604//2604 2603//2603
f 2600//2600 2605//2605 2604//2604
f 2606//2606 2607//2607 2608//2608
f 2609//2609 2606//2606 2608//2608
f 2605//2605 2600//2600 2601//2601
f 2604//2604 2605//2605 2601//2601
f 2609//2609 2604//2604 2601//2601
f 2610//2610 2611//2611 2609//2609
f 2612//2612 2613//2613 2614//2614
f 2615//2615 2616//2616 2617//2617
f 2615//2615 222//222 2616//2616
f 2615//2615 329//329 222//222
f 2611//2611 2616//2616 2612//2612
f 2616//2616 2613//2613 2612//2612
f 2616//2616 222//222 2613//2613
f 2616//2616 2611//2611 2610//2610
f 2615//2615 2617//2617 2618//2618
f 339//339 2615//2615 2618//2618
f 329//329 2615//2615 339//339
f 2617//2617 2616//2616 2610//2610
f 2617//2617 2610//2610 2619//2619
f 2618//2618 2617//2617 2619//2619
f 2612//2612 2614//2614 2603//2603
f 2611//2611 2612//2612 2603//2603
f 2620//2620 2621//2621 2619//2619
f 2621//2621 339//339 2618//2618
f 2622//2622 339//339 2621//2621
f 2622//2622 340//340 339//339
f 349//349 340//340 2622//2622
f 2622//2622 2621//2621 2623//2623
f 349//349 2622//2622 2623//2623
f 2624//2624 2623//2623 2625//2625
f 2624//2624 2626//2626 2623//2623
f 2626//2626 349//349 2623//2623
f 2621//2621 2620//2620 2625//2625
f 2623//2623 2621//2621 2625//2625
f 2604//2604 2611//2611 2603//2603
f 2611//2611 2604//2604 2609//2609
f 2621//2621 2618//2618 2619//2619
f 2620//2620 2610//2610 2608//2608
f 2610//2610 2620//2620 2619//2619
f 2607//2607 2620//2620 2608//2608
f 2610//2610 2609//2609 2608//2608
f 2459//2459 2455//2455 2457//2457
f 2624//2624 2627//2627 2628//2628
f 361//361 349//349 2626//2626
f 2624//2624 2629//2629 2630//2630
f 2631//2631 2626//2626 2632//2632
f 361//361 2626//2626 2631//2631
f 2624//2624 2630//2630 2633//2633
f 2626//2626 2624//2624 2633//2633
f 2632//2632 2626//2626 2633//2633
f 2629//2629 2624//2624 2628//2628
f 2460//2460 2465//2465 2634//2634
f 2630//2630 2465//2465 2464//2464
f 2465//2465 2630//2630 2634//2634
f 2631//2631 2632//2632 2635//2635
f 2636//2636 2631//2631 2635//2635
f 361//361 2631//2631 2636//2636
f 371//371 361//361 2636//2636
f 380//380 371//371 2636//2636
f 2637//2637 2636//2636 2638//2638
f 2637//2637 380//380 2636//2636
f 2637//2637 2469//2469 2468//2468
f 381//381 2637//2637 2468//2468
f 380//380 2637//2637 381//381
f 2637//2637 2638//2638 2469//2469
f 2469//2469 2638//2638 2635//2635
f 2638//2638 2636//2636 2635//2635
f 2630//2630 2464//2464 2469//2469
f 2630//2630 2469//2469 2635//2635
f 2639//2639 2629//2629 2628//2628
f 2455//2455 2629//2629 2639//2639
f 2632//2632 2633//2633 2635//2635
f 2633//2633 2630//2630 2635//2635
f 2459//2459 2460//2460 2634//2634
f 2630//2630 2629//2629 2634//2634
f 2629//2629 2455//2455 2459//2459
f 2629//2629 2459//2459 2634//2634
f 2606//2606 2609//2609 2601//2601
f 2597//2597 2606//2606 2596//2596
f 2596//2596 2606//2606 2601//2601
f 2620//2620 2607//2607 2640//2640
f 2620//2620 2640//2640 2641//2641
f 2620//2620 2641//2641 2625//2625
f 2627//2627 2624//2624 2625//2625
f 2627//2627 2639//2639 2628//2628
f 2639//2639 2627//2627 2641//2641
f 2641//2641 2627//2627 2625//2625
f 2446//2446 2598//2598 2599//2599
f 2448//2448 2455//2455 2639//2639
f 2446//2446 2642//2642 2598//2598
f 2598//2598 2642//2642 2643//2643
f 2642//2642 2446//2446 2448//2448
f 2642//2642 2448//2448 2639//2639
f 2606//2606 2597//2597 2598//2598
f 2606//2606 2598//2598 2643//2643
f 2607//2607 2606//2606 2643//2643
f 2640//2640 2607//2607 2643//2643
f 2643//2643 2642//2642 2644//2644
f 2639//2639 2641//2641 2644//2644
f 2642//2642 2639//2639 2644//2644
f 2640//2640 2643//2643 2644//2644
f 2641//2641 2640//2640 2644//2644
f 724//724 726//726 2578//2578
f 726//726 2645//2645 2578//2578
f 2578//2578 2645//2645 2579//2579
f 726//726 728//728 2645//2645
f 728//728 2646//2646 2645//2645
f 728//728 731//731 2646//2646
f 2645//2645 2647//2647 2580//2580
f 2645//2645 2646//2646 2647//2647
f 2647//2647 2581//2581 2580//2580
f 2579//2579 2645//2645 2580//2580
f 731//731 2648//2648 2646//2646
f 731//731 739//739 2648//2648
f 2648//2648 739//739 2649//2649
f 2646//2646 2648//2648 2647//2647
f 2648//2648 2649//2649 2647//2647
f 2647//2647 2577//2577 2581//2581
f 739//739 740//740 2649//2649
f 740//740 2650//2650 2649//2649
f 2650//2650 2651//2651 2649//2649
f 2651//2651 2577//2577 2647//2647
f 2649//2649 2651//2651 2647//2647
f 2571//2571 2652//2652 2572//2572
f 2570//2570 2567//2567 2653//2653
f 2654//2654 2570//2570 2653//2653
f 2654//2654 2549//2549 2570//2570
f 2572//2572 2655//2655 2653//2653
f 2567//2567 2572//2572 2653//2653
f 740//740 742//742 2650//2650
f 2650//2650 2656//2656 2651//2651
f 2657//2657 2652//2652 2651//2651
f 742//742 757//757 2650//2650
f 2650//2650 757//757 2658//2658
f 2650//2650 2658//2658 2656//2656
f 2656//2656 2657//2657 2651//2651
f 2572//2572 2652//2652 2655//2655
f 757//757 2659//2659 2658//2658
f 757//757 764//764 2659//2659
f 2658//2658 2659//2659 2657//2657
f 2658//2658 2657//2657 2656//2656
f 2652//2652 2657//2657 2660//2660
f 2652//2652 2660//2660 2655//2655
f 2655//2655 2661//2661 2653//2653
f 2652//2652 2571//2571 2577//2577
f 2652//2652 2577//2577 2651//2651
f 2549//2549 2662//2662 2546//2546
f 2663//2663 2547//2547 2662//2662
f 2662//2662 2547//2547 2546//2546
f 2548//2548 2547//2547 2663//2663
f 2275//2275 80//80 2542//2542
f 2542//2542 2663//2663 2280//2280
f 2278//2278 2542//2542 2280//2280
f 2320//2320 2663//2663 2321//2321
f 2280//2280 2320//2320 2357//2357
f 2663//2663 2320//2320 2280//2280
f 2278//2278 2275//2275 2542//2542
f 2542//2542 2548//2548 2663//2663
f 2659//2659 764//764 2664//2664
f 764//764 796//796 2664//2664
f 2659//2659 2664//2664 2657//2657
f 2664//2664 2665//2665 2657//2657
f 2660//2660 2665//2665 2666//2666
f 2667//2667 2660//2660 2666//2666
f 796//796 2668//2668 2664//2664
f 796//796 798//798 2668//2668
f 2664//2664 2668//2668 2665//2665
f 2669//2669 2670//2670 2667//2667
f 2665//2665 2668//2668 2671//2671
f 2665//2665 2671//2671 2666//2666
f 2666//2666 2671//2671 2672//2672
f 2669//2669 2667//2667 2672//2672
f 2668//2668 798//798 2673//2673
f 798//798 800//800 2673//2673
f 800//800 810//810 2673//2673
f 2668//2668 2673//2673 2672//2672
f 2671//2671 2668//2668 2672//2672
f 2667//2667 2666//2666 2672//2672
f 2346//2346 2674//2674 2670//2670
f 2674//2674 2328//2328 2330//2330
f 2321//2321 2674//2674 2330//2330
f 2675//2675 810//810 2676//2676
f 2669//2669 2675//2675 2676//2676
f 2674//2674 2346//2346 2328//2328
f 2346//2346 2669//2669 2347//2347
f 810//810 809//809 2677//2677
f 810//810 2677//2677 2676//2676
f 2347//2347 2676//2676 2352//2352
f 809//809 815//815 2677//2677
f 2677//2677 815//815 2354//2354
f 815//815 516//516 2354//2354
f 2676//2676 2677//2677 2354//2354
f 2676//2676 2354//2354 2352//2352
f 2347//2347 2669//2669 2676//2676
f 2346//2346 2670//2670 2669//2669
f 2673//2673 810//810 2672//2672
f 810//810 2675//2675 2672//2672
f 2675//2675 2669//2669 2672//2672
f 2678//2678 2549//2549 2654//2654
f 2661//2661 2654//2654 2653//2653
f 2549//2549 2678//2678 2662//2662
f 2678//2678 2674//2674 2663//2663
f 2663//2663 2674//2674 2321//2321
f 2670//2670 2678//2678 2667//2667
f 2678//2678 2661//2661 2667//2667
f 2657//2657 2665//2665 2660//2660
f 2655//2655 2660//2660 2667//2667
f 2661//2661 2655//2655 2667//2667
f 2678//2678 2654//2654 2661//2661
f 2678//2678 2663//2663 2662//2662
f 2674//2674 2678//2678 2670//2670
f 2439//2439 81//81 2585//2585
f 2585//2585 2590//2590 2588//2588
f 2439//2439 2585//2585 2588//2588
f 2437//2437 2436//2436 2441//2441
f 2679//2679 2437//2437 2441//2441
f 2680//2680 2679//2679 2681//2681
f 2679//2679 2682//2682 2681//2681
f 2440//2440 2679//2679 2441//2441
f 2682//2682 2679//2679 2440//2440
f 2682//2682 2591//2591 2681//2681
f 2593//2593 2683//2683 2681//2681
f 2591//2591 2593//2593 2681//2681
f 2439//2439 2682//2682 2440//2440
f 2587//2587 2439//2439 2588//2588
f 2591//2591 2587//2587 2589//2589
f 2587//2587 2591//2591 2682//2682
f 2439//2439 2587//2587 2682//2682
f 2435//2435 2437//2437 2684//2684
f 2431//2431 2435//2435 2685//2685
f 2431//2431 2685//2685 2430//2430
f 2430//2430 2686//2686 2687//2687
f 2685//2685 2686//2686 2430//2430
f 2688//2688 2426//2426 2429//2429
f 2688//2688 2429//2429 2687//2687
f 2426//2426 2688//2688 2424//2424
f 2688//2688 2425//2425 2424//2424
f 87//87 89//89 2425//2425
f 93//93 87//87 2689//2689
f 87//87 2688//2688 2687//2687
f 2689//2689 87//87 2687//2687
f 2688//2688 87//87 2425//2425
f 2690//2690 2689//2689 2687//2687
f 2691//2691 93//93 2689//2689
f 103//103 93//93 2691//2691
f 2686//2686 2690//2690 2687//2687
f 2690//2690 2692//2692 2689//2689
f 2692//2692 2691//2691 2689//2689
f 2429//2429 2430//2430 2687//2687
f 2693//2693 2694//2694 2695//2695
f 2694//2694 2696//2696 2695//2695
f 2690//2690 2697//2697 2695//2695
f 2698//2698 2691//2691 2692//2692
f 103//103 2691//2691 2698//2698
f 2699//2699 2698//2698 2700//2700
f 2699//2699 123//123 2698//2698
f 2698//2698 2692//2692 2700//2700
f 123//123 103//103 2698//2698
f 2700//2700 2690//2690 2695//2695
f 2692//2692 2690//2690 2700//2700
f 2694//2694 2701//2701 2696//2696
f 2696//2696 2700//2700 2695//2695
f 2696//2696 2702//2702 2700//2700
f 2702//2702 2703//2703 2700//2700
f 2703//2703 2699//2699 2700//2700
f 2703//2703 123//123 2699//2699
f 128//128 123//123 2703//2703
f 131//131 128//128 2703//2703
f 2701//2701 2702//2702 2696//2696
f 2704//2704 2702//2702 2701//2701
f 2704//2704 2703//2703 2702//2702
f 2435//2435 2686//2686 2685//2685
f 2435//2435 2697//2697 2686//2686
f 2435//2435 2684//2684 2697//2697
f 2697//2697 2690//2690 2686//2686
f 2684//2684 2437//2437 2693//2693
f 2684//2684 2693//2693 2695//2695
f 2697//2697 2684//2684 2695//2695
f 2705//2705 2594//2594 2600//2600
f 2706//2706 2707//2707 2708//2708
f 2709//2709 2710//2710 2711//2711
f 2712//2712 2704//2704 2711//2711
f 2712//2712 2703//2703 2704//2704
f 131//131 2703//2703 2712//2712
f 145//145 131//131 2712//2712
f 2713//2713 2714//2714 2710//2710
f 150//150 2714//2714 2713//2713
f 2714//2714 2712//2712 2710//2710
f 150//150 145//145 2714//2714
f 2710//2710 2712//2712 2711//2711
f 2714//2714 145//145 2712//2712
f 2715//2715 2708//2708 2716//2716
f 2713//2713 2715//2715 2717//2717
f 157//157 150//150 2713//2713
f 2718//2718 157//157 2717//2717
f 157//157 2713//2713 2717//2717
f 2715//2715 2716//2716 2717//2717
f 2710//2710 2709//2709 2706//2706
f 2713//2713 2710//2710 2715//2715
f 2710//2710 2706//2706 2715//2715
f 2715//2715 2706//2706 2708//2708
f 190//190 157//157 2719//2719
f 197//197 190//190 2719//2719
f 2720//2720 2718//2718 2721//2721
f 2720//2720 2719//2719 2718//2718
f 214//214 197//197 2722//2722
f 2723//2723 2722//2722 2720//2720
f 2722//2722 2719//2719 2720//2720
f 2722//2722 197//197 2719//2719
f 222//222 2722//2722 2613//2613
f 214//214 2722//2722 222//222
f 2723//2723 2602//2602 2614//2614
f 2613//2613 2723//2723 2614//2614
f 2722//2722 2723//2723 2613//2613
f 2602//2602 2723//2723 2721//2721
f 2723//2723 2720//2720 2721//2721
f 2614//2614 2602//2602 2603//2603
f 2724//2724 2602//2602 2721//2721
f 2708//2708 2707//2707 2716//2716
f 2705//2705 2725//2725 2707//2707
f 2719//2719 157//157 2718//2718
f 2724//2724 2718//2718 2716//2716
f 2718//2718 2724//2724 2721//2721
f 2716//2716 2718//2718 2717//2717
f 2705//2705 2600//2600 2602//2602
f 2725//2725 2705//2705 2602//2602
f 2707//2707 2724//2724 2716//2716
f 2707//2707 2725//2725 2724//2724
f 2724//2724 2725//2725 2602//2602
f 2437//2437 2679//2679 2726//2726
f 2693//2693 2437//2437 2726//2726
f 2680//2680 2694//2694 2726//2726
f 2694//2694 2693//2693 2726//2726
f 2679//2679 2680//2680 2726//2726
f 2694//2694 2709//2709 2727//2727
f 2704//2704 2701//2701 2727//2727
f 2727//2727 2709//2709 2711//2711
f 2704//2704 2727//2727 2711//2711
f 2701//2701 2694//2694 2727//2727
f 2683//2683 2593//2593 2707//2707
f 2593//2593 2705//2705 2707//2707
f 2594//2594 2705//2705 2593//2593
f 2680//2680 2681//2681 2706//2706
f 2681//2681 2683//2683 2706//2706
f 2709//2709 2694//2694 2680//2680
f 2683//2683 2707//2707 2706//2706
f 2709//2709 2680//2680 2706//2706
f 2728//2728 2246//2246 2249//2249
f 2248//2248 2728//2728 2249//2249
f 2248//2248 2253//2253 2728//2728
f 2246//2246 2729//2729 2247//2247
f 2728//2728 2729//2729 2246//2246
f 2730//2730 2731//2731 2732//2732
f 2733//2733 2731//2731 2730//2730
f 2733//2733 2730//2730 2734//2734
f 2730//2730 2735//2735 2736//2736
f 2735//2735 2730//2730 2732//2732
f 2737//2737 2735//2735 2738//2738
f 2253//2253 2255//2255 2737//2737
f 2253//2253 2737//2737 2738//2738
f 2253//2253 2248//2248 2251//2251
f 2253//2253 2731//2731 2728//2728
f 2731//2731 2253//2253 2732//2732
f 2735//2735 2732//2732 2738//2738
f 2732//2732 2253//2253 2738//2738
f 2733//2733 2734//2734 2739//2739
f 2740//2740 2741//2741 2734//2734
f 2734//2734 2741//2741 2739//2739
f 2740//2740 2742//2742 2743//2743
f 2734//2734 2744//2744 2745//2745
f 2746//2746 2740//2740 2745//2745
f 2740//2740 2734//2734 2745//2745
f 2747//2747 2742//2742 2748//2748
f 2749//2749 2750//2750 2748//2748
f 2751//2751 2750//2750 2752//2752
f 2155//2155 2752//2752 2204//2204
f 2749//2749 2200//2200 2204//2204
f 2750//2750 2749//2749 2204//2204
f 2752//2752 2750//2750 2204//2204
f 2746//2746 2199//2199 2200//2200
f 2196//2196 2199//2199 2753//2753
f 2753//2753 2199//2199 2745//2745
f 2199//2199 2746//2746 2745//2745
f 2742//2742 2747//2747 2743//2743
f 2742//2742 2749//2749 2748//2748
f 2749//2749 2746//2746 2200//2200
f 2740//2740 2746//2746 2742//2742
f 2742//2742 2746//2746 2749//2749
f 2255//2255 2252//2252 2265//2265
f 2754//2754 2755//2755 2756//2756
f 2754//2754 2265//2265 2267//2267
f 2255//2255 2265//2265 2756//2756
f 2265//2265 2754//2754 2756//2756
f 2757//2757 2758//2758 2759//2759
f 2757//2757 2760//2760 2761//2761
f 2760//2760 2759//2759 2762//2762
f 2760//2760 2757//2757 2759//2759
f 2763//2763 2760//2760 2762//2762
f 2764//2764 2201//2201 2195//2195
f 2764//2764 2763//2763 2193//2193
f 2201//2201 2764//2764 2193//2193
f 2764//2764 2760//2760 2763//2763
f 2764//2764 2195//2195 2197//2197
f 2761//2761 2760//2760 2197//2197
f 2760//2760 2764//2764 2197//2197
f 2765//2765 2755//2755 2267//2267
f 2759//2759 2765//2765 2762//2762
f 2763//2763 2766//2766 2193//2193
f 2766//2766 2194//2194 2193//2193
f 2765//2765 2191//2191 2766//2766
f 2766//2766 2191//2191 2194//2194
f 2765//2765 2766//2766 2762//2762
f 2191//2191 2765//2765 2190//2190
f 1685//1685 2190//2190 2268//2268
f 2190//2190 2765//2765 2268//2268
f 2765//2765 2267//2267 2268//2268
f 2755//2755 2754//2754 2267//2267
f 2755//2755 2765//2765 2759//2759
f 2755//2755 2758//2758 2756//2756
f 2758//2758 2755//2755 2759//2759
f 2766//2766 2763//2763 2762//2762
f 2737//2737 2255//2255 2756//2756
f 2758//2758 2737//2737 2756//2756
f 2758//2758 2735//2735 2737//2737
f 2735//2735 2767//2767 2736//2736
f 2734//2734 2730//2730 2736//2736
f 2744//2744 2767//2767 2768//2768
f 2744//2744 2734//2734 2767//2767
f 2767//2767 2734//2734 2736//2736
f 2758//2758 2757//2757 2768//2768
f 2768//2768 2757//2757 2769//2769
f 2757//2757 2761//2761 2769//2769
f 2770//2770 2753//2753 2745//2745
f 2196//2196 2753//2753 2197//2197
f 2770//2770 2761//2761 2197//2197
f 2753//2753 2770//2770 2197//2197
f 2761//2761 2770//2770 2769//2769
f 2767//2767 2735//2735 2768//2768
f 2744//2744 2770//2770 2745//2745
f 2770//2770 2744//2744 2769//2769
f 2744//2744 2768//2768 2769//2769
f 2735//2735 2758//2758 2768//2768
f 1897//1897 2771//2771 1904//1904
f 1899//1899 2772//2772 2773//2773
f 2771//2771 1899//1899 1904//1904
f 2772//2772 1899//1899 2771//2771
f 2774//2774 2775//2775 2771//2771
f 2772//2772 2775//2775 2776//2776
f 2775//2775 2772//2772 2771//2771
f 1899//1899 2773//2773 1900//1900
f 2773//2773 2777//2777 1900//1900
f 1902//1902 1898//1898 1900//1900
f 2778//2778 2779//2779 1900//1900
f 2779//2779 2780//2780 1900//1900
f 2780//2780 1902//1902 1900//1900
f 2781//2781 2777//2777 2782//2782
f 2783//2783 2781//2781 2782//2782
f 2784//2784 2779//2779 2781//2781
f 2785//2785 2781//2781 2783//2783
f 2777//2777 2778//2778 1900//1900
f 2779//2779 2778//2778 2777//2777
f 2781//2781 2779//2779 2777//2777
f 2783//2783 2776//2776 2786//2786
f 2787//2787 2783//2783 2786//2786
f 2788//2788 2785//2785 2787//2787
f 2789//2789 2788//2788 2790//2790
f 2785//2785 2788//2788 2789//2789
f 2788//2788 2787//2787 2786//2786
f 2777//2777 2773//2773 2782//2782
f 2787//2787 2785//2785 2783//2783
f 2772//2772 2776//2776 2773//2773
f 2773//2773 2776//2776 2782//2782
f 2776//2776 2783//2783 2782//2782
f 1910//1910 2780//2780 2791//2791
f 1903//1903 1910//1910 1913//1913
f 1913//1913 1910//1910 2792//2792
f 1902//1902 2780//2780 1910//1910
f 2792//2792 2791//2791 1914//1914
f 1913//1913 2792//2792 1914//1914
f 1914//1914 2793//2793 1915//1915
f 1914//1914 2791//2791 2793//2793
f 2793//2793 1916//1916 1915//1915
f 2784//2784 2794//2794 2795//2795
f 2796//2796 2784//2784 2797//2797
f 1910//1910 2791//2791 2792//2792
f 2798//2798 2784//2784 2795//2795
f 2780//2780 2798//2798 2791//2791
f 2791//2791 2798//2798 2795//2795
f 2791//2791 2795//2795 2793//2793
f 1916//1916 2793//2793 1918//1918
f 2795//2795 2799//2799 1949//1949
f 2795//2795 1949//1949 1918//1918
f 2793//2793 2795//2795 1918//1918
f 2794//2794 2799//2799 2795//2795
f 2800//2800 2796//2796 2797//2797
f 2801//2801 2800//2800 2797//2797
f 2802//2802 2796//2796 2800//2800
f 2803//2803 2804//2804 2801//2801
f 2801//2801 2804//2804 2800//2800
f 2805//2805 2784//2784 2796//2796
f 2805//2805 2796//2796 2802//2802
f 2784//2784 2805//2805 2794//2794
f 2806//2806 2789//2789 2807//2807
f 2789//2789 2808//2808 2807//2807
f 2803//2803 2809//2809 2807//2807
f 2803//2803 2807//2807 2810//2810
f 2807//2807 2811//2811 2810//2810
f 2812//2812 2808//2808 2813//2813
f 2814//2814 2812//2812 2813//2813
f 2811//2811 2808//2808 2812//2812
f 2808//2808 2811//2811 2807//2807
f 2779//2779 2798//2798 2780//2780
f 2784//2784 2815//2815 2797//2797
f 2815//2815 2785//2785 2816//2816
f 2785//2785 2784//2784 2781//2781
f 2785//2785 2815//2815 2784//2784
f 2798//2798 2779//2779 2784//2784
f 2809//2809 2803//2803 2801//2801
f 2785//2785 2789//2789 2806//2806
f 2817//2817 2785//2785 2806//2806
f 2785//2785 2817//2817 2816//2816
f 2815//2815 2816//2816 2797//2797
f 2816//2816 2801//2801 2797//2797
f 2809//2809 2801//2801 2816//2816
f 2817//2817 2806//2806 2807//2807
f 2809//2809 2817//2817 2807//2807
f 2817//2817 2809//2809 2816//2816
f 2818//2818 2245//2245 2819//2819
f 2731//2731 2729//2729 2728//2728
f 2819//2819 2245//2245 2247//2247
f 2729//2729 2819//2819 2247//2247
f 2818//2818 2819//2819 2820//2820
f 2821//2821 2818//2818 2820//2820
f 2729//2729 2822//2822 2820//2820
f 2819//2819 2729//2729 2820//2820
f 2731//2731 2822//2822 2729//2729
f 2823//2823 2821//2821 2824//2824
f 2821//2821 2825//2825 2824//2824
f 2079//2079 2826//2826 2131//2131
f 2132//2132 2826//2826 2134//2134
f 2131//2131 2826//2826 2132//2132
f 2826//2826 2824//2824 2134//2134
f 2827//2827 2828//2828 2829//2829
f 2830//2830 2831//2831 2829//2829
f 2831//2831 2824//2824 2829//2829
f 2831//2831 2133//2133 2134//2134
f 2133//2133 2831//2831 2136//2136
f 2824//2824 2831//2831 2134//2134
f 2828//2828 2832//2832 2833//2833
f 2830//2830 2828//2828 2833//2833
f 2137//2137 2136//2136 2833//2833
f 2832//2832 2146//2146 2833//2833
f 2146//2146 2137//2137 2833//2833
f 2828//2828 2830//2830 2829//2829
f 2831//2831 2830//2830 2136//2136
f 2136//2136 2830//2830 2833//2833
f 2826//2826 2823//2823 2824//2824
f 2824//2824 2825//2825 2829//2829
f 2825//2825 2827//2827 2829//2829
f 2834//2834 2835//2835 2836//2836
f 2747//2747 2740//2740 2743//2743
f 2740//2740 2747//2747 2835//2835
f 2747//2747 2837//2837 2835//2835
f 2740//2740 2838//2838 2741//2741
f 2741//2741 2838//2838 2834//2834
f 2834//2834 2838//2838 2835//2835
f 2838//2838 2740//2740 2835//2835
f 2839//2839 2840//2840 2841//2841
f 2842//2842 2839//2839 2841//2841
f 2841//2841 2840//2840 2843//2843
f 2844//2844 2842//2842 2841//2841
f 2142//2142 2845//2845 2143//2143
f 2142//2142 2146//2146 2845//2845
f 2844//2844 2841//2841 2845//2845
f 2845//2845 2841//2841 2843//2843
f 2143//2143 2845//2845 2843//2843
f 2846//2846 2147//2147 2144//2144
f 2846//2846 2144//2144 2843//2843
f 2144//2144 2143//2143 2843//2843
f 2847//2847 2747//2747 2748//2748
f 2750//2750 2847//2847 2748//2748
f 2847//2847 2750//2750 2848//2848
f 2847//2847 2837//2837 2747//2747
f 2149//2149 2849//2849 2848//2848
f 2849//2849 2149//2149 2147//2147
f 2751//2751 2752//2752 2850//2850
f 2151//2151 2850//2850 2154//2154
f 2752//2752 2155//2155 2154//2154
f 2751//2751 2850//2850 2851//2851
f 2850//2850 2752//2752 2154//2154
f 2849//2849 2847//2847 2848//2848
f 2151//2151 2149//2149 2851//2851
f 2850//2850 2151//2151 2851//2851
f 2848//2848 2750//2750 2751//2751
f 2848//2848 2751//2751 2851//2851
f 2149//2149 2848//2848 2851//2851
f 2839//2839 2834//2834 2840//2840
f 2852//2852 2840//2840 2836//2836
f 2840//2840 2852//2852 2843//2843
f 2840//2840 2834//2834 2836//2836
f 2852//2852 2846//2846 2843//2843
f 2852//2852 2849//2849 2846//2846
f 2849//2849 2147//2147 2846//2846
f 2835//2835 2837//2837 2836//2836
f 2847//2847 2849//2849 2837//2837
f 2837//2837 2849//2849 2852//2852
f 2837//2837 2852//2852 2836//2836
f 2822//2822 2821//2821 2820//2820
f 2822//2822 2825//2825 2821//2821
f 2822//2822 2853//2853 2827//2827
f 2827//2827 2853//2853 2854//2854
f 2825//2825 2822//2822 2827//2827
f 2855//2855 2856//2856 2854//2854
f 2856//2856 2828//2828 2854//2854
f 2828//2828 2856//2856 2832//2832
f 2844//2844 2845//2845 2832//2832
f 2845//2845 2146//2146 2832//2832
f 2842//2842 2844//2844 2832//2832
f 2857//2857 2839//2839 2842//2842
f 2834//2834 2839//2839 2857//2857
f 2856//2856 2855//2855 2857//2857
f 2856//2856 2857//2857 2858//2858
f 2856//2856 2858//2858 2832//2832
f 2857//2857 2842//2842 2858//2858
f 2858//2858 2842//2842 2832//2832
f 2822//2822 2733//2733 2853//2853
f 2822//2822 2731//2731 2733//2733
f 2741//2741 2733//2733 2739//2739
f 2853//2853 2733//2733 2855//2855
f 2855//2855 2741//2741 2834//2834
f 2733//2733 2741//2741 2855//2855
f 2828//2828 2827//2827 2854//2854
f 2853//2853 2855//2855 2854//2854
f 2855//2855 2834//2834 2857//2857
f 1847//1847 1897//1897 1848//1848
f 1897//1897 2774//2774 2771//2771
f 1847//1847 2774//2774 1897//1897
f 1846//1846 2859//2859 1847//1847
f 2776//2776 2860//2860 2786//2786
f 2790//2790 2788//2788 2786//2786
f 2861//2861 2790//2790 2786//2786
f 2860//2860 2861//2861 2786//2786
f 1856//1856 1853//1853 2862//2862
f 2863//2863 2864//2864 1856//1856
f 2862//2862 1853//1853 1850//1850
f 2862//2862 1850//1850 1852//1852
f 2865//2865 2862//2862 1852//1852
f 2865//2865 2863//2863 1856//1856
f 2865//2865 1856//1856 2862//2862
f 1846//1846 1856//1856 2859//2859
f 1856//1856 2864//2864 2859//2859
f 2866//2866 2774//2774 1847//1847
f 2775//2775 2860//2860 2776//2776
f 2860//2860 2775//2775 2774//2774
f 2860//2860 2774//2774 2866//2866
f 2863//2863 2860//2860 2864//2864
f 2859//2859 2866//2866 1847//1847
f 2864//2864 2860//2860 2866//2866
f 2864//2864 2866//2866 2859//2859
f 2867//2867 2808//2808 2789//2789
f 2867//2867 2789//2789 2861//2861
f 2813//2813 2867//2867 2868//2868
f 2808//2808 2867//2867 2813//2813
f 2869//2869 2867//2867 2861//2861
f 2867//2867 2869//2869 2870//2870
f 2871//2871 2867//2867 2870//2870
f 2814//2814 2872//2872 2873//2873
f 2872//2872 2871//2871 2874//2874
f 2872//2872 2875//2875 2873//2873
f 2876//2876 2872//2872 2874//2874
f 2877//2877 2876//2876 2874//2874
f 2872//2872 2867//2867 2871//2871
f 2814//2814 2813//2813 2868//2868
f 2867//2867 2872//2872 2868//2868
f 2872//2872 2814//2814 2868//2868
f 2878//2878 1852//1852 1858//1858
f 2878//2878 2879//2879 1852//1852
f 2880//2880 2879//2879 2881//2881
f 2880//2880 2881//2881 2882//2882
f 2881//2881 2878//2878 2883//2883
f 2882//2882 2881//2881 2883//2883
f 1869//1869 2883//2883 1857//1857
f 1861//1861 1860//1860 1869//1869
f 1860//1860 2883//2883 1869//1869
f 1857//1857 2883//2883 1858//1858
f 2883//2883 2878//2878 1858//1858
f 2884//2884 2885//2885 2877//2877
f 2884//2884 2886//2886 2885//2885
f 2886//2886 2884//2884 2880//2880
f 2886//2886 2887//2887 2888//2888
f 1864//1864 2883//2883 1862//1862
f 2889//2889 2890//2890 2888//2888
f 2891//2891 2889//2889 2892//2892
f 1864//1864 1863//1863 1866//1866
f 2893//2893 2894//2894 2892//2892
f 1866//1866 1865//1865 2895//2895
f 2895//2895 1865//1865 1759//1759
f 2895//2895 1759//1759 1757//1757
f 2893//2893 2895//2895 1757//1757
f 2893//2893 1866//1866 2895//2895
f 2896//2896 1864//1864 1866//1866
f 2897//2897 1864//1864 2896//2896
f 2896//2896 2893//2893 2892//2892
f 2889//2889 2896//2896 2892//2892
f 2896//2896 1866//1866 2893//2893
f 2883//2883 1860//1860 1862//1862
f 1864//1864 2897//2897 2883//2883
f 2889//2889 2897//2897 2896//2896
f 2886//2886 2880//2880 2887//2887
f 2887//2887 2889//2889 2888//2888
f 2887//2887 2897//2897 2889//2889
f 2897//2897 2880//2880 2882//2882
f 2880//2880 2897//2897 2887//2887
f 2897//2897 2882//2882 2883//2883
f 2879//2879 2865//2865 1852//1852
f 2863//2863 2865//2865 2898//2898
f 2865//2865 2879//2879 2898//2898
f 2879//2879 2899//2899 2898//2898
f 2881//2881 2879//2879 2878//2878
f 2860//2860 2900//2900 2861//2861
f 2861//2861 2789//2789 2790//2790
f 2899//2899 2879//2879 2880//2880
f 2884//2884 2899//2899 2880//2880
f 2899//2899 2884//2884 2871//2871
f 2869//2869 2899//2899 2871//2871
f 2884//2884 2877//2877 2874//2874
f 2871//2871 2884//2884 2874//2874
f 2900//2900 2863//2863 2898//2898
f 2900//2900 2860//2860 2863//2863
f 2869//2869 2871//2871 2870//2870
f 2899//2899 2869//2869 2901//2901
f 2899//2899 2901//2901 2898//2898
f 2901//2901 2900//2900 2898//2898
f 2900//2900 2869//2869 2861//2861
f 2869//2869 2900//2900 2901//2901
f 2902//2902 2049//2049 2034//2034
f 2036//2036 2903//2903 2037//2037
f 2036//2036 2038//2038 2904//2904
f 2036//2036 2904//2904 2903//2903
f 2038//2038 2905//2905 2904//2904
f 2905//2905 2038//2038 2902//2902
f 2902//2902 2038//2038 2049//2049
f 2037//2037 2906//2906 2043//2043
f 2037//2037 2907//2907 2906//2906
f 2908//2908 2909//2909 2047//2047
f 2047//2047 2045//2045 2043//2043
f 2909//2909 2062//2062 2047//2047
f 2910//2910 2047//2047 2043//2043
f 2907//2907 2911//2911 2912//2912
f 2911//2911 2910//2910 2912//2912
f 2907//2907 2912//2912 2906//2906
f 2906//2906 2912//2912 2043//2043
f 2908//2908 2047//2047 2910//2910
f 2912//2912 2910//2910 2043//2043
f 2913//2913 2914//2914 2915//2915
f 2916//2916 2913//2913 2915//2915
f 2904//2904 2913//2913 2916//2916
f 2917//2917 2918//2918 2915//2915
f 2915//2915 2918//2918 2919//2919
f 2920//2920 2921//2921 2914//2914
f 2917//2917 2921//2921 2918//2918
f 2921//2921 2922//2922 2918//2918
f 2921//2921 2917//2917 2914//2914
f 2914//2914 2917//2917 2915//2915
f 2905//2905 2913//2913 2904//2904
f 2907//2907 2903//2903 2916//2916
f 2903//2903 2907//2907 2037//2037
f 2911//2911 2916//2916 2915//2915
f 2907//2907 2916//2916 2911//2911
f 2910//2910 2911//2911 2919//2919
f 2911//2911 2915//2915 2919//2919
f 2903//2903 2904//2904 2916//2916
f 2923//2923 2924//2924 2925//2925
f 2926//2926 2927//2927 2924//2924
f 2927//2927 2926//2926 2066//2066
f 2063//2063 2062//2062 2066//2066
f 2067//2067 2065//2065 2066//2066
f 2067//2067 2928//2928 2929//2929
f 2067//2067 2930//2930 2928//2928
f 2923//2923 2926//2926 2924//2924
f 2930//2930 2067//2067 2926//2926
f 2926//2926 2067//2067 2066//2066
f 2923//2923 2930//2930 2926//2926
f 2931//2931 2932//2932 2933//2933
f 2067//2067 2929//2929 2070//2070
f 2074//2074 2070//2070 2934//2934
f 2070//2070 2929//2929 2933//2933
f 2934//2934 2070//2070 2933//2933
f 2075//2075 2074//2074 2934//2934
f 2079//2079 2076//2076 2935//2935
f 2935//2935 2076//2076 2075//2075
f 2932//2932 2934//2934 2933//2933
f 2823//2823 2079//2079 2932//2932
f 2826//2826 2079//2079 2823//2823
f 2932//2932 2935//2935 2075//2075
f 2079//2079 2935//2935 2932//2932
f 2932//2932 2075//2075 2934//2934
f 2936//2936 2937//2937 2923//2923
f 2937//2937 2823//2823 2938//2938
f 2936//2936 2821//2821 2823//2823
f 2936//2936 2823//2823 2937//2937
f 2930//2930 2923//2923 2928//2928
f 2928//2928 2923//2923 2939//2939
f 2923//2923 2937//2937 2939//2939
f 2928//2928 2931//2931 2929//2929
f 2929//2929 2931//2931 2933//2933
f 2932//2932 2931//2931 2938//2938
f 2823//2823 2932//2932 2938//2938
f 2939//2939 2937//2937 2938//2938
f 2931//2931 2928//2928 2938//2938
f 2928//2928 2939//2939 2938//2938
f 2940//2940 2941//2941 2942//2942
f 2943//2943 2944//2944 2940//2940
f 2944//2944 2943//2943 2945//2945
f 2943//2943 2946//2946 2945//2945
f 2947//2947 2818//2818 2936//2936
f 2936//2936 2818//2818 2821//2821
f 2814//2814 2947//2947 2946//2946
f 2818//2818 2814//2814 2873//2873
f 2245//2245 2818//2818 2873//2873
f 2818//2818 2947//2947 2814//2814
f 2946//2946 2947//2947 2945//2945
f 2947//2947 2948//2948 2945//2945
f 2922//2922 2942//2942 2918//2918
f 2942//2942 2941//2941 2918//2918
f 2940//2940 2944//2944 2941//2941
f 2941//2941 2908//2908 2918//2918
f 2918//2918 2908//2908 2919//2919
f 2908//2908 2910//2910 2919//2919
f 2941//2941 2944//2944 2908//2908
f 2944//2944 2949//2949 2908//2908
f 2944//2944 2945//2945 2950//2950
f 2949//2949 2944//2944 2950//2950
f 2951//2951 2949//2949 2925//2925
f 2949//2949 2951//2951 2909//2909
f 2949//2949 2909//2909 2908//2908
f 2909//2909 2927//2927 2066//2066
f 2062//2062 2909//2909 2066//2066
f 2909//2909 2951//2951 2927//2927
f 2924//2924 2927//2927 2925//2925
f 2927//2927 2951//2951 2925//2925
f 2947//2947 2936//2936 2948//2948
f 2952//2952 2953//2953 2925//2925
f 2953//2953 2923//2923 2925//2925
f 2936//2936 2923//2923 2953//2953
f 2948//2948 2936//2936 2953//2953
f 2945//2945 2948//2948 2950//2950
f 2949//2949 2950//2950 2952//2952
f 2949//2949 2952//2952 2925//2925
f 2950//2950 2953//2953 2952//2952
f 2950//2950 2948//2948 2953//2953
f 2954//2954 2894//2894 1756//1756
f 1758//1758 2955//2955 1756//1756
f 1756//1756 2893//2893 1757//1757
f 1756//1756 2894//2894 2893//2893
f 2954//2954 2891//2891 2892//2892
f 2890//2890 2889//2889 2891//2891
f 2954//2954 2956//2956 2891//2891
f 1758//1758 1761//1761 1763//1763
f 2957//2957 2955//2955 2958//2958
f 1766//1766 2959//2959 1762//1762
f 2955//2955 1758//1758 1763//1763
f 2958//2958 2955//2955 1763//1763
f 2959//2959 2958//2958 1763//1763
f 1762//1762 2959//2959 1763//1763
f 2955//2955 2954//2954 1756//1756
f 2894//2894 2954//2954 2892//2892
f 2957//2957 2956//2956 2955//2955
f 2955//2955 2956//2956 2954//2954
f 2890//2890 2960//2960 2888//2888
f 2960//2960 2886//2886 2888//2888
f 2885//2885 2886//2886 2960//2960
f 2961//2961 2960//2960 2890//2890
f 2962//2962 2963//2963 2964//2964
f 2962//2962 2885//2885 2963//2963
f 2885//2885 2962//2962 2877//2877
f 2961//2961 2963//2963 2960//2960
f 2963//2963 2885//2885 2960//2960
f 2965//2965 2966//2966 2967//2967
f 2966//2966 1766//1766 2967//2967
f 1766//1766 1769//1769 2967//2967
f 2968//2968 2961//2961 2969//2969
f 2968//2968 2963//2963 2961//2961
f 2970//2970 2969//2969 2971//2971
f 2969//2969 2972//2972 2971//2971
f 1769//1769 1770//1770 2970//2970
f 1769//1769 2970//2970 2967//2967
f 2967//2967 2970//2970 2971//2971
f 2973//2973 2957//2957 2958//2958
f 2973//2973 2958//2958 2959//2959
f 2965//2965 2967//2967 2971//2971
f 1766//1766 2966//2966 2959//2959
f 2966//2966 2973//2973 2959//2959
f 2966//2966 2965//2965 2973//2973
f 2973//2973 2965//2965 2974//2974
f 2891//2891 2956//2956 2975//2975
f 2956//2956 2976//2976 2975//2975
f 2956//2956 2957//2957 2976//2976
f 2890//2890 2891//2891 2975//2975
f 2976//2976 2890//2890 2975//2975
f 2961//2961 2890//2890 2976//2976
f 2969//2969 2977//2977 2972//2972
f 2969//2969 2961//2961 2977//2977
f 2957//2957 2973//2973 2974//2974
f 2976//2976 2957//2957 2974//2974
f 2961//2961 2976//2976 2977//2977
f 2972//2972 2965//2965 2971//2971
f 2974//2974 2965//2965 2972//2972
f 2977//2977 2974//2974 2972//2972
f 2976//2976 2974//2974 2977//2977
f 2978//2978 2875//2875 2876//2876
f 2875//2875 2872//2872 2876//2876
f 2875//2875 2245//2245 2873//2873
f 2245//2245 2875//2875 2244//2244
f 2245//2245 2244//2244 2246//2246
f 2244//2244 2875//2875 2242//2242
f 2875//2875 2234//2234 2242//2242
f 2979//2979 1771//1771 1773//1773
f 2980//2980 2979//2979 1773//1773
f 2968//2968 2981//2981 2982//2982
f 2983//2983 2968//2968 2982//2982
f 2984//2984 2983//2983 2985//2985
f 1775//1775 2980//2980 1773//1773
f 1778//1778 2980//2980 1775//1775
f 2982//2982 2981//2981 1778//1778
f 1778//1778 2981//2981 2980//2980
f 2232//2232 2984//2984 2985//2985
f 2234//2234 2978//2978 2231//2231
f 2231//2231 2978//2978 2232//2232
f 2229//2229 2982//2982 2986//2986
f 1783//1783 1784//1784 1780//1780
f 1784//1784 2982//2982 1780//1780
f 2986//2986 2982//2982 1784//1784
f 2985//2985 2229//2229 2230//2230
f 2233//2233 2232//2232 2985//2985
f 2233//2233 2985//2985 2230//2230
f 1784//1784 1786//1786 2987//2987
f 1786//1786 1657//1657 2987//2987
f 1802//1802 1657//1657 1786//1786
f 1657//1657 1659//1659 2987//2987
f 1659//1659 2229//2229 2987//2987
f 2986//2986 1784//1784 2987//2987
f 2229//2229 2986//2986 2987//2987
f 2982//2982 1778//1778 1780//1780
f 2983//2983 2229//2229 2985//2985
f 2983//2983 2982//2982 2229//2229
f 2963//2963 2968//2968 2964//2964
f 2968//2968 2983//2983 2964//2964
f 2981//2981 2969//2969 2970//2970
f 2981//2981 2970//2970 2980//2980
f 2970//2970 1770//1770 2979//2979
f 1770//1770 1771//1771 2979//2979
f 2980//2980 2970//2970 2979//2979
f 2981//2981 2968//2968 2969//2969
f 2983//2983 2962//2962 2964//2964
f 2978//2978 2876//2876 2877//2877
f 2232//2232 2978//2978 2984//2984
f 2978//2978 2234//2234 2875//2875
f 2962//2962 2983//2983 2877//2877
f 2983//2983 2984//2984 2877//2877
f 2984//2984 2978//2978 2877//2877
f 1955//1955 1951//1951 1949//1949
f 2799//2799 1955//1955 1949//1949
f 2799//2799 1953//1953 1955//1955
f 1953//1953 2799//2799 2794//2794
f 1958//1958 2805//2805 2802//2802
f 2805//2805 1958//1958 1953//1953
f 2988//2988 2989//2989 2990//2990
f 1958//1958 2802//2802 2990//2990
f 2991//2991 1958//1958 2990//2990
f 2989//2989 2802//2802 2800//2800
f 2804//2804 2989//2989 2800//2800
f 2803//2803 2992//2992 2804//2804
f 2804//2804 2992//2992 2989//2989
f 2805//2805 1953//1953 2794//2794
f 2802//2802 2988//2988 2990//2990
f 2988//2988 2802//2802 2989//2989
f 1970//1970 1958//1958 2991//2991
f 1972//1972 1970//1970 2993//2993
f 1970//1970 2991//2991 2993//2993
f 1972//1972 2993//2993 1974//1974
f 2991//2991 2994//2994 2993//2993
f 2993//2993 2994//2994 1974//1974
f 2995//2995 2996//2996 2991//2991
f 2994//2994 1980//1980 1974//1974
f 1983//1983 1980//1980 2034//2034
f 1980//1980 2902//2902 2034//2034
f 2994//2994 2997//2997 2902//2902
f 2997//2997 2905//2905 2902//2902
f 2994//2994 2902//2902 1980//1980
f 2998//2998 2997//2997 2996//2996
f 2913//2913 2905//2905 2914//2914
f 2922//2922 2921//2921 2920//2920
f 2905//2905 2997//2997 2914//2914
f 2997//2997 2998//2998 2914//2914
f 2998//2998 2920//2920 2914//2914
f 2996//2996 2997//2997 2991//2991
f 2997//2997 2994//2994 2991//2991
f 2999//2999 2803//2803 2810//2810
f 2811//2811 2999//2999 2810//2810
f 2999//2999 2811//2811 3000//3000
f 2811//2811 2812//2812 3001//3001
f 3000//3000 3001//3001 3002//3002
f 3002//3002 2940//2940 2942//2942
f 2812//2812 2940//2940 3001//3001
f 2812//2812 2946//2946 2943//2943
f 2812//2812 2943//2943 2940//2940
f 3001//3001 2940//2940 3002//3002
f 2814//2814 2946//2946 2812//2812
f 3000//3000 2811//2811 3001//3001
f 2989//2989 2992//2992 2990//2990
f 2992//2992 2991//2991 2990//2990
f 2992//2992 2995//2995 2991//2991
f 2998//2998 2996//2996 2999//2999
f 2922//2922 2920//2920 3002//3002
f 2922//2922 3002//3002 2942//2942
f 2998//2998 2999//2999 3000//3000
f 2998//2998 3000//3000 2920//2920
f 2920//2920 3000//3000 3002//3002
f 3003//3003 2803//2803 2999//2999
f 3003//3003 2992//2992 2803//2803
f 3003//3003 2995//2995 2992//2992
f 2996//2996 3003//3003 2999//2999
f 2995//2995 3003//3003 2996//2996
f 837//837 838//838 3004//3004
f 837//837 3004//3004 3005//3005
f 838//838 3006//3006 3004//3004
f 838//838 845//845 3006//3006
f 3007//3007 3008//3008 860//860
f 3009//3009 860//860 831//831
f 3010//3010 3009//3009 831//831
f 862//862 3010//3010 831//831
f 3011//3011 3010//3010 862//862
f 3008//3008 861//861 860//860
f 3008//3008 3012//3012 861//861
f 3009//3009 3007//3007 860//860
f 3013//3013 3014//3014 784//784
f 3013//3013 784//784 783//783
f 3015//3015 3013//3013 783//783
f 845//845 3016//3016 3006//3006
f 830//830 3017//3017 862//862
f 3018//3018 3017//3017 830//830
f 3019//3019 3018//3018 830//830
f 3017//3017 3020//3020 862//862
f 865//865 624//624 3021//3021
f 865//865 3021//3021 3022//3022
f 883//883 3023//3023 3024//3024
f 883//883 882//882 3023//3023
f 882//882 3025//3025 3023//3023
f 882//882 910//910 3025//3025
f 910//910 3026//3026 3025//3025
f 3027//3027 3028//3028 3029//3029
f 3020//3020 3011//3011 862//862
f 914//914 945//945 3030//3030
f 945//945 3031//3031 3030//3030
f 845//845 842//842 3016//3016
f 842//842 3032//3032 3016//3016
f 942//942 3027//3027 3033//3033
f 3027//3027 3029//3029 3033//3033
f 861//861 3034//3034 561//561
f 3035//3035 3034//3034 861//861
f 562//562 3036//3036 563//563
f 3037//3037 3036//3036 562//562
f 561//561 3037//3037 562//562
f 3034//3034 3037//3037 561//561
f 3038//3038 3039//3039 3040//3040
f 3040//3040 3041//3041 3042//3042
f 3039//3039 3041//3041 3040//3040
f 3043//3043 3044//3044 3045//3045
f 3046//3046 3043//3043 3045//3045
f 3047//3047 3045//3045 3048//3048
f 3047//3047 3046//3046 3045//3045
f 3049//3049 3050//3050 629//629
f 3051//3051 3049//3049 629//629
f 3052//3052 3053//3053 3054//3054
f 3054//3054 3055//3055 3056//3056
f 3053//3053 3055//3055 3054//3054
f 3057//3057 3058//3058 3059//3059
f 3059//3059 3058//3058 3060//3060
f 629//629 3061//3061 630//630
f 3062//3062 3061//3061 629//629
f 3050//3050 3062//3062 629//629
f 618//618 3063//3063 3064//3064
f 618//618 3065//3065 3063//3063
f 3051//3051 629//629 563//563
f 3036//3036 3051//3051 563//563
f 3066//3066 3035//3035 861//861
f 3040//3040 3042//3042 3067//3067
f 3040//3040 3067//3067 3068//3068
f 3067//3067 3066//3066 3068//3068
f 3068//3068 3066//3066 861//861
f 3012//3012 3068//3068 861//861
f 3069//3069 3070//3070 608//608
f 610//610 3069//3069 608//608
f 3071//3071 3069//3069 610//610
f 630//630 3071//3071 610//610
f 3072//3072 653//653 608//608
f 3070//3070 3072//3072 608//608
f 689//689 688//688 3073//3073
f 688//688 3074//3074 3073//3073
f 688//688 3075//3075 3074//3074
f 688//688 669//669 3076//3076
f 688//688 3076//3076 3075//3075
f 3061//3061 3077//3077 630//630
f 703//703 687//687 3078//3078
f 703//703 3078//3078 3079//3079
f 3077//3077 3080//3080 630//630
f 3080//3080 3071//3071 630//630
f 3072//3072 3081//3081 653//653
f 687//687 3082//3082 3078//3078
f 3083//3083 3039//3039 3038//3038
f 3083//3083 3084//3084 3039//3039
f 3083//3083 3085//3085 3084//3084
f 3086//3086 3085//3085 3083//3083
f 3047//3047 3087//3087 3088//3088
f 3089//3089 3090//3090 3091//3091
f 3088//3088 3087//3087 3090//3090
f 3090//3090 3087//3087 3091//3091
f 3059//3059 3060//3060 3052//3052
f 3052//3052 3060//3060 3053//3053
f 3054//3054 3044//3044 3092//3092
f 3054//3054 3093//3093 3044//3044
f 3054//3054 3056//3056 3093//3093
f 3094//3094 3095//3095 3096//3096
f 3094//3094 3097//3097 3095//3095
f 624//624 3098//3098 3021//3021
f 3094//3094 3099//3099 3097//3097
f 3098//3098 3099//3099 3094//3094
f 3098//3098 3100//3100 3099//3099
f 624//624 3100//3100 3098//3098
f 624//624 3101//3101 3100//3100
f 3102//3102 268//268 110//110
f 3103//3103 3102//3102 110//110
f 143//143 142//142 3104//3104
f 3104//3104 142//142 3105//3105
f 3106//3106 143//143 3104//3104
f 3107//3107 144//144 3108//3108
f 137//137 144//144 3109//3109
f 3109//3109 144//144 3107//3107
f 3108//3108 144//144 3110//3110
f 144//144 143//143 3110//3110
f 3110//3110 143//143 3106//3106
f 3111//3111 3112//3112 3113//3113
f 3111//3111 3113//3113 3114//3114
f 3115//3115 3116//3116 240//240
f 174//174 3115//3115 240//240
f 3117//3117 3115//3115 174//174
f 3118//3118 3117//3117 174//174
f 389//389 3119//3119 3120//3120
f 3121//3121 3118//3118 174//174
f 389//389 3120//3120 3121//3121
f 3121//3121 174//174 173//173
f 389//389 3121//3121 173//173
f 3122//3122 3119//3119 389//389
f 3123//3123 3103//3103 110//110
f 3124//3124 3123//3123 110//110
f 3124//3124 110//110 113//113
f 3125//3125 3124//3124 113//113
f 240//240 3125//3125 113//113
f 3116//3116 3125//3125 240//240
f 3126//3126 266//266 264//264
f 3126//3126 3127//3127 266//266
f 3128//3128 1193//1193 266//266
f 3129//3129 3128//3128 266//266
f 3127//3127 3129//3129 266//266
f 3130//3130 264//264 262//262
f 3130//3130 3126//3126 264//264
f 3131//3131 3132//3132 111//111
f 3133//3133 3131//3131 111//111
f 3134//3134 3130//3130 262//262
f 111//111 3134//3134 262//262
f 3135//3135 3133//3133 111//111
f 3136//3136 1193//1193 3128//3128
f 3136//3136 3137//3137 1193//1193
f 3138//3138 3137//3137 3136//3136
f 3139//3139 3137//3137 3138//3138
f 3140//3140 3141//3141 3137//3137
f 3142//3142 3143//3143 3144//3144
f 3143//3143 3145//3145 3144//3144
f 3146//3146 3145//3145 3143//3143
f 3146//3146 3147//3147 3145//3145
f 3148//3148 3144//3144 3149//3149
f 3142//3142 3144//3144 3148//3148
f 3146//3146 3150//3150 3151//3151
f 3146//3146 3151//3151 3147//3147
f 3152//3152 1163//1163 3150//3150
f 3150//3150 3153//3153 3151//3151
f 3150//3150 1163//1163 3153//3153
f 281//281 269//269 3154//3154
f 3154//3154 269//269 3155//3155
f 269//269 271//271 3156//3156
f 3157//3157 3158//3158 1163//1163
f 3156//3156 271//271 3158//3158
f 3158//3158 271//271 1163//1163
f 3157//3157 1163//1163 3152//3152
f 3155//3155 269//269 3156//3156
f 3159//3159 293//293 3160//3160
f 294//294 293//293 3161//3161
f 3161//3161 293//293 3159//3159
f 3162//3162 281//281 3154//3154
f 293//293 281//281 3162//3162
f 3160//3160 293//293 3162//3162
f 301//301 303//303 3163//3163
f 3163//3163 303//303 3164//3164
f 3165//3165 301//301 3163//3163
f 3166//3166 316//316 3167//3167
f 142//142 316//316 3105//3105
f 3105//3105 316//316 3166//3166
f 328//328 301//301 3168//3168
f 3168//3168 301//301 3165//3165
f 3169//3169 328//328 3168//3168
f 316//316 328//328 3167//3167
f 3167//3167 328//328 3169//3169
f 3132//3132 3134//3134 111//111
f 3170//3170 294//294 3161//3161
f 3164//3164 303//303 3171//3171
f 3171//3171 303//303 3172//3172
f 303//303 294//294 3172//3172
f 3172//3172 294//294 3170//3170
f 3173//3173 3135//3135 111//111
f 268//268 3173//3173 111//111
f 3102//3102 3174//3174 268//268
f 3174//3174 3173//3173 268//268
f 359//359 358//358 3175//3175
f 3176//3176 359//359 3175//3175
f 3175//3175 358//358 3177//3177
f 359//359 3178//3178 3179//3179
f 3178//3178 359//359 3176//3176
f 3177//3177 358//358 3180//3180
f 358//358 408//408 3180//3180
f 3181//3181 3182//3182 342//342
f 3183//3183 3184//3184 3185//3185
f 3186//3186 3184//3184 3183//3183
f 3187//3187 3186//3186 3183//3183
f 3183//3183 3188//3188 3189//3189
f 3190//3190 3183//3183 3189//3189
f 3189//3189 3191//3191 3192//3192
f 3190//3190 3189//3189 3192//3192
f 3183//3183 3185//3185 3188//3188
f 495//495 3193//3193 3194//3194
f 3194//3194 3195//3195 367//367
f 495//495 3194//3194 367//367
f 3192//3192 3191//3191 3196//3196
f 3196//3196 3191//3191 3197//3197
f 3198//3198 3196//3196 3197//3197
f 3198//3198 3197//3197 3199//3199
f 3199//3199 3197//3197 3193//3193
f 3199//3199 3193//3193 495//495
f 3195//3195 370//370 367//367
f 3195//3195 3200//3200 370//370
f 3181//3181 342//342 370//370
f 3200//3200 3181//3181 370//370
f 3201//3201 389//389 3202//3202
f 3202//3202 389//389 388//388
f 3203//3203 3202//3202 388//388
f 3204//3204 3203//3203 388//388
f 3205//3205 3204//3204 388//388
f 3206//3206 388//388 342//342
f 3182//3182 3206//3206 342//342
f 3206//3206 3205//3205 388//388
f 3207//3207 389//389 3201//3201
f 3208//3208 3209//3209 3210//3210
f 3208//3208 3210//3210 3211//3211
f 3210//3210 3212//3212 3213//3213
f 3210//3210 3214//3214 3212//3212
f 3210//3210 3215//3215 389//389
f 3210//3210 3213//3213 3215//3215
f 3211//3211 3210//3210 389//389
f 3207//3207 3211//3211 389//389
f 3210//3210 3216//3216 3214//3214
f 3209//3209 3216//3216 3210//3210
f 3209//3209 3217//3217 3216//3216
f 3209//3209 3114//3114 3217//3217
f 3111//3111 3114//3114 3209//3209
f 3218//3218 3209//3209 3219//3219
f 3220//3220 3111//3111 3221//3221
f 3221//3221 3111//3111 3209//3209
f 3218//3218 3221//3221 3209//3209
f 3222//3222 3223//3223 3224//3224
f 3225//3225 3223//3223 3222//3222
f 137//137 3225//3225 3222//3222
f 3225//3225 137//137 3109//3109
f 391//391 137//137 3226//3226
f 3226//3226 137//137 3227//3227
f 3228//3228 3229//3229 3222//3222
f 3227//3227 137//137 3229//3229
f 3229//3229 137//137 3222//3222
f 3230//3230 405//405 3231//3231
f 3231//3231 405//405 3232//3232
f 405//405 402//402 3232//3232
f 3232//3232 402//402 3233//3233
f 402//402 391//391 3233//3233
f 3233//3233 391//391 3226//3226
f 3222//3222 3224//3224 3111//3111
f 3224//3224 3112//3112 3111//3111
f 3234//3234 3222//3222 3111//3111
f 3228//3228 3222//3222 3234//3234
f 3234//3234 3111//3111 3220//3220
f 3180//3180 408//408 3235//3235
f 408//408 405//405 3235//3235
f 3235//3235 405//405 3230//3230
f 3219//3219 3209//3209 3208//3208
f 3236//3236 450//450 449//449
f 3236//3236 3237//3237 450//450
f 3238//3238 3239//3239 450//450
f 481//481 3240//3240 3241//3241
f 481//481 484//484 3242//3242
f 481//481 3242//3242 3240//3240
f 3237//3237 3238//3238 450//450
f 450//450 3239//3239 448//448
f 3243//3243 3244//3244 448//448
f 3239//3239 3243//3243 448//448
f 3244//3244 489//489 448//448
f 3244//3244 3245//3245 489//489
f 3246//3246 3247//3247 497//497
f 3248//3248 495//495 3247//3247
f 3247//3247 495//495 494//494
f 497//497 3247//3247 494//494
f 3249//3249 497//497 489//489
f 3249//3249 3250//3250 497//497
f 3251//3251 3183//3183 3190//3190
f 3252//3252 3183//3183 3251//3251
f 3253//3253 3254//3254 3187//3187
f 3253//3253 3187//3187 3255//3255
f 3255//3255 3187//3187 3183//3183
f 3256//3256 3254//3254 3253//3253
f 3257//3257 3256//3256 3253//3253
f 3258//3258 3183//3183 3252//3252
f 3255//3255 3183//3183 3258//3258
f 3257//3257 3259//3259 3260//3260
f 3257//3257 3260//3260 3256//3256
f 3259//3259 3179//3179 3260//3260
f 3259//3259 3261//3261 3179//3179
f 3262//3262 359//359 3261//3261
f 3261//3261 359//359 3179//3179
f 499//499 359//359 3262//3262
f 3263//3263 499//499 3262//3262
f 507//507 499//499 3264//3264
f 499//499 3263//3263 3264//3264
f 3265//3265 507//507 3264//3264
f 504//504 3266//3266 3267//3267
f 504//504 3268//3268 3266//3266
f 484//484 508//508 3269//3269
f 3242//3242 484//484 3269//3269
f 3268//3268 3270//3270 3266//3266
f 3268//3268 3271//3271 3270//3270
f 3268//3268 3272//3272 3271//3271
f 3245//3245 3249//3249 489//489
f 3273//3273 495//495 3248//3248
f 3250//3250 3246//3246 497//497
f 3273//3273 3199//3199 495//495
f 3268//3268 504//504 3274//3274
f 3272//3272 3268//3268 3274//3274
f 3274//3274 504//504 3265//3265
f 504//504 507//507 3265//3265
f 503//503 3267//3267 3275//3275
f 503//503 504//504 3267//3267
f 508//508 503//503 3275//3275
f 3269//3269 508//508 3275//3275
f 3276//3276 3277//3277 3278//3278
f 3279//3279 3276//3276 3278//3278
f 3096//3096 3095//3095 3276//3276
f 3279//3279 3096//3096 3276//3276
f 625//625 3280//3280 3281//3281
f 624//624 625//625 3101//3101
f 625//625 3281//3281 3101//3101
f 625//625 617//617 3282//3282
f 625//625 3282//3282 3280//3280
f 617//617 618//618 3064//3064
f 617//617 3064//3064 3282//3282
f 3278//3278 3277//3277 3057//3057
f 3057//3057 3277//3277 3058//3058
f 653//653 3236//3236 449//449
f 3283//3283 3284//3284 653//653
f 3285//3285 3286//3286 3287//3287
f 3288//3288 3285//3285 3287//3287
f 3288//3288 3287//3287 3284//3284
f 3284//3284 3287//3287 653//653
f 3289//3289 3236//3236 653//653
f 3287//3287 3289//3289 653//653
f 3290//3290 3291//3291 3292//3292
f 3293//3293 3291//3291 3290//3290
f 3294//3294 3295//3295 3291//3291
f 3293//3293 3294//3294 3291//3291
f 3296//3296 3295//3295 3294//3294
f 3296//3296 3297//3297 3295//3295
f 3298//3298 3299//3299 3296//3296
f 3296//3296 3299//3299 3297//3297
f 3300//3300 3301//3301 3299//3299
f 3300//3300 3299//3299 3298//3298
f 3302//3302 3301//3301 3300//3300
f 3302//3302 3303//3303 3301//3301
f 3304//3304 3305//3305 3306//3306
f 3307//3307 3305//3305 3304//3304
f 3304//3304 3306//3306 3308//3308
f 3308//3308 3303//3303 3302//3302
f 3307//3307 3309//3309 3305//3305
f 3310//3310 3311//3311 3309//3309
f 3312//3312 3313//3313 3311//3311
f 3312//3312 3311//3311 3310//3310
f 3314//3314 3313//3313 3312//3312
f 3314//3314 3315//3315 3313//3313
f 667//667 481//481 3241//3241
f 667//667 3316//3316 3317//3317
f 667//667 3241//3241 3316//3316
f 3318//3318 3315//3315 3314//3314
f 667//667 3318//3318 3319//3319
f 3318//3318 3320//3320 3315//3315
f 667//667 3320//3320 3318//3318
f 667//667 3317//3317 3320//3320
f 669//669 3321//3321 3322//3322
f 669//669 3323//3323 3321//3321
f 669//669 666//666 3323//3323
f 666//666 3324//3324 3323//3323
f 666//666 667//667 3324//3324
f 667//667 3319//3319 3324//3324
f 669//669 3322//3322 3076//3076
f 618//618 720//720 3065//3065
f 720//720 3325//3325 3065//3065
f 720//720 3326//3326 3325//3325
f 703//703 3327//3327 3328//3328
f 703//703 3079//3079 3327//3327
f 701//701 3328//3328 3329//3329
f 701//701 703//703 3328//3328
f 720//720 3330//3330 3326//3326
f 720//720 701//701 3330//3330
f 701//701 3331//3331 3330//3330
f 701//701 3329//3329 3331//3331
f 3081//3081 3283//3283 653//653
f 3332//3332 3333//3333 3285//3285
f 3334//3334 3332//3332 3285//3285
f 689//689 3335//3335 3336//3336
f 689//689 3073//3073 3335//3335
f 687//687 3336//3336 3082//3082
f 687//687 689//689 3336//3336
f 3337//3337 3338//3338 3339//3339
f 3339//3339 3338//3338 3340//3340
f 3341//3341 851//851 850//850
f 3342//3342 3341//3341 850//850
f 3341//3341 3343//3343 851//851
f 3344//3344 3342//3342 850//850
f 3345//3345 3346//3346 3347//3347
f 3348//3348 3349//3349 3350//3350
f 3351//3351 3348//3348 3350//3350
f 3352//3352 3353//3353 3354//3354
f 3354//3354 3353//3353 3355//3355
f 3345//3345 3347//3347 3356//3356
f 3343//3343 3357//3357 851//851
f 3357//3357 3358//3358 851//851
f 3358//3358 3359//3359 851//851
f 3360//3360 3361//3361 3362//3362
f 3362//3362 3361//3361 3363//3363
f 3362//3362 3363//3363 3364//3364
f 3360//3360 3365//3365 3361//3361
f 3360//3360 3366//3366 3365//3365
f 835//835 837//837 3367//3367
f 837//837 3368//3368 3369//3369
f 3370//3370 3371//3371 3360//3360
f 3372//3372 3371//3371 3370//3370
f 3372//3372 3369//3369 3371//3371
f 3373//3373 3369//3369 3372//3372
f 837//837 3373//3373 3367//3367
f 837//837 3369//3369 3373//3373
f 837//837 3005//3005 3374//3374
f 837//837 3374//3374 3368//3368
f 3360//3360 3371//3371 3366//3366
f 3364//3364 3363//3363 3352//3352
f 3352//3352 3363//3363 3353//3353
f 3375//3375 3019//3019 830//830
f 3376//3376 3375//3375 830//830
f 3377//3377 3376//3376 830//830
f 851//851 3377//3377 830//830
f 3359//3359 3377//3377 851//851
f 3378//3378 850//850 849//849
f 3379//3379 3378//3378 849//849
f 3378//3378 3344//3344 850//850
f 3014//3014 3380//3380 784//784
f 3381//3381 3379//3379 849//849
f 784//784 3381//3381 849//849
f 3380//3380 3381//3381 784//784
f 909//909 863//863 3382//3382
f 909//909 3382//3382 3383//3383
f 863//863 865//865 3382//3382
f 865//865 3022//3022 3382//3382
f 910//910 907//907 3026//3026
f 907//907 3384//3384 3026//3026
f 909//909 3383//3383 3385//3385
f 907//907 3385//3385 3384//3384
f 907//907 909//909 3385//3385
f 913//913 3386//3386 3387//3387
f 913//913 3388//3388 3386//3386
f 913//913 914//914 3388//3388
f 914//914 3389//3389 3388//3388
f 842//842 928//928 3032//3032
f 928//928 3390//3390 3032//3032
f 928//928 3033//3033 3390//3390
f 928//928 942//942 3033//3033
f 3027//3027 942//942 3391//3391
f 942//942 3392//3392 3391//3391
f 942//942 913//913 3392//3392
f 913//913 3387//3387 3392//3392
f 3027//3027 3391//3391 3028//3028
f 914//914 3393//3393 3389//3389
f 914//914 3030//3030 3393//3393
f 945//945 3394//3394 3031//3031
f 945//945 883//883 3394//3394
f 883//883 3024//3024 3394//3394
f 3395//3395 3396//3396 3397//3397
f 3397//3397 3398//3398 966//966
f 3395//3395 3397//3397 966//966
f 966//966 3399//3399 968//968
f 3398//3398 3399//3399 966//966
f 3395//3395 3400//3400 3401//3401
f 3402//3402 3400//3400 3395//3395
f 3403//3403 3402//3402 3395//3395
f 3404//3404 3405//3405 3406//3406
f 3406//3406 3405//3405 3403//3403
f 3406//3406 3403//3403 3395//3395
f 985//985 3407//3407 3408//3408
f 3409//3409 3410//3410 3411//3411
f 3411//3411 3410//3410 3412//3412
f 983//983 985//985 3413//3413
f 3414//3414 3409//3409 3411//3411
f 3414//3414 3415//3415 3409//3409
f 985//985 3408//3408 3415//3415
f 985//985 3414//3414 3413//3413
f 985//985 3415//3415 3414//3414
f 3412//3412 3405//3405 3404//3404
f 3412//3412 3416//3416 3405//3405
f 3410//3410 3416//3416 3412//3412
f 3417//3417 3418//3418 989//989
f 3419//3419 3417//3417 989//989
f 3399//3399 3420//3420 968//968
f 968//968 3419//3419 989//989
f 3420//3420 3419//3419 968//968
f 3421//3421 3015//3015 3422//3422
f 3422//3422 3015//3015 3423//3423
f 994//994 3424//3424 783//783
f 3423//3423 3015//3015 783//783
f 3424//3424 3423//3423 783//783
f 3425//3425 994//994 989//989
f 3418//3418 3425//3425 989//989
f 3425//3425 3426//3426 994//994
f 3427//3427 3428//3428 3429//3429
f 3429//3429 3428//3428 3430//3430
f 3430//3430 3428//3428 3431//3431
f 3427//3427 3432//3432 3428//3428
f 3433//3433 3432//3432 3427//3427
f 3433//3433 3356//3356 3432//3432
f 3433//3433 3345//3345 3356//3356
f 3434//3434 3345//3345 3433//3433
f 3430//3430 3431//3431 3337//3337
f 3431//3431 3338//3338 3337//3337
f 3434//3434 3435//3435 3345//3345
f 3351//3351 3350//3350 3346//3346
f 3351//3351 3346//3346 3435//3435
f 3435//3435 3346//3346 3345//3345
f 3436//3436 3349//3349 3348//3348
f 3437//3437 3349//3349 3436//3436
f 3354//3354 3355//3355 3436//3436
f 3438//3438 3437//3437 3436//3436
f 3355//3355 3438//3438 3436//3436
f 3439//3439 3360//3360 3362//3362
f 995//995 835//835 3440//3440
f 835//835 3441//3441 3440//3440
f 835//835 3367//3367 3441//3441
f 3439//3439 3370//3370 3360//3360
f 1004//1004 3442//3442 3443//3443
f 1004//1004 995//995 3444//3444
f 995//995 3440//3440 3444//3444
f 1004//1004 3444//3444 3442//3442
f 985//985 3445//3445 3407//3407
f 3426//3426 3446//3446 994//994
f 3446//3446 3447//3447 994//994
f 3447//3447 3424//3424 994//994
f 3339//3339 3340//3340 3448//3448
f 3448//3448 3340//3340 3421//3421
f 3448//3448 3421//3421 3449//3449
f 3449//3449 3421//3421 3422//3422
f 985//985 3450//3450 3445//3445
f 985//985 1004//1004 3450//3450
f 1004//1004 3443//3443 3450//3450
f 3451//3451 1073//1073 1054//1054
f 3452//3452 3453//3453 1073//1073
f 3451//3451 3452//3452 1073//1073
f 1091//1091 1081//1081 3454//3454
f 1091//1091 3454//3454 3455//3455
f 1081//1081 3456//3456 3454//3454
f 1047//1047 1043//1043 3457//3457
f 3457//3457 1043//1043 3458//3458
f 3459//3459 3460//3460 3461//3461
f 3462//3462 3461//3461 3463//3463
f 3462//3462 3459//3459 3461//3461
f 3464//3464 3460//3460 3459//3459
f 3465//3465 3464//3464 3459//3459
f 3465//3465 3466//3466 3464//3464
f 3467//3467 3468//3468 3465//3465
f 3465//3465 3468//3468 3466//3466
f 3469//3469 3468//3468 3467//3467
f 3469//3469 3470//3470 3468//3468
f 3471//3471 1047//1047 3469//3469
f 3470//3470 1047//1047 3457//3457
f 3469//3469 1047//1047 3470//3470
f 1043//1043 1091//1091 3455//3455
f 1043//1043 3455//3455 3458//3458
f 3472//3472 3473//3473 3474//3474
f 3474//3474 3473//3473 3475//3475
f 3472//3472 3463//3463 3473//3473
f 3462//3462 3463//3463 3472//3472
f 3476//3476 3477//3477 3478//3478
f 3479//3479 3476//3476 3478//3478
f 3480//3480 3481//3481 3482//3482
f 3480//3480 3478//3478 3481//3481
f 3480//3480 3479//3479 3478//3478
f 3474//3474 3477//3477 3476//3476
f 3474//3474 3483//3483 3477//3477
f 3474//3474 3475//3475 3483//3483
f 3484//3484 3485//3485 1056//1056
f 3486//3486 3487//3487 3488//3488
f 3482//3482 3481//3481 3489//3489
f 3489//3489 3481//3481 3490//3490
f 3491//3491 3484//3484 1056//1056
f 3492//3492 3493//3493 3494//3494
f 3495//3495 3492//3492 3494//3494
f 3495//3495 3494//3494 1056//1056
f 3494//3494 3491//3491 1056//1056
f 3496//3496 1056//1056 1055//1055
f 3497//3497 3495//3495 1056//1056
f 3496//3496 3497//3497 1056//1056
f 3485//3485 3451//3451 1054//1054
f 1056//1056 3485//3485 1054//1054
f 3498//3498 3499//3499 966//966
f 3499//3499 3395//3395 966//966
f 3500//3500 3395//3395 3499//3499
f 3501//3501 966//966 1077//1077
f 3501//3501 3498//3498 966//966
f 3502//3502 3501//3501 1077//1077
f 1073//1073 3502//3502 1077//1077
f 3453//3453 3502//3502 1073//1073
f 3503//3503 3395//3395 3504//3504
f 3504//3504 3395//3395 3505//3505
f 3505//3505 3395//3395 3506//3506
f 3507//3507 3395//3395 3508//3508
f 3507//3507 3509//3509 3395//3395
f 983//983 3413//3413 3510//3510
f 1082//1082 983//983 3510//3510
f 1082//1082 3510//3510 3511//3511
f 1081//1081 1082//1082 3512//3512
f 3456//3456 1081//1081 3513//3513
f 3513//3513 1081//1081 3512//3512
f 1082//1082 3511//3511 3514//3514
f 3512//3512 1082//1082 3514//3514
f 3515//3515 3516//3516 1215//1215
f 3517//3517 1168//1168 3518//3518
f 1168//1168 1166//1166 3518//3518
f 3518//3518 1166//1166 3519//3519
f 1162//1162 1168//1168 3520//3520
f 3520//3520 1168//1168 3517//3517
f 3521//3521 3522//3522 1163//1163
f 1162//1162 3521//3521 1163//1163
f 3521//3521 1162//1162 3520//3520
f 1163//1163 3522//3522 3153//3153
f 3523//3523 3524//3524 3525//3525
f 3523//3523 3526//3526 3524//3524
f 3149//3149 3144//3144 3526//3526
f 3149//3149 3526//3526 3523//3523
f 3144//3144 3145//3145 3526//3526
f 3527//3527 3528//3528 3137//3137
f 3525//3525 3524//3524 3529//3529
f 3525//3525 3529//3529 3141//3141
f 3141//3141 3527//3527 3137//3137
f 3141//3141 3529//3529 3527//3527
f 3137//3137 3530//3530 1193//1193
f 3137//3137 3528//3528 3530//3530
f 1193//1193 3531//3531 3532//3532
f 3533//3533 1195//1195 265//265
f 3532//3532 3533//3533 265//265
f 1193//1193 3532//3532 265//265
f 3534//3534 3535//3535 1212//1212
f 1215//1215 3534//3534 1212//1212
f 3536//3536 1215//1215 1216//1216
f 3536//3536 3515//3515 1215//1215
f 3537//3537 3538//3538 1195//1195
f 3533//3533 3537//3537 1195//1195
f 1193//1193 3530//3530 3531//3531
f 3538//3538 3536//3536 1216//1216
f 1195//1195 3538//3538 1216//1216
f 3539//3539 1055//1055 1227//1227
f 3539//3539 3540//3540 1055//1055
f 3541//3541 3539//3539 1227//1227
f 3540//3540 3496//3496 1055//1055
f 3542//3542 3541//3541 1227//1227
f 1228//1228 3542//3542 1227//1227
f 3543//3543 3544//3544 1228//1228
f 1212//1212 3545//3545 1213//1213
f 3546//3546 3545//3545 1212//1212
f 3547//3547 3546//3546 1212//1212
f 3535//3535 3547//3547 1212//1212
f 3548//3548 1228//1228 1213//1213
f 3548//3548 3543//3543 1228//1228
f 3545//3545 3548//3548 1213//1213
f 3549//3549 3493//3493 3492//3492
f 3549//3549 3550//3550 3493//3493
f 3551//3551 3550//3550 3549//3549
f 3486//3486 3552//3552 3550//3550
f 3553//3553 3486//3486 3554//3554
f 3551//3551 3554//3554 3550//3550
f 3554//3554 3486//3486 3550//3550
f 3555//3555 3556//3556 3486//3486
f 3557//3557 3487//3487 3486//3486
f 3489//3489 3490//3490 3558//3558
f 3558//3558 3490//3490 3487//3487
f 3557//3557 3558//3558 3487//3487
f 3559//3559 3486//3486 3553//3553
f 3555//3555 3486//3486 3559//3559
f 1229//1229 1047//1047 3560//3560
f 3560//3560 1047//1047 3561//3561
f 3561//3561 1047//1047 3471//3471
f 1244//1244 1229//1229 3560//3560
f 3562//3562 1244//1244 3560//3560
f 1249//1249 1248//1248 3563//3563
f 3563//3563 1248//1248 3564//3564
f 3565//3565 1249//1249 3563//3563
f 3566//3566 1244//1244 3562//3562
f 3564//3564 1248//1248 3567//3567
f 1248//1248 1244//1244 3566//3566
f 3567//3567 1248//1248 3566//3566
f 3516//3516 3534//3534 1215//1215
f 3568//3568 1271//1271 3569//3569
f 3570//3570 1296//1296 3571//3571
f 1296//1296 1298//1298 3571//3571
f 1166//1166 1296//1296 3570//3570
f 3519//3519 1166//1166 3570//3570
f 3572//3572 1317//1317 3573//3573
f 3574//3574 1271//1271 3575//3575
f 3576//3576 1273//1273 3574//3574
f 1273//1273 1271//1271 3574//3574
f 1315//1315 1273//1273 3576//3576
f 3577//3577 1315//1315 3576//3576
f 3575//3575 1271//1271 3568//3568
f 3571//3571 1298//1298 3572//3572
f 1298//1298 1317//1317 3572//3572
f 1317//1317 1315//1315 3573//3573
f 3573//3573 1315//1315 3577//3577
f 3578//3578 3542//3542 1228//1228
f 3544//3544 3578//3578 1228//1228
f 3579//3579 1319//1319 3580//3580
f 1271//1271 1319//1319 3579//3579
f 3569//3569 1271//1271 3579//3579
f 3581//3581 1249//1249 3565//3565
f 1319//1319 1249//1249 3581//3581
f 3580//3580 1319//1319 3582//3582
f 3582//3582 1319//1319 3581//3581
# Vertices: 3582, normals: 3582, texture coordinates: 0, faces: 6182

o obj2
v -5453.50648828 1754.27979092 -1462.79981045
v -5453.50636086 1754.27979092 1452.30016514
v -2231.36329445 1754.27993176 1452.30002429
v -2231.36342187 1754.27993176 -1462.79995129
vn 0 0 1
vt 0 1
vt 0 0
vt 1 0
vt 1 1
usemtl mat1
f 3583/1/3583 3584/2/3583 3585/3/3583
f 3586/4/3583 3583/1/3583 3585/3/3583
# Vertices: 4, normals: 1, texture coordinates: 4, faces: 2

o obj3
v -1529.32024635 1754.25994292 -5110.25335112
v -1529.32011892 1754.25994292 -2195.15667143
v 1529.30988596 1754.26007661 -2195.15680513
v 1529.30975854 1754.26007661 -5110.25348482
vn 0 0 1
vt 0 1
vt 0 0
vt 1 0
vt 1 1
usemtl mat1
f 3587/5/3584 3588/6/3584 3589/7/3584
f 3590/8/3584 3587/5/3584 3589/7/3584
# Vertices: 4, normals: 1, texture coordinates: 4, faces: 2

o obj4
v 5453.50633446 1754.28026768 1452.29968838
v 5453.50620703 1754.28026768 -1462.80028721
v 2231.36326805 1754.28012683 1452.29982922
v 2231.36314063 1754.28012683 -1462.80014636
vn 0 0 1
vt 1 0
vt 1 1
vt 0 0
vt 0 1
usemtl mat1
f 3591/9/3585 3592/10/3585 3593/11/3585
f 3592/10/3585 3594/12/3585 3593/11/3585
# Vertices: 4, normals: 1, texture coordinates: 4, faces: 2

o obj5
v 1529.31007791 1754.26007661 2196.0560855
v -1529.31992698 1754.25994292 2196.05621919
v -1529.31979955 1754.25994292 5111.15289888
v 1529.31020533 1754.26007661 5111.15276518
vn 0 0 1
vt 1 1
vt 0 1
vt 0 0
vt 1 0
usemtl mat1
f 3595/13/3586 3596/14/3586 3597/15/3586
f 3595/13/3586 3597/15/3586 3598/16/3586
# Vertices: 4, normals: 1, texture coordinates: 4, faces: 2

o obj6
v -2201.67431949 979.99801167 909.44797221
v -2187.08748527 979.99801231 -917.2252462
v -2201.67426704 -220.00355998 909.44797221
v -2187.08743282 -220.00355935 -917.2252462
v -2199.05863346 -8.81307201 -917.28017731
v -2201.89871861 -71.51437085 -917.29323871
v -2200.07718375 -109.35053715 -917.28493801
v -2194.37063864 -158.47795542 -917.25875418
v -2197.32278438 -220.00355979 -917.27230385
v -2199.0781655 9.21140881 -917.28029938
v -2207.14607903 979.99801143 -917.31740841
v -2199.83503749 833.99599759 -917.28383939
v -2201.38947793 767.27279196 -917.29098043
v -2203.42707222 690.32924939 -917.30031872
v -2202.17560673 675.35702044 -917.29458147
v -2200.53059238 793.99691309 -917.28695215
v -2201.89508647 614.16378315 -917.29323871
v -2198.21148834 513.91518712 -917.27639317
v -2195.56133469 349.99694382 -917.26418626
v -2199.08427058 45.01487656 -917.28036042
v -2199.11698541 44.66601487 -917.28048249
v -2199.08939756 45.54640122 -917.28036042
v -2223.11176745 -220.00356092 900.03195753
v -2220.96992134 -220.00356083 909.38950138
v -2231.83930836 -220.0035613 857.71616201
v -2234.21626664 -220.00356141 739.83225098
v -2219.13035506 -219.20357295 147.53694698
v -2220.58982722 -219.20357302 158.88362673
v -2222.95090865 -219.00356091 217.64951123
v -2228.74801137 -220.00356117 592.36417213
v -2232.10030547 -220.00356131 611.14578849
v -2234.52803598 -220.00356142 699.53873293
v -2234.95601351 -220.00356144 721.92557377
v -2225.59298805 -220.00356103 455.41724206
v -2218.13694822 -220.0035607 115.63815848
v -2226.10251014 -220.00356105 441.59073451
v -2226.11203138 -220.00356105 447.15500453
v -2225.88937504 -220.00356104 449.33780482
v -2226.6352265 -220.00356107 406.88065153
v -2205.8086235 -220.00356016 -900.53646364
v -2208.30325169 -220.00356027 -884.32082632
v -2209.03151391 -220.0035603 -672.22420764
v -2208.88160624 -220.0035603 -550.42550159
v -2214.16406458 -220.00356053 -267.69152309
v -2216.34032308 -220.00356062 -15.27370206
v -2213.81909327 -220.00356051 -253.76438382
v -2217.05175824 -220.00356066 -229.68290175
v -2214.49487613 979.99801111 909.40915442
v -2216.84961288 979.99801101 899.78610764
v -2217.13183951 979.998011 898.1839348
v -2217.16333416 979.99801099 886.52951586
v -2219.58130426 979.99801089 855.69058774
v -2219.74512332 979.99801088 839.73886656
v -2223.11720254 979.99801073 635.94199171
v -2228.06642451 979.99801052 562.36551487
v -2228.02004229 979.99801052 459.25397312
v -2228.81033645 979.99801049 208.68684974
v -2226.46878744 979.99801059 123.37824063
v -2225.28909298 979.99801064 282.69000816
v -2227.01467559 979.99801056 358.84467132
v -2224.7744429 979.99801066 320.31143758
v -2223.77176822 979.99801071 71.66505997
v -2224.86697319 979.99801066 297.47220419
v -2210.68562941 979.99801128 -908.24672954
v -2215.78963266 979.99801105 -893.10128254
v -2220.30867257 979.99801086 -823.18294738
v -2223.61506737 979.99801071 -784.61574753
v -2222.2906022 979.99801077 -732.43166556
v -2221.53156385 979.9980108 -614.74672907
v -2223.76665763 979.99801071 -302.67827804
v -2218.80889703 979.99801092 -373.01702337
v -2220.05278547 979.99801087 -189.01943421
v -2217.09526447 979.998011 -155.31783522
v -2219.67365297 979.99801089 -598.26027895
v -2218.20683406 979.99801095 -94.04878457
v -2217.68217479 979.99801097 -69.71406017
v -2218.72221191 979.99801093 -25.14966231
v -2218.71222669 979.99801093 -586.89400702
v -2216.98712746 979.998011 -550.85402907
v -2220.88232531 934.32943173 909.38980655
v -2230.246824 859.65242937 909.36148665
v -2223.75022878 557.99160202 909.38107865
v -2232.53831935 664.02590339 909.3544677
v -2233.33812512 688.71346439 909.35208737
v -2223.77464285 558.23604782 909.38101761
v -2231.49364882 828.81337902 909.35764149
v -2230.66625673 839.9957521 909.36020493
v -2223.54609481 -183.53946487 909.38175003
v -2223.63935703 -171.99173538 909.38150589
v -2224.83344936 -159.83901021 909.37784383
v -2235.12788756 -54.49465794 909.34665532
v -2223.90011749 246.00451094 909.38065141
v -2226.20871492 330.30553623 909.3736935
v -2220.11837703 196.17847656 909.39206482
v -2223.37058974 549.46993455 909.3822383
v -2231.58639154 126.04438945 909.35733632
v -2234.95601919 97.18116909 909.34714359
v -2236.2875617 86.69723654 909.34317636
v -2235.28316136 -46.1167893 909.34622808
v -2223.18919338 552.3507329 909.38284864
vn 0.02734 0.99912 -0.03169
vn 0.00206 0.99986 -0.01667
vn 0.01623 0.99974 0.01608
vn 0.00067 0.99966 0.02619
vn -0.99999 0.0046 -0
vn -0.99999 0.00458 -0
vn -0.99999 0.0046 -0
vn -0.99999 0.0046 -0
vn -0.96477 0.00443 0.26304
vn -0.99999 0.00459 0
vn -0.99806 0.00458 -0.06212
vn -0.99999 0.00459 0
vn -0.99999 0.00459 -0
vn -0.99999 0.00458 -0
vn -0.99999 0.00459 0
vn -0.99999 0.00458 -0
vn -0.99999 0.00456 0
vn -0.99999 0.0046 0
vn -0.99999 0.00461 0
vn -0.99999 0.00469 0
vn -1 0.00295 0
vn -1 0.0025 -2E-05
vn 0 0 1
vn 0.96865 -0.00293 0.24841
vn -0.00849 -0.25998 0.96558
vn 0.00495 0.03845 0.99925
vn -0.00798 -0.19784 0.9802
vn -0.0004 -0.01373 0.99991
vn -0.00039 -0.01789 0.99984
vn -0.00485 -0.06219 0.99805
vn 0.97854 -0.00296 -0.20604
vn 0 0 -1
vn 1 -0.00303 -0
vn 1 -0.00303 -0
vn 1 -0.00303 0
vn 1 -0.00305 0
vn 1 -0.00302 -0
vn 1 -0.00303 0
vn 1 -0.00303 0
vn 1 -0.00305 0
vn 1 -0.00303 0
vn 1 -0.00302 -0
vn 1 -0.00303 -0
vn 1 -0.00303 -0
vn 1 -0.00303 0
vn 1 -0.00302 0
vn 1 -0.00303 -0
vn 1 -0.00303 0
vn 1 -0.00302 0
vn 1 -0.00303 -0
vn 1 -0.00301 -0
vn 1 -0.00303 -0
vn 1 -0.00303 0
vt 0 1
vt 0.99995 1
vt 0 0
vt 0.99995 0
vt 0.99998 0.17599
vt 0.99999 0.12374
vt 0.99998 0.09221
vt 0.99997 0.05127
vt 0.99998 0
vt 0.99998 0.19101
vt 1 1
vt 0.99998 0.87833
vt 0.99999 0.82273
vt 0.99999 0.75861
vt 0.99999 0.74613
vt 0.99998 0.845
vt 0.99999 0.69514
vt 0.99998 0.6116
vt 0.99997 0.475
vt 0.99998 0.22085
vt 0.99998 0.22056
vt 0.99998 0.22129
vt 0.00515 0
vt 3E-05 0
vt 0.02832 0
vt 0.09285 0
vt 0.41916 0
vt 0.42401 0
vt 0.37859 0
vt 0.17358 0
vt 0.1633 0
vt 0.11491 0
vt 0.10265 0
vt 0.24854 0
vt 0.42469 0
vt 0.25611 0
vt 0.25307 0
vt 0.25187 0
vt 0.27511 0
vt 0.99081 0
vt 0.98194 0
vt 0.86583 0
vt 0.79916 0
vt 0.64438 0
vt 0.50621 0
vt 0.63676 0
vt 0.62358 0
vt 2E-05 1
vt 0.00529 1
vt 0.00617 1
vt 0.01255 1
vt 0.02943 1
vt 0.03816 1
vt 0.14972 1
vt 0.19 1
vt 0.24644 1
vt 0.38361 1
vt 0.43031 1
vt 0.3431 1
vt 0.30141 1
vt 0.3225 1
vt 0.45862 1
vt 0.33501 1
vt 0.99503 1
vt 0.98674 1
vt 0.94847 1
vt 0.92736 1
vt 0.89879 1
vt 0.83437 1
vt 0.66354 1
vt 0.70204 1
vt 0.60132 1
vt 0.58287 1
vt 0.82534 1
vt 0.54933 1
vt 0.53601 1
vt 0.51161 1
vt 0.81912 1
vt 0.79939 1
vt 3E-05 0.96194
vt 5E-05 0.89971
vt 4E-05 0.64833
vt 5E-05 0.73669
vt 5E-05 0.75726
vt 4E-05 0.64853
vt 5E-05 0.87401
vt 5E-05 0.88333
vt 4E-05 0.03039
vt 4E-05 0.04001
vt 4E-05 0.05014
vt 6E-05 0.13792
vt 4E-05 0.38834
vt 4E-05 0.45859
vt 3E-05 0.34682
vt 4E-05 0.64123
vt 5E-05 0.28837
vt 6E-05 0.26432
vt 6E-05 0.25558
vt 6E-05 0.14491
vt 4E-05 0.64363
usemtl mat2
f 3599/17/3587 3600/18/3588 3601/19/3589
f 3600/18/3588 3602/20/3590 3601/19/3589
f 3603/21/3591 3604/22/3592 3605/23/3593
f 3606/24/3594 3607/25/3595 3602/20/3590
f 3603/21/3591 3605/23/3593 3606/24/3594
f 3603/21/3591 3606/24/3594 3602/20/3590
f 3608/26/3596 3603/21/3591 3602/20/3590
f 3600/18/3588 3609/27/3597 3610/28/3598
f 3611/29/3599 3612/30/3600 3613/31/3601
f 3600/18/3588 3610/28/3598 3614/32/3602
f 3600/18/3588 3608/26/3596 3602/20/3590
f 3613/31/3601 3615/33/3603 3616/34/3604
f 3611/29/3599 3613/31/3601 3616/34/3604
f 3600/18/3588 3614/32/3602 3611/29/3599
f 3600/18/3588 3611/29/3599 3616/34/3604
f 3600/18/3588 3616/34/3604 3617/35/3605
f 3600/18/3588 3617/35/3605 3608/26/3596
f 3618/36/3606 3619/37/3607 3608/26/3596
f 3617/35/3605 3618/36/3606 3608/26/3596
f 3617/35/3605 3620/38/3608 3618/36/3606
f 3621/39/3609 3622/40/3610 3601/19/3589
f 3623/41/3609 3621/39/3609 3601/19/3589
f 3624/42/3609 3623/41/3609 3601/19/3589
f 3625/43/3611 3626/44/3612 3627/45/3613
f 3628/46/3609 3629/47/3609 3630/48/3609
f 3630/48/3609 3631/49/3609 3624/42/3609
f 3630/48/3609 3624/42/3609 3601/19/3589
f 3628/46/3609 3630/48/3609 3601/19/3589
f 3632/50/3614 3628/46/3609 3601/19/3589
f 3633/51/3615 3632/50/3614 3601/19/3589
f 3634/52/3609 3635/53/3609 3636/54/3609
f 3625/43/3611 3627/45/3613 3637/55/3616
f 3634/52/3609 3636/54/3609 3632/50/3614
f 3637/55/3616 3634/52/3609 3632/50/3614
f 3625/43/3611 3637/55/3616 3632/50/3614
f 3633/51/3615 3625/43/3611 3632/50/3614
f 3602/20/3590 3607/25/3595 3638/56/3609
f 3602/20/3590 3638/56/3609 3639/57/3609
f 3602/20/3590 3639/57/3609 3640/58/3609
f 3602/20/3590 3640/58/3609 3641/59/3609
f 3602/20/3590 3641/59/3609 3642/60/3609
f 3643/61/3609 3633/51/3615 3601/19/3589
f 3602/20/3590 3643/61/3609 3601/19/3589
f 3644/62/3609 3645/63/3609 3643/61/3609
f 3602/20/3590 3644/62/3609 3643/61/3609
f 3602/20/3590 3642/60/3609 3644/62/3609
f 3646/64/3617 3647/65/3618 3599/17/3587
f 3647/65/3618 3648/66/3618 3599/17/3587
f 3648/66/3618 3649/67/3618 3599/17/3587
f 3649/67/3618 3650/68/3618 3599/17/3587
f 3650/68/3618 3651/69/3618 3599/17/3587
f 3651/69/3618 3652/70/3618 3599/17/3587
f 3653/71/3618 3654/72/3618 3652/70/3618
f 3652/70/3618 3654/72/3618 3599/17/3587
f 3655/73/3618 3656/74/3618 3657/75/3618
f 3658/76/3618 3659/77/3618 3654/72/3618
f 3654/72/3618 3659/77/3618 3599/17/3587
f 3659/77/3618 3660/78/3618 3599/17/3587
f 3656/74/3618 3660/78/3618 3657/75/3618
f 3657/75/3618 3660/78/3618 3661/79/3618
f 3661/79/3618 3660/78/3618 3659/77/3618
f 3609/27/3597 3600/18/3588 3662/80/3618
f 3662/80/3618 3600/18/3588 3663/81/3618
f 3663/81/3618 3600/18/3588 3664/82/3618
f 3664/82/3618 3600/18/3588 3665/83/3618
f 3665/83/3618 3600/18/3588 3666/84/3618
f 3666/84/3618 3600/18/3588 3667/85/3618
f 3668/86/3618 3669/87/3618 3670/88/3618
f 3670/88/3618 3669/87/3618 3671/89/3618
f 3667/85/3618 3600/18/3588 3672/90/3618
f 3673/91/3618 3671/89/3618 3674/92/3618
f 3660/78/3618 3675/93/3618 3599/17/3587
f 3675/93/3618 3600/18/3588 3599/17/3587
f 3672/90/3618 3600/18/3588 3676/94/3618
f 3676/94/3618 3600/18/3588 3677/95/3618
f 3677/95/3618 3600/18/3588 3669/87/3618
f 3669/87/3618 3600/18/3588 3671/89/3618
f 3674/92/3618 3600/18/3588 3675/93/3618
f 3671/89/3618 3600/18/3588 3674/92/3618
f 3646/64/3617 3599/17/3587 3678/96/3619
f 3678/96/3619 3599/17/3587 3679/97/3620
f 3679/97/3620 3599/17/3587 3680/98/3621
f 3681/99/3622 3682/100/3623 3683/101/3624
f 3682/100/3623 3684/102/3625 3683/101/3624
f 3685/103/3626 3679/97/3620 3680/98/3621
f 3684/102/3625 3685/103/3626 3683/101/3624
f 3683/101/3624 3685/103/3626 3680/98/3621
f 3622/40/3610 3686/104/3627 3601/19/3589
f 3686/104/3627 3687/105/3628 3601/19/3589
f 3687/105/3628 3688/106/3629 3601/19/3589
f 3688/106/3629 3689/107/3630 3601/19/3589
f 3690/108/3631 3691/109/3632 3692/110/3633
f 3691/109/3632 3693/111/3634 3692/110/3633
f 3694/112/3635 3692/110/3633 3695/113/3636
f 3696/114/3637 3695/113/3636 3697/115/3638
f 3695/113/3636 3692/110/3633 3697/115/3638
f 3689/107/3630 3697/115/3638 3601/19/3589
f 3697/115/3638 3692/110/3633 3601/19/3589
f 3692/110/3633 3599/17/3587 3601/19/3589
f 3680/98/3621 3599/17/3587 3698/116/3639
f 3698/116/3639 3599/17/3587 3692/110/3633
f 3693/111/3634 3698/116/3639 3692/110/3633
# Vertices: 100, normals: 53, texture coordinates: 100, faces: 102

o obj7
v 918.48577222 979.99814806 2225.63155165
v -926.48987493 979.99806741 2221.50614401
v 918.48582468 -220.0034236 2225.63155165
v -926.48982248 -220.00350424 2221.50614401
v -926.50100068 -10.06629511 2230.90482565
v -926.49995394 -220.00350424 2229.9946694
v -926.50118415 -1.59644267 2231.04300925
v -926.50043363 979.99806741 2230.35257956
v -926.50127976 789.42915872 2231.07914206
v -926.5012181 775.1940513 2231.0300698
v -926.50140082 766.48726419 2231.18412253
v -926.50175535 499.6133323 2231.49173972
v -926.50106386 39.21923211 2230.97025534
v -926.50148999 13.9134765 2231.29642722
v 918.50462468 -220.0034236 2252.46993055
v 911.18797441 -220.00342392 2255.23457931
v 902.17924645 -220.00342431 2256.77193322
v 651.86473232 -220.00343525 2257.61837971
v -7.48666429 -220.00346407 2256.43701205
v -182.90661486 -220.00347174 2254.44849432
v -7.48671436 -220.00346407 2256.43701205
v -901.48799075 -220.00350315 2236.81083042
v -897.61592039 -220.00350298 2238.04618181
v -820.60639882 -220.00349961 2239.88211595
v -275.60688651 -220.00347579 2253.39771713
v 918.50103196 979.99814806 2247.43013563
v 915.30968677 979.99814792 2247.96480374
v 882.6285957 979.99814649 2253.32759814
v 772.4279731 979.99814167 2252.36300335
v 659.29949398 979.99813673 2249.68502977
v 293.7000981 979.99812075 2246.78221372
v 87.04084214 979.99811171 2247.38549424
v -919.89777235 979.9980677 2233.74320427
v -878.39118007 979.99806951 2244.74735285
v -869.63544269 979.9980699 2246.43778215
v -472.44067942 979.99808726 2248.44313589
v -18.84955205 979.99810709 2247.69482504
v 918.49554223 893.56254015 2239.56734266
v 918.49523942 839.10410509 2239.20845595
v 918.49341296 731.29368029 2236.49141493
v 918.49775138 625.03330431 2242.74507704
v 918.49506337 677.37229357 2238.84590712
v 918.49983126 520.66599474 2245.68868055
v 918.50147704 572.55698595 2248.00093641
v 918.49983117 522.73655138 2245.72066298
v 918.49802581 -67.72571364 2243.04195204
v 918.49546112 -43.54992476 2239.38594618
v 918.50240723 238.64072618 2249.31050673
v 918.50100126 285.94849596 2247.31563368
v 918.49844194 187.29024706 2243.60298719
v 918.49861542 407.79252062 2243.94624891
v 918.49386733 111.41732225 2237.0495204
v 918.49576384 13.02078066 2239.88619032
v 918.49316953 714.61673937 2236.07124891
vn -0.99949 0.01332 -0.02907
vn -0.99987 -0.00251 -0.01571
vn -0.99975 0.00709 0.02136
vn -0.99949 -0.00376 0.03161
vn -0.00119 -1 -0
vn -0.00118 -0.99297 0.11834
vn -0.00119 -1 0
vn -0.0012 -0.9994 -0.03465
vn -0.0012 -1 0
vn -0.00122 -1 0
vn -0.00119 -1 -0
vn -0.0012 -1 0
vn -0.0012 -1 0
vn -0.00115 -1 -0
vn -0.0007 0.99885 0.04801
vn 0 0 1
vn -0.0007 0.99932 -0.0369
vn 0 0 -1
vn -0.0007 1 0
vn -0.00069 1 -0
vn -0.00069 1 -0
vn -0.00069 1 -0
vn -0.00069 1 -0
vn -0.00069 1 -0
vn -0.00071 1 0
vn -0.0007 1 -0
vn -0.0007 1 0
vn -0.00071 1 -0
vn -0.00071 1 -0
vn -0.0007 1 -0
vn -0.0007 1 -0
vn -0.0007 1 -0
vn -0.0007 1 0
vn -0.0007 1 0
vn -0.0007 1 0
vt 0.99999 1
vt 1E-05 1
vt 0.99999 0
vt 1E-05 0
vt 0 0.17495
vt 0 0
vt 0 0.18201
vt 0 1
vt 0 0.84119
vt 0 0.82933
vt 0 0.82207
vt 0 0.59968
vt 0 0.21602
vt 0 0.19493
vt 1 0
vt 0.99603 0
vt 0.99115 0
vt 0.85548 0
vt 0.49811 0
vt 0.40303 0
vt 0.49811 0
vt 0.01356 0
vt 0.01566 0
vt 0.0574 0
vt 0.35279 0
vt 1 1
vt 0.99827 1
vt 0.98056 1
vt 0.92083 1
vt 0.85951 1
vt 0.66135 1
vt 0.54934 1
vt 0.00358 1
vt 0.02608 1
vt 0.03082 1
vt 0.2461 1
vt 0.49195 1
vt 1 0.92797
vt 0.99999 0.88259
vt 0.99999 0.79275
vt 1 0.7042
vt 0.99999 0.74781
vt 1 0.61722
vt 1 0.66047
vt 1 0.61895
vt 1 0.1269
vt 1 0.14704
vt 1 0.3822
vt 1 0.42163
vt 1 0.33941
vt 1 0.52316
vt 0.99999 0.27618
vt 1 0.19419
vt 0.99999 0.77885
usemtl mat2
f 3699/117/3640 3700/118/3641 3701/119/3642
f 3700/118/3641 3702/120/3643 3701/119/3642
f 3702/120/3643 3703/121/3644 3704/122/3645
f 3705/123/3646 3703/121/3644 3702/120/3643
f 3700/118/3641 3706/124/3647 3707/125/3648
f 3700/118/3641 3705/123/3646 3702/120/3643
f 3700/118/3641 3707/125/3648 3708/126/3649
f 3700/118/3641 3708/126/3649 3709/127/3650
f 3700/118/3641 3709/127/3650 3710/128/3651
f 3711/129/3652 3712/130/3653 3705/123/3646
f 3700/118/3641 3711/129/3652 3705/123/3646
f 3700/118/3641 3710/128/3651 3711/129/3652
f 3713/131/3654 3701/119/3642 3714/132/3655
f 3714/132/3655 3701/119/3642 3715/133/3655
f 3715/133/3655 3701/119/3642 3716/134/3655
f 3701/119/3642 3717/135/3655 3716/134/3655
f 3718/136/3655 3719/137/3655 3717/135/3655
f 3701/119/3642 3718/136/3655 3717/135/3655
f 3702/120/3643 3704/122/3645 3720/138/3655
f 3702/120/3643 3720/138/3655 3721/139/3655
f 3702/120/3643 3721/139/3655 3722/140/3655
f 3702/120/3643 3722/140/3655 3723/141/3655
f 3701/119/3642 3702/120/3643 3718/136/3655
f 3702/120/3643 3723/141/3655 3718/136/3655
f 3699/117/3640 3724/142/3656 3725/143/3657
f 3699/117/3640 3725/143/3657 3726/144/3657
f 3727/145/3657 3699/117/3640 3726/144/3657
f 3728/146/3657 3699/117/3640 3727/145/3657
f 3699/117/3640 3729/147/3657 3730/148/3657
f 3729/147/3657 3699/117/3640 3728/146/3657
f 3706/124/3647 3700/118/3641 3731/149/3657
f 3731/149/3657 3700/118/3641 3732/150/3657
f 3732/150/3657 3700/118/3641 3733/151/3657
f 3733/151/3657 3700/118/3641 3734/152/3657
f 3700/118/3641 3735/153/3657 3734/152/3657
f 3700/118/3641 3699/117/3640 3730/148/3657
f 3700/118/3641 3730/148/3657 3735/153/3657
f 3724/142/3656 3699/117/3640 3736/154/3658
f 3736/154/3658 3699/117/3640 3737/155/3659
f 3737/155/3659 3699/117/3640 3738/156/3660
f 3739/157/3661 3740/158/3662 3741/159/3663
f 3742/160/3664 3739/157/3661 3743/161/3665
f 3743/161/3665 3739/157/3661 3741/159/3663
f 3744/162/3666 3701/119/3642 3713/131/3654
f 3744/162/3666 3745/163/3667 3701/119/3642
f 3746/164/3668 3747/165/3669 3748/166/3670
f 3747/165/3669 3749/167/3671 3748/166/3670
f 3748/166/3670 3749/167/3671 3750/168/3672
f 3745/163/3667 3751/169/3673 3701/119/3642
f 3741/159/3663 3740/158/3662 3749/167/3671
f 3749/167/3671 3740/158/3662 3750/168/3672
f 3751/169/3673 3750/168/3672 3701/119/3642
f 3750/168/3672 3699/117/3640 3701/119/3642
f 3740/158/3662 3752/170/3674 3750/168/3672
f 3738/156/3660 3699/117/3640 3752/170/3674
f 3752/170/3674 3699/117/3640 3750/168/3672
# Vertices: 54, normals: 35, texture coordinates: 54, faces: 56

o obj8
v 2232.69775244 979.9982055 946.43251959
v 926.93364812 979.99814843 2223.87593604
v 2232.69780489 -220.00336615 946.43251959
v 926.93370058 -220.00342323 2223.87593604
v 942.12931599 -152.70506746 2239.37593538
v 945.02336203 -220.00342244 2242.32808369
v 941.09910252 -129.45227515 2238.32515418
v 933.52597847 -47.26310083 2230.60030099
v 933.83023633 7.86038714 2230.91060371
v 942.29122303 287.41294402 2239.54121858
v 942.83132624 216.59990999 2240.0919998
v 938.00198342 145.69434642 2235.16597462
v 944.06203856 230.97237708 2241.34737084
v 945.57805813 979.99814924 2242.89400164
v 937.82690254 878.81815623 2234.98750783
v 940.68971926 338.46149742 2237.90767372
v 937.78423932 870.74729441 2234.94380666
v 934.33521119 695.25443537 2231.42574041
v 935.70602532 111.98581971 2232.82417785
v 934.96271418 683.42820249 2232.0658771
v 943.12971141 576.35764621 2240.39644315
v 942.93934299 570.80356905 2240.20235136
v 940.33943772 355.92051229 2237.55025187
v 934.45236381 97.10216792 2231.54512517
v 934.22287172 94.55678827 2231.31123846
v 934.29318435 91.72279627 2231.3830158
v 2252.47685851 -220.00336529 966.53157879
v 2247.32768889 -220.00336551 973.54433536
v 2225.39092254 -220.00336647 1001.57448769
v 2002.67804181 -220.00337621 1227.97537633
v 1880.34503919 -220.00338155 1346.8111971
v 1749.69990314 -220.00338726 1473.76335125
v 1542.56600064 -220.00339632 1671.21477632
v 1659.404863 -220.00339121 1560.92631907
v 1505.23262786 -220.00339795 1699.7117262
v 1726.55378583 -220.00338828 1493.30192648
v 955.84526126 -220.00342196 2238.17500705
v 975.3868255 -220.00342111 2222.21626596
v 993.21787949 -220.00342033 2206.14351127
v 1058.39793032 -220.00341748 2140.299026
v 1142.21872738 -220.00341382 2055.24433484
v 1187.61240241 -220.00341183 2015.61213071
v 1214.84714253 -220.00341064 1990.606026
v 1321.0436711 -220.003406 1884.62103601
v 1334.07528675 -220.00340543 1871.81488309
v 1485.62886881 -220.00339881 1716.08843604
v 1489.97005513 -220.00339862 1711.36187335
v 2245.59814364 979.99820607 959.54140575
v 2230.40185554 979.9982054 981.67257096
v 2197.73779454 979.99820398 1016.031276
v 2120.0063527 979.99820058 1095.47695811
v 2039.98450549 979.99819708 1172.58413935
v 1745.31276563 979.9981842 1471.59306336
v 1705.63637591 979.99818247 1514.70915396
v 1673.34487331 979.99818105 1544.54350596
v 1792.82777786 979.99818628 1416.25407202
v 1641.83559733 979.99817968 1575.65568995
v 1554.27639667 979.99817585 1654.50701214
v 1993.83375099 979.99819506 1226.01627027
v 1861.26381035 979.99818927 1355.29752606
v 1820.50026213 979.99818749 1391.65604835
v 2014.13233398 979.99819595 1203.38492173
v 1516.76931811 979.99817421 1689.25603722
v 2024.17884226 979.99819639 1191.59671328
v 1501.15554922 979.99817353 1703.93340606
v 948.76018702 979.99814938 2242.36055423
v 996.54747832 979.99815147 2215.54243691
v 1007.03447748 979.99815193 2207.36592278
v 1004.35070075 979.99815181 2210.21846196
v 1119.51494124 979.99815685 2093.26557606
v 1191.01139785 979.99815997 2016.52680341
v 1273.40702401 979.99816357 1931.41266406
v 1365.93631689 979.99816762 1840.11981334
v 1468.55594119 979.9981721 1734.57781667
v 1421.96426858 979.99817007 1784.85955698
v 2248.2731971 876.73227601 962.25997253
v 2249.62232582 703.49039374 963.63088311
v 2252.40432029 430.85523151 966.45784832
v 2252.09695119 340.26853106 966.14540937
v 2252.37453207 500.94519733 966.42733074
v 2249.53150561 701.0403205 963.53847589
v 2249.62965027 698.27249824 963.63820733
v 2249.49732596 700.18637763 963.50374689
v 2252.36235476 -179.15435101 966.41494061
v 2251.83134576 -107.72699813 965.87545089
v 2249.36503441 -47.27569666 963.36928644
v 2251.69363605 221.39330216 965.73549728
vn -0.72921 -0.68328 -0.03713
vn -0.71168 -0.70223 -0.01982
vn -0.72208 -0.69136 0.02506
vn -0.70645 -0.7069 0.03504
vn 0.70006 -0.71409 -0
vn 0.69148 -0.70533 0.15609
vn 0.70006 -0.71408 -0
vn 0.70006 -0.71408 0
vn 0.70006 -0.71408 0
vn 0.70005 -0.71409 0
vn 0.70006 -0.71409 0
vn 0.70006 -0.71408 0
vn 0.70005 -0.71409 0
vn 0.69982 -0.71384 -0.02614
vn 0.70006 -0.71409 0
vn 0.70006 -0.71408 0
vn 0.70006 -0.71408 -0
vn 0.70006 -0.71408 0
vn 0.70007 -0.71408 0
vn 0.70006 -0.71408 0
vn 0.70006 -0.71408 0
vn 0.70006 -0.71408 0
vn 0.70006 -0.71408 0
vn 0.70006 -0.71408 0
vn 0.70004 -0.7141 0
vn 0.69996 -0.71418 -0
vn -0.6864 0.6975 0.20577
vn 0 0 1
vn -0.67963 0.69062 -0.24728
vn 0 0 -1
vn -0.70141 0.71275 0
vn -0.70141 0.71276 -0
vn -0.70142 0.71275 0
vn -0.70141 0.71275 0
vn -0.70141 0.71276 -0
vn -0.70144 0.71273 0
vn -0.70155 0.71262 0
vn -0.70141 0.71276 -0
vn -0.70141 0.71275 0
vn -0.70141 0.71275 -0
vn -0.70142 0.71275 -0
vn -0.70141 0.71275 -0
vt 1 1
vt 0.01467 1
vt 1 0
vt 0.01467 0
vt 0.00271 0.05608
vt 0.00044 0
vt 0.00352 0.07546
vt 0.00948 0.14395
vt 0.00924 0.18989
vt 0.00259 0.42285
vt 0.00216 0.36384
vt 0.00596 0.30475
vt 0.00119 0.37581
vt 0 1
vt 0.0061 0.91568
vt 0.00385 0.46539
vt 0.00613 0.90896
vt 0.00885 0.76271
vt 0.00777 0.27666
vt 0.00835 0.75286
vt 0.00193 0.66363
vt 0.00208 0.659
vt 0.00412 0.47994
vt 0.00875 0.26425
vt 0.00893 0.26213
vt 0.00888 0.25977
vt 0.9845 0
vt 0.97909 0
vt 0.95747 0
vt 0.78284 0
vt 0.69118 0
vt 0.59325 0
vt 0.44095 0
vt 0.52602 0
vt 0.41897 0
vt 0.57818 0
vt 0.00364 0
vt 0.01595 0
vt 0.02835 0
vt 0.07913 0
vt 0.14474 0
vt 0.17531 0
vt 0.1946 0
vt 0.27635 0
vt 0.28622 0
vt 0.40634 0
vt 0.40999 0
vt 0.98989 1
vt 0.97282 1
vt 0.94632 1
vt 0.88504 1
vt 0.82556 1
vt 0.59493 1
vt 0.56167 1
vt 0.53866 1
vt 0.63761 1
vt 0.51466 1
vt 0.45384 1
vt 0.78435 1
vt 0.68463 1
vt 0.65659 1
vt 0.8018 1
vt 0.42704 1
vt 0.8109 1
vt 0.41572 1
vt 0.00041 1
vt 0.0211 1
vt 0.0274 1
vt 0.0252 1
vt 0.11541 1
vt 0.1746 1
vt 0.24025 1
vt 0.31067 1
vt 0.39208 1
vt 0.3533 1
vt 0.98779 0.91395
vt 0.98673 0.76958
vt 0.98455 0.54238
vt 0.98479 0.46689
vt 0.98458 0.60079
vt 0.98681 0.76754
vt 0.98673 0.76523
vt 0.98683 0.76682
vt 0.98459 0.03404
vt 0.985 0.09356
vt 0.98694 0.14394
vt 0.98511 0.36783
usemtl mat2
f 3753/171/3675 3754/172/3676 3755/173/3677
f 3755/173/3677 3754/172/3676 3756/174/3678
f 3756/174/3678 3757/175/3679 3758/176/3680
f 3759/177/3681 3757/175/3679 3756/174/3678
f 3760/178/3682 3759/177/3681 3756/174/3678
f 3761/179/3683 3760/178/3682 3756/174/3678
f 3762/180/3684 3763/181/3685 3764/182/3686
f 3762/180/3684 3765/183/3687 3763/181/3685
f 3754/172/3676 3766/184/3688 3767/185/3689
f 3768/186/3690 3762/180/3684 3764/182/3686
f 3754/172/3676 3767/185/3689 3769/187/3691
f 3754/172/3676 3769/187/3691 3770/188/3692
f 3768/186/3690 3764/182/3686 3771/189/3693
f 3754/172/3676 3770/188/3692 3756/174/3678
f 3770/188/3692 3761/179/3683 3756/174/3678
f 3772/190/3694 3773/191/3695 3774/192/3696
f 3772/190/3694 3774/192/3696 3775/193/3697
f 3768/186/3690 3771/189/3693 3776/194/3698
f 3775/193/3697 3768/186/3690 3776/194/3698
f 3770/188/3692 3772/190/3694 3775/193/3697
f 3777/195/3699 3778/196/3700 3761/179/3683
f 3770/188/3692 3775/193/3697 3776/194/3698
f 3770/188/3692 3777/195/3699 3761/179/3683
f 3770/188/3692 3776/194/3698 3777/195/3699
f 3779/197/3701 3755/173/3677 3780/198/3702
f 3780/198/3702 3755/173/3677 3781/199/3702
f 3781/199/3702 3755/173/3677 3782/200/3702
f 3782/200/3702 3755/173/3677 3783/201/3702
f 3783/201/3702 3755/173/3677 3784/202/3702
f 3785/203/3702 3786/204/3702 3787/205/3702
f 3786/204/3702 3788/206/3702 3787/205/3702
f 3784/202/3702 3755/173/3677 3788/206/3702
f 3788/206/3702 3755/173/3677 3787/205/3702
f 3789/207/3702 3756/174/3678 3758/176/3680
f 3790/208/3702 3756/174/3678 3789/207/3702
f 3790/208/3702 3791/209/3702 3756/174/3678
f 3791/209/3702 3792/210/3702 3756/174/3678
f 3792/210/3702 3793/211/3702 3756/174/3678
f 3793/211/3702 3794/212/3702 3756/174/3678
f 3795/213/3702 3796/214/3702 3794/212/3702
f 3794/212/3702 3796/214/3702 3756/174/3678
f 3796/214/3702 3755/173/3677 3756/174/3678
f 3797/215/3702 3798/216/3702 3796/214/3702
f 3798/216/3702 3799/217/3702 3796/214/3702
f 3787/205/3702 3755/173/3677 3799/217/3702
f 3799/217/3702 3755/173/3677 3796/214/3702
f 3753/171/3675 3800/218/3703 3801/219/3704
f 3753/171/3675 3801/219/3704 3802/220/3704
f 3753/171/3675 3802/220/3704 3803/221/3704
f 3753/171/3675 3803/221/3704 3804/222/3704
f 3805/223/3704 3806/224/3704 3807/225/3704
f 3808/226/3704 3805/223/3704 3807/225/3704
f 3807/225/3704 3809/227/3704 3810/228/3704
f 3808/226/3704 3807/225/3704 3810/228/3704
f 3811/229/3704 3812/230/3704 3813/231/3704
f 3814/232/3704 3811/229/3704 3813/231/3704
f 3814/232/3704 3813/231/3704 3808/226/3704
f 3808/226/3704 3810/228/3704 3815/233/3704
f 3816/234/3704 3814/232/3704 3808/226/3704
f 3804/222/3704 3816/234/3704 3808/226/3704
f 3753/171/3675 3804/222/3704 3808/226/3704
f 3753/171/3675 3808/226/3704 3817/235/3704
f 3808/226/3704 3815/233/3704 3817/235/3704
f 3754/172/3676 3818/236/3704 3766/184/3688
f 3754/172/3676 3819/237/3704 3818/236/3704
f 3820/238/3704 3821/239/3704 3819/237/3704
f 3820/238/3704 3819/237/3704 3754/172/3676
f 3822/240/3704 3820/238/3704 3754/172/3676
f 3823/241/3704 3822/240/3704 3754/172/3676
f 3824/242/3704 3823/241/3704 3754/172/3676
f 3753/171/3675 3817/235/3704 3754/172/3676
f 3825/243/3704 3824/242/3704 3754/172/3676
f 3826/244/3704 3827/245/3704 3825/243/3704
f 3826/244/3704 3825/243/3704 3754/172/3676
f 3817/235/3704 3826/244/3704 3754/172/3676
f 3800/218/3703 3753/171/3675 3828/246/3705
f 3828/246/3705 3753/171/3675 3829/247/3706
f 3830/248/3707 3753/171/3675 3831/249/3708
f 3832/250/3709 3753/171/3675 3830/248/3707
f 3829/247/3706 3753/171/3675 3833/251/3710
f 3834/252/3711 3835/253/3712 3832/250/3709
f 3833/251/3710 3753/171/3675 3835/253/3712
f 3835/253/3712 3753/171/3675 3832/250/3709
f 3836/254/3713 3755/173/3677 3779/197/3701
f 3836/254/3713 3837/255/3714 3755/173/3677
f 3837/255/3714 3838/256/3715 3755/173/3677
f 3831/249/3708 3753/171/3675 3755/173/3677
f 3839/257/3716 3831/249/3708 3755/173/3677
f 3838/256/3715 3839/257/3716 3755/173/3677
# Vertices: 87, normals: 42, texture coordinates: 87, faces: 89

o obj9
v 2232.29190952 979.99820549 -911.32095939
v 2239.36620891 979.9982058 933.64540993
v 2232.29196197 -220.00336617 -911.32095939
v 2239.36626137 -220.00336586 933.64540993
v 2266.24907051 -143.30176556 933.51192486
v 2266.89262855 -220.00336466 933.50868997
v 2263.93070941 -103.9813845 933.52346061
v 2262.47318791 -58.9110568 933.53072386
v 2264.5896408 -8.8511755 933.52010365
v 2268.0073553 222.35181423 933.50313573
v 2268.78713384 373.7305374 933.49935151
v 2268.73195432 459.23423003 933.49959565
v 2260.41113078 979.99820672 933.54091682
v 2264.65551992 879.91141491 933.5198595
v 2266.1005891 861.05490862 933.51265729
v 2261.52393309 766.30948606 933.53536257
v 2268.64210449 598.49607085 933.5000229
v 2259.46558522 726.59574085 933.54555553
v 2267.91700497 641.11899562 933.50362401
v 2268.0686165 636.53702541 933.50283055
v 2268.2089976 631.03800198 933.50222019
v 2264.92794829 -220.00336474 -911.54538709
v 2276.9069537 -220.00336422 -877.11832462
v 2281.61130014 -220.00336401 -860.24076135
v 2282.39182295 -220.00336398 -740.46518766
v 2283.74193019 -220.00336392 -521.2872092
v 2282.534169 -220.00336397 -464.47452604
v 2282.78173429 -220.00336396 -311.23252166
v 2279.50952283 -220.0033641 -189.2034993
v 2276.70581493 -220.00336423 -119.663483
v 2275.10547713 -220.0033643 -28.19904163
v 2279.57863778 -220.0033641 340.54625656
v 2275.09645085 -220.0033643 130.11580631
v 2278.04080162 -220.00336417 469.43349417
v 2275.11915435 -220.0033643 93.88185093
v 2277.56985593 -220.00336419 505.44338189
v 2271.37602637 -220.00336446 919.35451497
v 2276.09501982 -220.00336425 903.66353576
v 2276.26371998 -220.00336425 880.47133605
v 2277.07523933 -220.00336421 786.95088924
v 2275.34793953 -220.00336429 675.32631656
v 2258.93155794 979.99820665 -911.5041881
v 2268.56730092 979.99820707 -893.42606352
v 2268.8243812 979.99820708 -888.8235855
v 2268.37785055 979.99820706 -830.55161283
v 2266.24870165 979.99820697 -796.36576068
v 2266.2372307 979.99820697 -712.58945453
v 2268.03190927 979.99820705 -693.62119289
v 2280.0182436 979.99820757 -551.47202349
v 2278.28484724 979.9982075 -504.00061839
v 2273.02459801 979.99820727 -397.10489672
v 2275.02998257 979.99820735 -88.88679531
v 2278.22920669 979.99820749 33.85264929
v 2274.78438639 979.99820734 123.56553625
v 2268.11715383 979.99820705 209.6655045
v 2270.47796905 979.99820716 -353.65827185
v 2271.37055469 979.99820719 -181.75112162
v 2266.21801394 979.99820697 896.83742535
v 2273.60863766 979.99820729 867.44472484
v 2275.93431693 979.99820739 768.50197571
v 2275.23484738 979.99820736 616.2439191
v 2267.54318237 979.99820703 281.8152085
v 2272.03488467 979.99820722 352.33522783
v 2271.84225966 979.99820722 396.67128741
v 2274.1188794 979.99820732 589.21108224
v 2266.94039668 979.998207 224.86219034
v 2259.11027 954.33390002 -911.50540881
v 2256.63005268 787.57413428 -911.48831886
v 2256.3549072 764.81888525 -911.48642675
v 2253.58660195 643.47080163 -911.4674447
v 2259.37786793 501.30356556 -911.50723987
v 2263.35932031 339.57862066 -911.5345838
v 2263.40644153 292.12180304 -911.53501105
v 2263.66352326 254.37487007 -911.53672004
v 2263.66327912 254.35677314 -911.53672004
v 2266.90963241 -97.99382791 -911.55899802
v 2266.81685773 -69.54634867 -911.5584487
v 2266.49288037 -6.67398273 -911.55612934
v 2262.90791147 175.50673649 -911.53153202
vn -0.02007 -0.99874 -0.04608
vn 0.0143 -0.99972 -0.01872
vn -0.00835 -0.99945 0.03202
vn 0.02744 -0.99882 0.03997
vn 0.99999 0.00497 0
vn 0.98344 0.00489 0.18119
vn 0.99999 0.00497 0
vn 0.99999 0.00496 -0
vn 0.99999 0.00497 -0
vn 0.99999 0.00497 0
vn 0.99999 0.00497 0
vn 0.99999 0.00497 -0
vn 0.93894 0.00466 -0.34405
vn 0.99999 0.00497 -0
vn 0.99999 0.00497 0
vn 0.99999 0.00496 0
vn 0.99999 0.00497 -0
vn 0.99999 0.00496 0
vn 0.99999 0.00493 0
vn 0.99999 0.005 -0
vn 0.99999 0.00496 0
vn -0.96223 -0.00662 0.27216
vn 0 0 1
vn -0.81653 -0.00562 -0.57728
vn 0 0 -1
vn -0.99998 -0.00688 0
vn -0.99998 -0.00688 0
vn -0.99998 -0.00687 -0
vn -0.99998 -0.00688 0
vn -0.99998 -0.00688 0
vn -0.99998 -0.00687 -0
vn -0.99998 -0.00688 -0
vn -1 -0.00262 -3E-05
vn -0.99998 -0.00688 0
vn -0.99998 -0.00687 0
vn -0.99998 -0.00688 0
vn -0.99998 -0.00688 -0
vn -0.99998 -0.00688 0
vt 0.99987 1
vt 0 1
vt 0.99987 0
vt 0 0
vt 7E-05 0.06392
vt 7E-05 0
vt 7E-05 0.09668
vt 6E-05 0.13424
vt 7E-05 0.17596
vt 8E-05 0.36863
vt 8E-05 0.49478
vt 8E-05 0.56603
vt 6E-05 1
vt 7E-05 0.91659
vt 7E-05 0.90088
vt 6E-05 0.82193
vt 8E-05 0.68208
vt 5E-05 0.78883
vt 8E-05 0.7176
vt 8E-05 0.71378
vt 8E-05 0.7092
vt 0.99999 0
vt 0.98134 0
vt 0.97219 0
vt 0.90728 0
vt 0.78849 0
vt 0.7577 0
vt 0.67466 0
vt 0.60852 0
vt 0.57084 0
vt 0.52127 0
vt 0.32143 0
vt 0.43547 0
vt 0.25158 0
vt 0.45511 0
vt 0.23206 0
vt 0.00774 0
vt 0.01625 0
vt 0.02882 0
vt 0.0795 0
vt 0.13999 0
vt 0.99997 1
vt 0.99017 1
vt 0.98768 1
vt 0.9561 1
vt 0.93757 1
vt 0.89217 1
vt 0.88189 1
vt 0.80485 1
vt 0.77913 1
vt 0.72119 1
vt 0.55416 1
vt 0.48764 1
vt 0.43902 1
vt 0.39236 1
vt 0.69765 1
vt 0.60448 1
vt 0.01995 1
vt 0.03588 1
vt 0.0895 1
vt 0.17201 1
vt 0.35326 1
vt 0.31504 1
vt 0.29101 1
vt 0.18666 1
vt 0.38412 1
vt 0.99997 0.97861
vt 0.99996 0.83965
vt 0.99996 0.82068
vt 0.99995 0.71956
vt 0.99997 0.60109
vt 0.99999 0.46632
vt 0.99999 0.42677
vt 0.99999 0.39531
vt 0.99999 0.3953
vt 1 0.10167
vt 1 0.12538
vt 1 0.17777
vt 0.99999 0.32959
usemtl mat2
f 3840/258/3717 3841/259/3718 3842/260/3719
f 3842/260/3719 3841/259/3718 3843/261/3720
f 3844/262/3721 3845/263/3722 3843/261/3720
f 3846/264/3723 3844/262/3721 3843/261/3720
f 3847/265/3724 3846/264/3723 3843/261/3720
f 3848/266/3725 3847/265/3724 3843/261/3720
f 3849/267/3726 3848/266/3725 3843/261/3720
f 3850/268/3727 3849/267/3726 3843/261/3720
f 3851/269/3728 3850/268/3727 3843/261/3720
f 3841/259/3718 3852/270/3729 3853/271/3730
f 3841/259/3718 3851/269/3728 3843/261/3720
f 3841/259/3718 3853/271/3730 3854/272/3731
f 3841/259/3718 3854/272/3731 3855/273/3732
f 3841/259/3718 3856/274/3733 3851/269/3728
f 3841/259/3718 3855/273/3732 3857/275/3734
f 3857/275/3734 3858/276/3735 3859/277/3736
f 3857/275/3734 3859/277/3736 3860/278/3737
f 3857/275/3734 3860/278/3737 3856/274/3733
f 3841/259/3718 3857/275/3734 3856/274/3733
f 3861/279/3738 3842/260/3719 3862/280/3739
f 3862/280/3739 3842/260/3719 3863/281/3739
f 3863/281/3739 3842/260/3719 3864/282/3739
f 3864/282/3739 3842/260/3719 3865/283/3739
f 3865/283/3739 3842/260/3719 3866/284/3739
f 3866/284/3739 3842/260/3719 3867/285/3739
f 3867/285/3739 3842/260/3719 3868/286/3739
f 3868/286/3739 3842/260/3719 3869/287/3739
f 3869/287/3739 3842/260/3719 3870/288/3739
f 3871/289/3739 3872/290/3739 3873/291/3739
f 3870/288/3739 3842/260/3719 3874/292/3739
f 3873/291/3739 3872/290/3739 3875/293/3739
f 3874/292/3739 3842/260/3719 3872/290/3739
f 3872/290/3739 3842/260/3719 3875/293/3739
f 3845/263/3722 3876/294/3739 3843/261/3720
f 3876/294/3739 3877/295/3739 3843/261/3720
f 3877/295/3739 3878/296/3739 3843/261/3720
f 3878/296/3739 3879/297/3739 3843/261/3720
f 3879/297/3739 3880/298/3739 3843/261/3720
f 3875/293/3739 3842/260/3719 3843/261/3720
f 3880/298/3739 3875/293/3739 3843/261/3720
f 3840/258/3717 3881/299/3740 3882/300/3741
f 3840/258/3717 3882/300/3741 3883/301/3741
f 3840/258/3717 3883/301/3741 3884/302/3741
f 3840/258/3717 3884/302/3741 3885/303/3741
f 3840/258/3717 3885/303/3741 3886/304/3741
f 3887/305/3741 3888/306/3741 3889/307/3741
f 3887/305/3741 3889/307/3741 3890/308/3741
f 3891/309/3741 3892/310/3741 3893/311/3741
f 3891/309/3741 3893/311/3741 3894/312/3741
f 3840/258/3717 3891/309/3741 3894/312/3741
f 3887/305/3741 3890/308/3741 3895/313/3741
f 3840/258/3717 3886/304/3741 3887/305/3741
f 3840/258/3717 3887/305/3741 3895/313/3741
f 3840/258/3717 3896/314/3741 3891/309/3741
f 3840/258/3717 3895/313/3741 3896/314/3741
f 3897/315/3741 3852/270/3729 3841/259/3718
f 3898/316/3741 3897/315/3741 3841/259/3718
f 3899/317/3741 3898/316/3741 3841/259/3718
f 3900/318/3741 3899/317/3741 3841/259/3718
f 3901/319/3741 3902/320/3741 3903/321/3741
f 3904/322/3741 3900/318/3741 3841/259/3718
f 3903/321/3741 3904/322/3741 3841/259/3718
f 3901/319/3741 3903/321/3741 3841/259/3718
f 3905/323/3741 3901/319/3741 3841/259/3718
f 3840/258/3717 3905/323/3741 3841/259/3718
f 3840/258/3717 3894/312/3741 3905/323/3741
f 3881/299/3740 3840/258/3717 3906/324/3742
f 3906/324/3742 3840/258/3717 3907/325/3743
f 3907/325/3743 3840/258/3717 3908/326/3744
f 3908/326/3744 3840/258/3717 3909/327/3745
f 3909/327/3745 3840/258/3717 3910/328/3746
f 3910/328/3746 3840/258/3717 3911/329/3747
f 3911/329/3747 3840/258/3717 3912/330/3748
f 3913/331/3749 3912/330/3748 3914/332/3750
f 3912/330/3748 3840/258/3717 3914/332/3750
f 3861/279/3738 3915/333/3751 3842/260/3719
f 3915/333/3751 3916/334/3752 3842/260/3719
f 3916/334/3752 3917/335/3753 3842/260/3719
f 3914/332/3750 3840/258/3717 3842/260/3719
f 3918/336/3754 3914/332/3750 3842/260/3719
f 3917/335/3753 3918/336/3754 3842/260/3719
# Vertices: 79, normals: 38, texture coordinates: 79, faces: 81

o obj10
v 927.08927694 979.99814843 -2212.87723779
v 2223.76310027 979.99820511 -926.20804398
v 927.08932939 -220.00342322 -2212.87723779
v 2223.76315272 -220.00336654 -926.20804398
v 2243.86275586 -97.50720325 -946.5062016
v 2243.46017334 -220.00336568 -946.09982951
v 2242.29341604 -7.19453118 -944.9214237
v 2242.58320173 203.8154209 -945.21420935
v 2243.50701997 429.03928264 -946.14713176
v 2244.91424932 363.76514329 -947.56821336
v 2244.91791136 365.28238573 -947.57193651
v 2244.91888793 365.21527757 -947.57297411
v 2239.46891012 979.9982058 -942.06912865
v 2240.96671515 926.00907012 -943.58176299
v 2239.16398964 725.15280784 -941.76108421
v 2238.15373814 670.96250018 -940.74106463
v 941.59433363 -220.00342259 -2227.58133999
v 973.5871322 -220.00342119 -2211.14017928
v 984.18015014 -220.00342073 -2202.89970122
v 1109.3655192 -220.00341525 -2081.89604459
v 1366.57378231 -220.00340401 -1826.60296501
v 1480.2056232 -220.00339904 -1713.3392981
v 1692.90289836 -220.00338975 -1495.24323806
v 1698.91254217 -220.00338948 -1489.32221782
v 2224.25240855 -220.00336652 -971.72568316
v 941.88926408 979.99814908 -2227.88041227
v 963.95066596 979.99815005 -2216.1206476
v 989.90751477 979.99815118 -2200.79911554
v 1012.03306503 979.99815215 -2179.31449736
v 1119.00658036 979.99815682 -2074.38652352
v 1298.16076304 979.99816465 -1894.19256163
v 1525.46704782 979.99817459 -1657.01581375
v 1618.6535753 979.99817866 -1564.56183833
v 2232.68180036 979.9982055 -950.98074945
v 2222.67423131 979.99820507 -966.73477733
v 2160.58633794 979.99820235 -1029.46152022
v 1999.03921191 979.99819529 -1187.16634715
v 942.07500771 667.50217741 -2228.0686447
v 942.00940033 543.67789762 -2228.0019943
v 941.86377008 552.25986783 -2227.85428922
v 941.41357671 508.21155848 -2227.39823451
v 941.71533172 571.95640103 -2227.70389859
v 941.63702406 561.9745895 -2227.62455288
v 941.72696089 -171.33481296 -2227.71561734
v 940.84817339 -94.46819008 -2226.82474816
v 941.18933414 494.86579431 -2227.17069544
v 939.98602677 479.20969685 -2225.95096882
v 939.51351565 -47.7023477 -2225.4719649
v 940.60083982 343.21613609 -2226.57425986
v 940.53778571 453.02091514 -2226.51029502
vn 0.69733 -0.71569 -0.03901
vn 0.71678 -0.69709 -0.01674
vn 0.70426 -0.70961 0.02165
vn 0.72552 -0.68724 0.03643
vn 0.70362 0.71057 0
vn 0.68121 0.68794 0.25038
vn 0.70362 0.71057 -0
vn 0.70362 0.71058 0
vn 0.70362 0.71058 -0
vn 0.7036 0.7106 0
vn 0.70304 0.71115 -2E-05
vn 0.73222 0.68107 -0.00017
vn 0.68922 0.69604 -0.20127
vn 0.70362 0.71058 -0
vn 0.70362 0.71057 0
vn 0.70362 0.71058 -0
vn -0.57391 -0.58179 0.57632
vn 0 0 1
vn -0.70022 -0.70982 -0.07646
vn 0 0 -1
vn -0.70227 -0.71191 0
vn -0.70232 -0.71187 -0
vn -0.70235 -0.71183 -0
vn -0.70227 -0.71191 0
vn -0.70228 -0.71191 0
vn -0.70229 -0.71189 -0
vn -0.70227 -0.71191 -0
vn -0.70228 -0.7119 0
vn -0.70227 -0.71191 0
vn -0.70227 -0.71191 0
vn -0.70227 -0.71191 0
vn -0.70227 -0.71191 -0
vn -0.70223 -0.71195 0
vt 0 1
vt 0.98395 1
vt 0 0
vt 0.98395 0
vt 0.9992 0.10208
vt 0.99889 0
vt 0.99801 0.17734
vt 0.99823 0.35318
vt 0.99893 0.54087
vt 1 0.48647
vt 1 0.48774
vt 1 0.48768
vt 0.99586 1
vt 0.997 0.95501
vt 0.99563 0.78763
vt 0.99487 0.74247
vt 0.01101 0
vt 0.03528 0
vt 0.04332 0
vt 0.13832 0
vt 0.33349 0
vt 0.41972 0
vt 0.58112 0
vt 0.58568 0
vt 0.98432 0
vt 0.01123 1
vt 0.02797 1
vt 0.04767 1
vt 0.06446 1
vt 0.14563 1
vt 0.28158 1
vt 0.45406 1
vt 0.52478 1
vt 0.99071 1
vt 0.98312 1
vt 0.93601 1
vt 0.81342 1
vt 0.01137 0.73959
vt 0.01132 0.6364
vt 0.01121 0.64355
vt 0.01087 0.60685
vt 0.0111 0.65997
vt 0.01104 0.65165
vt 0.01111 0.04056
vt 0.01044 0.10461
vt 0.0107 0.59572
vt 0.00979 0.58268
vt 0.00943 0.14358
vt 0.01025 0.46935
vt 0.01021 0.56085
usemtl mat2
f 3919/337/3755 3920/338/3756 3921/339/3757
f 3921/339/3757 3920/338/3756 3922/340/3758
f 3923/341/3759 3924/342/3760 3922/340/3758
f 3925/343/3761 3923/341/3759 3922/340/3758
f 3926/344/3762 3925/343/3761 3922/340/3758
f 3927/345/3763 3926/344/3762 3922/340/3758
f 3927/345/3763 3928/346/3764 3926/344/3762
f 3929/347/3765 3930/348/3766 3928/346/3764
f 3927/345/3763 3929/347/3765 3928/346/3764
f 3920/338/3756 3931/349/3767 3932/350/3768
f 3920/338/3756 3927/345/3763 3922/340/3758
f 3920/338/3756 3932/350/3768 3933/351/3769
f 3920/338/3756 3934/352/3770 3927/345/3763
f 3920/338/3756 3933/351/3769 3934/352/3770
f 3935/353/3771 3921/339/3757 3936/354/3772
f 3936/354/3772 3921/339/3757 3937/355/3772
f 3937/355/3772 3921/339/3757 3938/356/3772
f 3938/356/3772 3921/339/3757 3939/357/3772
f 3939/357/3772 3921/339/3757 3940/358/3772
f 3940/358/3772 3921/339/3757 3941/359/3772
f 3941/359/3772 3921/339/3757 3942/360/3772
f 3924/342/3760 3943/361/3772 3922/340/3758
f 3942/360/3772 3921/339/3757 3922/340/3758
f 3943/361/3772 3942/360/3772 3922/340/3758
f 3944/362/3773 3945/363/3774 3919/337/3755
f 3919/337/3755 3945/363/3774 3946/364/3774
f 3919/337/3755 3946/364/3774 3947/365/3774
f 3919/337/3755 3947/365/3774 3948/366/3774
f 3919/337/3755 3948/366/3774 3949/367/3774
f 3919/337/3755 3950/368/3774 3951/369/3774
f 3919/337/3755 3949/367/3774 3950/368/3774
f 3952/370/3774 3931/349/3767 3920/338/3756
f 3953/371/3774 3952/370/3774 3920/338/3756
f 3954/372/3774 3953/371/3774 3920/338/3756
f 3955/373/3774 3954/372/3774 3920/338/3756
f 3919/337/3755 3951/369/3774 3920/338/3756
f 3951/369/3774 3955/373/3774 3920/338/3756
f 3944/362/3773 3919/337/3755 3956/374/3775
f 3957/375/3776 3958/376/3777 3959/377/3778
f 3956/374/3775 3919/337/3755 3960/378/3779
f 3958/376/3777 3961/379/3780 3959/377/3778
f 3960/378/3779 3919/337/3755 3961/379/3780
f 3961/379/3780 3919/337/3755 3959/377/3778
f 3935/353/3771 3962/380/3781 3921/339/3757
f 3962/380/3781 3963/381/3782 3921/339/3757
f 3964/382/3783 3959/377/3778 3965/383/3784
f 3963/381/3782 3966/384/3785 3921/339/3757
f 3966/384/3785 3967/385/3786 3921/339/3757
f 3967/385/3786 3919/337/3755 3921/339/3757
f 3959/377/3778 3919/337/3755 3965/383/3784
f 3965/383/3784 3919/337/3755 3967/385/3786
f 3968/386/3787 3965/383/3784 3967/385/3786
# Vertices: 50, normals: 33, texture coordinates: 50, faces: 52

o obj11
v 926.62631438 -185.25172952 -2231.18046043
v 926.61789297 -220.00342324 -2232.87040183
v 926.645298 -220.00342324 -2227.3660073
v 926.62680196 -169.11418679 -2231.09061668
v 926.61483499 -78.20691445 -2233.49637839
v 926.61391964 -82.5195823 -2233.68534324
v 926.61001534 -127.92799905 -2234.47123191
v 926.6130402 488.09311912 -2233.85233543
v 926.61023269 485.02454612 -2234.41605613
v 926.61066038 474.92908713 -2234.34183738
v 926.61916765 -58.23267892 -2232.62040183
v 926.60901538 407.16886375 -2234.66068503
v 926.61694384 548.6127114 -2233.07621238
v 926.61035448 491.58378074 -2234.38627097
v 926.62762209 617.15708396 -2230.91630027
v 926.64524554 979.99814842 -2227.3660073
v 926.6174743 979.99814841 -2232.95951316
v 926.6241398 691.57200095 -2231.6160073
v -863.29647464 -220.00350148 -2231.49800914
v -892.6638449 -220.00350276 -2223.61128911
v -896.04061481 -220.00350291 -2221.00362294
v -835.65304227 -220.00350027 -2237.09176035
v -255.71343679 -220.00347492 -2242.45946148
v -221.8716094 -220.00347344 -2242.54930671
v 890.15054662 -220.00342484 -2236.58036118
v 867.35489218 -220.00342583 -2239.83402229
v 425.81347987 -220.00344513 -2238.75368072
v -896.85622758 -220.00350295 -2220.37398423
v 171.63009967 -220.00345624 -2240.60157
v -91.01210472 -220.00346772 -2242.89623626
v -896.96333597 979.9980687 -2226.80464829
v -853.49818755 979.9980706 -2238.36812675
v -910.67445631 979.9980681 -2220.53609301
v -842.12037999 979.9980711 -2239.53878155
v -777.2796207 979.99807393 -2239.33980977
v -753.98421054 979.99807495 -2239.20846314
v -692.46425208 979.99807764 -2239.96701075
v -473.63618828 979.99808721 -2243.82615117
v -179.15597912 979.99810008 -2248.11278514
v -43.46595379 979.99810601 -2248.25073052
v 904.62803317 979.99814745 -2237.8489165
v 895.17625086 979.99814704 -2239.69950202
v 734.61857267 979.99814002 -2238.94656531
v 417.04606284 979.99812614 -2240.49391471
v -911.0607478 979.99806809 -2220.31954025
v 70.0103493 979.99811097 -2248.36645814
v 229.28681587 979.99811793 -2243.7504983
v -910.84968824 979.9980681 -2220.45601487
v -891.45749093 -82.07070242 -2220.39473642
v -907.26214194 479.45384828 -2220.33394472
v -910.14251733 577.77370289 -2220.32295826
v -893.62517311 343.58315186 -2220.38619141
v -900.51194076 66.01490662 -2220.36006806
v -900.23472689 244.60628389 -2220.36104463
v -891.87253067 -66.53240288 -2220.39302742
v -906.51442104 955.42342229 -2220.33687444
v -909.59083426 891.34944755 -2220.32515555
v -912.82502214 799.62343422 -2220.31270424
v -914.58393041 734.09596832 -2220.30586823
v -914.59808875 692.54012115 -2220.30586822
v -900.23063756 245.21561312 -2220.36104463
vn -0.00498 0.99999 0
vn -0.00343 0.69005 0.72375
vn 0.99987 0.00885 0.01377
vn -0.00498 0.99999 0
vn -0.00495 0.99999 -0
vn -0.00497 0.99999 0
vn -0.00497 0.99999 0
vn -0.00494 0.99999 0
vn -0.00492 0.99999 -0
vn -0.00485 0.99999 0
vn -0.00497 0.99999 -0
vn -0.00497 0.99999 0
vn -0.00492 0.99999 0
vn -0.005 0.99999 0
vn -0.00497 0.99999 0
vn 0.99996 0.00529 -0.00758
vn -0.00495 0.9971 -0.07593
vn -0.00496 0.99999 0
vn 0 0 1
vn 0.99984 0.00383 0.01735
vn 0 0 -1
vn 0.68881 0.00264 -0.72493
vn 0.99999 0.00383 0
vn 0.99999 0.00383 0
vn 0.99999 0.00383 -0
vn 0.99999 0.00383 0
vn 0.99999 0.00385 -0
vn 0.99999 0.00383 -0
vn 0.99999 0.00383 -0
vn 0.99999 0.00383 0
vn 0.99999 0.00383 -0
vn 0.99999 0.00383 -0
vn 0.99999 0.00383 0
vn 0.99999 0.00383 -0
vn 0.99999 0.00383 0
vt 0.99999 0.02896
vt 0.99999 0
vt 1 0
vt 0.99999 0.04241
vt 0.99998 0.11816
vt 0.99998 0.11457
vt 0.99998 0.07673
vt 0.99998 0.59008
vt 0.99998 0.58752
vt 0.99998 0.57911
vt 0.99999 0.13481
vt 0.99998 0.52264
vt 0.99998 0.64051
vt 0.99998 0.59299
vt 0.99999 0.69763
vt 1 1
vt 0.99998 1
vt 0.99999 0.75965
vt 0.02786 0
vt 0.01191 0
vt 0.01008 0
vt 0.04288 0
vt 0.35785 0
vt 0.37623 0
vt 0.98018 0
vt 0.9678 0
vt 0.72799 0
vt 0.00964 0
vt 0.58994 0
vt 0.4473 0
vt 0.00958 1
vt 0.03318 1
vt 0.00213 1
vt 0.03936 1
vt 0.07458 1
vt 0.08723 1
vt 0.12064 1
vt 0.23949 1
vt 0.39943 1
vt 0.47312 1
vt 0.98804 1
vt 0.98291 1
vt 0.89571 1
vt 0.72323 1
vt 0.00192 1
vt 0.53475 1
vt 0.62126 1
vt 0.00204 1
vt 0.01257 0.11494
vt 0.00398 0.58288
vt 0.00242 0.66481
vt 0.01139 0.46965
vt 0.00765 0.23835
vt 0.0078 0.38717
vt 0.01234 0.12789
vt 0.00439 0.97952
vt 0.00272 0.92613
vt 0.00096 0.84969
vt 1E-05 0.79508
vt 0 0.76045
vt 0.0078 0.38768
usemtl mat3
f 3969/387/3788 3970/388/3789 3971/389/3790
f 3972/390/3791 3969/387/3788 3971/389/3790
f 3973/391/3792 3972/390/3791 3971/389/3790
f 3974/392/3793 3975/393/3794 3972/390/3791
f 3973/391/3792 3974/392/3793 3972/390/3791
f 3976/394/3795 3977/395/3796 3978/396/3797
f 3979/397/3798 3973/391/3792 3971/389/3790
f 3980/398/3799 3979/397/3798 3971/389/3790
f 3981/399/3800 3982/400/3801 3976/394/3795
f 3983/401/3802 3981/399/3800 3976/394/3795
f 3984/402/3803 3985/403/3804 3986/404/3805
f 3976/394/3795 3978/396/3797 3980/398/3799
f 3983/401/3802 3976/394/3795 3980/398/3799
f 3983/401/3802 3980/398/3799 3971/389/3790
f 3984/402/3803 3983/401/3802 3971/389/3790
f 3984/402/3803 3986/404/3805 3983/401/3802
f 3987/405/3806 3988/406/3806 3989/407/3806
f 3990/408/3806 3987/405/3806 3989/407/3806
f 3991/409/3806 3990/408/3806 3989/407/3806
f 3992/410/3806 3991/409/3806 3989/407/3806
f 3970/388/3789 3993/411/3806 3971/389/3790
f 3993/411/3806 3994/412/3806 3971/389/3790
f 3994/412/3806 3995/413/3806 3971/389/3790
f 3971/389/3790 3995/413/3806 3996/414/3807
f 3995/413/3806 3997/415/3806 3996/414/3807
f 3997/415/3806 3998/416/3806 3996/414/3807
f 3992/410/3806 3989/407/3806 3996/414/3807
f 3998/416/3806 3992/410/3806 3996/414/3807
f 3999/417/3808 4000/418/3808 4001/419/3808
f 4000/418/3808 4002/420/3808 4001/419/3808
f 4002/420/3808 4003/421/3808 4001/419/3808
f 4003/421/3808 4004/422/3808 4001/419/3808
f 4004/422/3808 4005/423/3808 4001/419/3808
f 4005/423/3808 4006/424/3808 4001/419/3808
f 4007/425/3808 4008/426/3808 4001/419/3808
f 4006/424/3808 4007/425/3808 4001/419/3808
f 4009/427/3808 3985/403/3804 3984/402/3803
f 4010/428/3808 4009/427/3808 3984/402/3803
f 4011/429/3808 4010/428/3808 3984/402/3803
f 4012/430/3808 4011/429/3808 3984/402/3803
f 4012/430/3808 3984/402/3803 4013/431/3809
f 4008/426/3808 4014/432/3808 4015/433/3808
f 4015/433/3808 4012/430/3808 4013/431/3809
f 4008/426/3808 4015/433/3808 4013/431/3809
f 4001/419/3808 4008/426/3808 4013/431/3809
f 4016/434/3808 4001/419/3808 4013/431/3809
f 3984/402/3803 3971/389/3790 3996/414/3807
f 4017/435/3810 3984/402/3803 3996/414/3807
f 4018/436/3811 4019/437/3812 4020/438/3813
f 4021/439/3814 4022/440/3815 4023/441/3816
f 4013/431/3809 3984/402/3803 4024/442/3817
f 4024/442/3817 3984/402/3803 4025/443/3818
f 4025/443/3818 3984/402/3803 4026/444/3819
f 4026/444/3819 3984/402/3803 4027/445/3820
f 4027/445/3820 3984/402/3803 4028/446/3821
f 4028/446/3821 3984/402/3803 4019/437/3812
f 4019/437/3812 3984/402/3803 4020/438/3813
f 4020/438/3813 3984/402/3803 4029/447/3822
f 4023/441/3816 3984/402/3803 4017/435/3810
f 4029/447/3822 3984/402/3803 4022/440/3815
f 4022/440/3815 3984/402/3803 4023/441/3816
# Vertices: 61, normals: 35, texture coordinates: 61, faces: 61

o obj12
v -905.06307766 -167.76036976 -2212.46553661
v -905.95016037 -220.00350335 -2213.35176704
v -903.46505284 -220.00350324 -2210.86934527
v -903.4651053 979.99806842 -2210.86934527
v -912.19307199 979.99806804 -2219.58760661
v -910.32118357 954.0877898 -2217.71797779
v -911.83314316 877.22566815 -2219.22823163
v -912.88495866 799.46181312 -2220.27876869
v -913.55463353 733.41255772 -2220.94771397
v -907.98380995 217.22339476 -2215.38301695
v -908.06723899 79.49954832 -2215.46651304
v -905.80899554 -2.82487966 -2213.21065377
v -906.22758916 328.84239813 -2213.6286225
v -907.86247402 262.24388732 -2215.26167907
v -911.7167969 574.02663251 -2219.11177655
v -910.23931351 452.93456104 -2217.63619068
v -913.56030788 689.46193516 -2220.95332921
v -904.5098564 -135.17817064 -2211.91280226
v -905.80899554 -2.82489158 -2213.21065377
v -2161.73733756 -220.00355824 -971.94192211
v -2173.69265929 -220.00355876 -959.84432637
v -2176.10379195 -220.00355887 -956.39828134
v -2184.74759016 -220.00355924 -942.07381808
v -2195.94607552 -220.00355973 -919.98751388
v -1863.93986526 -220.00354522 -1270.71805817
v -2001.75235919 -220.00355124 -1131.82962441
v -2195.78005989 -220.00355973 -919.82210861
v -925.35763042 -220.00350419 -2198.36568221
v -936.29628981 -220.00350467 -2191.95015439
v -1012.12984361 -220.00350799 -2115.75850068
v -1175.653274 -220.00351513 -1953.15265857
v -1369.18183025 -220.00352359 -1765.55474972
v -1457.72699257 -220.00352746 -1680.96954077
v -1570.4950541 -220.00353239 -1569.31401827
v -1296.20087618 -220.0035204 -1833.16339549
v -1633.81658455 -220.00353516 -1506.44499694
v -1796.29143072 -220.00354226 -1338.30387656
v -1823.03605847 -220.00354343 -1311.94120449
v -2203.26253454 979.9980116 -927.26809217
v -2202.10115772 979.99801165 -930.24416644
v -2195.78011234 979.99801193 -919.82210861
v -2188.42293617 979.99801225 -955.63375444
v -2175.29598373 979.99801282 -971.32815199
v -2167.46395269 979.99801317 -976.08950487
v -2094.87606497 979.99801634 -1042.57522581
v -2035.71615554 979.99801893 -1103.82718152
v -1941.10934817 979.99802306 -1198.73709777
v -1919.02853871 979.99802403 -1223.66092686
v -1880.35263714 979.99802572 -1263.78031331
v -1790.37375926 979.99802965 -1354.19267076
v -1668.05064464 979.998035 -1479.98405795
v -1657.26939504 979.99803547 -1489.25651936
v -1734.15440155 979.99803211 -1414.69242908
v -1779.03184079 979.99803015 -1365.13432165
v -954.23738232 979.9980662 -2192.41353251
v -996.24311801 979.99806436 -2155.49263223
v -1031.91993538 979.9980628 -2121.66450567
v -1065.14344446 979.99806135 -2083.50288313
v -1094.69813057 979.99806006 -2051.79047949
v -1140.39820126 979.99805806 -1993.33600972
v -1322.98315481 979.99805008 -1824.39642655
v -1286.76477248 979.99805166 -1857.6588793
v -1388.95300053 979.9980472 -1757.75286897
v -1472.15722021 979.99804356 -1667.33160069
v -1237.48132718 979.99805382 -1902.68146446
v -1527.91808186 979.99804112 -1607.59673497
v -1624.59654471 979.9980369 -1517.35686258
v -1204.95898963 979.99805524 -1932.80695417
v -2199.21394548 867.9450943 -923.23922272
v -2195.78006011 -214.80408158 -919.82210861
v -2200.25812746 695.83364406 -924.27834621
v -2199.07917511 759.42788239 -923.10512848
v -2198.8047571 669.5037491 -922.83199617
v -2198.11897186 802.31905675 -922.14944005
v -2198.51593434 568.97628329 -922.54464267
v -2196.93853921 512.17330485 -920.97500163
v -2197.80256676 828.88393713 -921.8347428
v -2195.78008772 416.66887985 -919.82210861
v -2193.41167537 319.5913653 -922.18819758
v -2195.78007909 219.23363815 -919.82210861
v -2195.78006348 -137.71283402 -919.82210861
v -2190.8000821 -163.71324579 -924.79714545
v -2195.78006011 -214.80557694 -919.82210861
vn -0.70748 0.70674 -0
vn -0.6414 0.64071 0.422
vn 0.7056 0.70842 0.01643
vn 0.70481 0.70935 -0.00789
vn -0.33104 0.33068 -0.88378
vn -0.7075 0.70672 0
vn -0.70749 0.70672 0
vn -0.7075 0.70672 0
vn -0.7075 0.70671 0
vn -0.70748 0.70673 -0
vn -0.70748 0.70673 0
vn -0.70748 0.70673 -0
vn -0.7075 0.70671 -0
vn -0.70755 0.70667 -0
vn -0.7075 0.70671 0
vn -0.70748 0.70673 -0
vn -0.7075 0.70671 0
vn -0.70751 0.7067 -0
vn -0.7075 0.70672 0
vn 0 0 1
vn 0.00459 -0.00457 0.99998
vn 0.70739 0.7067 0.01322
vn 0.70859 -0.70513 -0.02613
vn 0 0 -1
vn 0.70891 0.70327 -0.05342
vn 0.70884 -0.70537 -0
vn 0.70873 -0.70548 0
vn 0.70883 -0.70538 0
vn 0.70883 -0.70538 0
vn 0.70884 -0.70537 0
vn 0.70883 -0.70538 0
vn 0.70884 -0.70537 0
vn 0.70884 -0.70537 0
vn 0.70885 -0.70536 0
vn 0.70799 0.70622 0
vn 0.70745 0.70676 0
vn 0.70745 0.70676 -0
vn 0.70745 0.70676 0
vn 0.70745 0.70676 0
vt 0.99348 0.04354
vt 0.99416 0
vt 0.99225 0
vt 0.99225 1
vt 0.99895 1
vt 0.99751 0.97841
vt 0.99867 0.91436
vt 0.99948 0.84955
vt 1 0.79451
vt 0.99572 0.36436
vt 0.99578 0.24959
vt 0.99405 0.18098
vt 0.99437 0.45737
vt 0.99563 0.40187
vt 0.99858 0.66169
vt 0.99745 0.56078
vt 1 0.75789
vt 0.99305 0.07069
vt 0.04006 0
vt 0.03076 0
vt 0.02811 0
vt 0.0171 0
vt 0.00013 0
vt 0.26969 0
vt 0.16294 0
vt 0 0
vt 0.98264 0
vt 0.97771 0
vt 0.91915 0
vt 0.79418 0
vt 0.65 0
vt 0.58499 0
vt 0.49917 0
vt 0.70196 0
vt 0.45086 0
vt 0.32163 0
vt 0.30137 0
vt 0.00572 1
vt 0.00801 1
vt 0 1
vt 0.02752 1
vt 0.03959 1
vt 0.04324 1
vt 0.09434 1
vt 0.14142 1
vt 0.21436 1
vt 0.23352 1
vt 0.26435 1
vt 0.33384 1
vt 0.43052 1
vt 0.43765 1
vt 0.38034 1
vt 0.34225 1
vt 0.97807 1
vt 0.94969 1
vt 0.92369 1
vt 0.89436 1
vt 0.86999 1
vt 0.82506 1
vt 0.69522 1
vt 0.72079 1
vt 0.644 1
vt 0.57451 1
vt 0.75539 1
vt 0.5286 1
vt 0.45924 1
vt 0.77854 1
vt 0.00263 0.90662
vt 0 0.00433
vt 0.00342 0.7632
vt 0.00252 0.81619
vt 0.00231 0.74126
vt 0.00179 0.85193
vt 0.00209 0.65748
vt 0.00089 0.61015
vt 0.00155 0.87407
vt 0 0.53056
vt 0.00182 0.44966
vt 0 0.36603
vt 0 0.06858
vt 0.00382 0.04691
vt 0 0.00433
usemtl mat2
f 4030/448/3823 4031/449/3824 4032/450/3825
f 4033/451/3826 4034/452/3827 4035/453/3828
f 4033/451/3826 4035/453/3828 4036/454/3829
f 4033/451/3826 4036/454/3829 4037/455/3830
f 4033/451/3826 4037/455/3830 4038/456/3831
f 4039/457/3832 4040/458/3833 4041/459/3834
f 4042/460/3835 4043/461/3836 4039/457/3832
f 4042/460/3835 4039/457/3832 4041/459/3834
f 4044/462/3837 4045/463/3838 4042/460/3835
f 4033/451/3826 4038/456/3831 4046/464/3839
f 4033/451/3826 4046/464/3839 4044/462/3837
f 4033/451/3826 4044/462/3837 4042/460/3835
f 4033/451/3826 4042/460/3835 4032/450/3825
f 4047/465/3840 4030/448/3823 4032/450/3825
f 4042/460/3835 4047/465/3840 4032/450/3825
f 4041/459/3834 4048/459/3841 4047/465/3840
f 4042/460/3835 4041/459/3834 4047/465/3840
f 4049/466/3842 4050/467/3842 4051/468/3842
f 4049/466/3842 4051/468/3842 4052/469/3842
f 4049/466/3842 4052/469/3842 4053/470/3843
f 4054/471/3842 4055/472/3842 4056/473/3844
f 4049/466/3842 4053/470/3843 4056/473/3844
f 4055/472/3842 4049/466/3842 4056/473/3844
f 4032/450/3825 4031/449/3824 4057/474/3842
f 4057/474/3842 4058/475/3842 4059/476/3842
f 4032/450/3825 4057/474/3842 4059/476/3842
f 4032/450/3825 4054/471/3842 4056/473/3844
f 4032/450/3825 4059/476/3842 4060/477/3842
f 4061/478/3842 4062/479/3842 4063/480/3842
f 4064/481/3842 4061/478/3842 4063/480/3842
f 4063/480/3842 4065/482/3842 4066/483/3842
f 4032/450/3825 4060/477/3842 4064/481/3842
f 4032/450/3825 4064/481/3842 4054/471/3842
f 4066/483/3842 4067/484/3842 4054/471/3842
f 4064/481/3842 4066/483/3842 4054/471/3842
f 4064/481/3842 4063/480/3842 4066/483/3842
f 4068/485/3845 4069/486/3846 4070/487/3847
f 4069/486/3846 4071/488/3846 4070/487/3847
f 4071/488/3846 4072/489/3846 4070/487/3847
f 4072/489/3846 4073/490/3846 4070/487/3847
f 4073/490/3846 4074/491/3846 4070/487/3847
f 4074/491/3846 4075/492/3846 4070/487/3847
f 4075/492/3846 4076/493/3846 4070/487/3847
f 4077/494/3846 4078/495/3846 4076/493/3846
f 4078/495/3846 4079/496/3846 4076/493/3846
f 4080/497/3846 4081/498/3846 4082/499/3846
f 4076/493/3846 4081/498/3846 4070/487/3847
f 4082/499/3846 4081/498/3846 4083/500/3846
f 4083/500/3846 4081/498/3846 4076/493/3846
f 4079/496/3846 4083/500/3846 4076/493/3846
f 4034/452/3827 4033/451/3826 4084/501/3846
f 4084/501/3846 4033/451/3826 4085/502/3846
f 4085/502/3846 4033/451/3826 4086/503/3846
f 4086/503/3846 4033/451/3826 4087/504/3846
f 4088/505/3846 4087/504/3846 4089/506/3846
f 4090/507/3846 4091/508/3846 4092/509/3846
f 4092/509/3846 4091/508/3846 4093/510/3846
f 4087/504/3846 4033/451/3826 4089/506/3846
f 4091/508/3846 4094/511/3846 4093/510/3846
f 4089/506/3846 4033/451/3826 4070/487/3847
f 4093/510/3846 4094/511/3846 4095/512/3846
f 4081/498/3846 4096/513/3846 4070/487/3847
f 4096/513/3846 4095/512/3846 4070/487/3847
f 4095/512/3846 4089/506/3846 4070/487/3847
f 4097/514/3846 4089/506/3846 4095/512/3846
f 4094/511/3846 4097/514/3846 4095/512/3846
f 4068/485/3845 4070/487/3847 4098/515/3848
f 4053/470/3843 4099/516/3849 4056/473/3844
f 4100/517/3850 4101/518/3851 4102/519/3852
f 4101/518/3851 4103/520/3853 4102/519/3852
f 4104/521/3854 4102/519/3852 4105/522/3855
f 4102/519/3852 4103/520/3853 4105/522/3855
f 4098/515/3848 4070/487/3847 4106/523/3856
f 4105/522/3855 4070/487/3847 4107/524/3857
f 4106/523/3856 4070/487/3847 4105/522/3855
f 4103/520/3853 4106/523/3856 4105/522/3855
f 4033/451/3826 4032/450/3825 4056/473/3844
f 4070/487/3847 4033/451/3826 4107/524/3857
f 4107/524/3857 4033/451/3826 4108/525/3858
f 4108/525/3858 4033/451/3826 4109/526/3859
f 4109/526/3859 4033/451/3826 4110/527/3860
f 4110/527/3860 4033/451/3826 4111/528/3858
f 4111/528/3858 4033/451/3826 4056/473/3844
f 4112/529/3861 4111/528/3858 4056/473/3844
# Vertices: 83, normals: 39, texture coordinates: 82, faces: 84

o obj13
v -2225.86348534 12.24828718 928.59335901
v -2224.74849109 -80.61452291 927.48892781
v -2221.58613569 -126.87309821 924.3559931
v -2226.12642707 64.72734257 928.85391811
v -2219.1537612 -162.29204341 921.94626399
v -2222.8564106 131.38497364 925.61447705
v -2226.26217044 91.84146305 928.98856167
v -2217.38134854 940.46810376 920.19022144
v -2222.78320168 892.44680225 925.5416621
v -2224.27001713 872.05239301 927.0148067
v -2226.10399659 761.40603062 928.83170131
v -2226.87157131 684.40572541 929.59226043
v -2219.29588021 505.20037296 922.08701107
v -2220.63107909 364.55809995 923.40994814
v -2217.67159965 206.56444774 920.47788014
v -2217.51144312 199.89373242 920.31924976
v -2217.63621409 545.71816478 920.44284596
v -2226.78099499 680.72854036 929.5022946
v -2225.34886512 657.34993935 928.08359337
v -2217.38129921 -188.10268176 920.19022144
v -933.11824054 -220.00350453 2219.24759938
v -977.78627104 -220.00350649 2203.01176149
v -939.95588673 -220.00350483 2226.04740437
v -983.70533862 -220.00350674 2198.54789456
v -1104.47157931 -220.00351202 2076.34819281
v -1343.03030601 -220.00352245 1827.51006847
v -1122.45424613 -220.00351281 2057.89751
v -2209.90034035 -220.00356034 930.2447255
v -2198.13105205 -220.00355983 957.44076991
v -2183.99164696 -220.00355921 975.46799097
v -2039.2811915 -220.00355288 1118.37130496
v -1476.81546837 -220.0035283 1687.77411241
v -2214.41303597 -220.00356054 923.19260168
v -1914.38897413 -220.00354743 1243.0398786
v -945.60388865 979.99806658 2220.54227766
v -933.118293 979.99806712 2219.24759938
v -938.22876641 979.9980669 2224.329875
v -964.67096677 979.99806574 2209.36869451
v -1295.74300277 979.99805127 1877.26275195
v -1400.54244583 979.99804669 1772.54791278
v -2208.08423046 979.99801139 935.60580941
v -2210.03930893 979.99801131 927.61679582
v -2204.03955237 979.99801157 943.57632925
v -2188.9440922 979.99801223 970.7294658
v -2025.15795166 979.99801939 1147.59579165
v -1986.87975171 979.99802106 1186.68453509
v -2008.6044841 979.99802011 1165.03109366
v -938.41034285 908.23494433 2224.51029493
v -938.22369362 822.73891163 2224.32474804
v -938.40240389 807.62611865 2224.50248243
v -939.01070533 -14.40961174 2225.10746292
v -939.10903584 51.33041092 2225.20511917
v -939.29184109 165.03325362 2225.38700395
v -938.08706202 23.77940083 2224.18876171
v -938.82562008 771.84462449 2224.92338088
v -2214.80610314 -202.85971595 922.79501869
vn -0.71041 -0.70379 0
vn -0.71041 -0.70379 0
vn -0.71041 -0.70379 -0
vn -0.71041 -0.70379 -0
vn -0.71041 -0.70379 0
vn -0.71041 -0.70379 -0
vn -0.71038 -0.70381 -0
vn -0.70547 0.70874 -0
vn -0.71042 -0.70377 0
vn -0.71041 -0.70379 0
vn -0.71041 -0.70379 0
vn -0.71041 -0.70379 0
vn -0.71041 -0.70379 0
vn -0.7104 -0.70379 0
vn -0.7104 -0.7038 0
vn -0.71041 -0.70379 0
vn -0.7104 -0.70379 -0
vn -0.71038 -0.70382 0
vn -0.71041 -0.70379 0
vn -0.70344 0.71075 -0
vn -0.70006 0.71402 0.00944
vn 0 0 1
vn 0.69405 0.6902 0.20476
vn -0.48251 0.48807 0.7273
vn 0 0 -1
vn -0.69958 0.71428 -0.01968
vn 0.70483 0.70092 -0.10923
vn -0.70281 0.7109 -0.0261
vn 0.70907 0.70513 0
vn 0.70908 0.70512 -0
vn 0.70907 0.70514 -0
vn 0.70907 0.70514 -0
vn 0.7091 0.7051 0
vn 0.70907 0.70514 0
vn 0.70908 0.70512 0
vn 0.70902 0.70519 0
vn -0.70305 0.71114 -0
vt 0.00078 0.19354
vt 0.00164 0.11616
vt 0.00409 0.07761
vt 0.00058 0.23728
vt 0.00597 0.04809
vt 0.0031 0.29282
vt 0.00047 0.25987
vt 0.00734 0.96706
vt 0.00316 0.92704
vt 0.00201 0.91005
vt 0.00059 0.81784
vt 0 0.75367
vt 0.00586 0.60434
vt 0.00482 0.48713
vt 0.00711 0.35547
vt 0.00723 0.34991
vt 0.00714 0.6381
vt 7E-05 0.75061
vt 0.00118 0.73113
vt 0.00734 0.02658
vt 1 0
vt 0.96547 0
vt 0.99471 0
vt 0.9609 0
vt 0.86755 0
vt 0.68316 0
vt 0.85365 0
vt 0.01312 0
vt 0.02221 0
vt 0.03314 0
vt 0.145 0
vt 0.57975 0
vt 0.00963 0
vt 0.24153 0
vt 0.99035 1
vt 1 1
vt 0.99605 1
vt 0.97561 1
vt 0.71971 1
vt 0.63871 1
vt 0.01452 1
vt 0.01301 1
vt 0.01765 1
vt 0.02932 1
vt 0.15591 1
vt 0.1855 1
vt 0.16871 1
vt 0.99591 0.9402
vt 0.99605 0.86895
vt 0.99592 0.85636
vt 0.99545 0.17133
vt 0.99537 0.22611
vt 0.99523 0.32086
vt 0.99616 0.20315
vt 0.99559 0.82654
vt 0.00933 0.01429
usemtl mat2
f 4113/530/3862 4114/531/3863 4115/532/3864
f 4116/533/3865 4113/530/3862 4117/534/3866
f 4113/530/3862 4115/532/3864 4117/534/3866
f 4118/535/3867 4119/536/3868 4116/533/3865
f 4118/535/3867 4116/533/3865 4117/534/3866
f 4120/537/3869 4121/538/3870 4122/539/3871
f 4120/537/3869 4122/539/3871 4123/540/3872
f 4120/537/3869 4123/540/3872 4124/541/3873
f 4125/542/3874 4126/543/3875 4127/544/3876
f 4128/545/3877 4118/535/3867 4117/534/3866
f 4129/546/3878 4125/542/3874 4127/544/3876
f 4124/541/3873 4130/547/3879 4131/548/3880
f 4120/537/3869 4124/541/3873 4131/548/3880
f 4128/545/3877 4117/534/3866 4132/549/3881
f 4129/546/3878 4127/544/3876 4128/545/3877
f 4120/537/3869 4131/548/3880 4129/546/3878
f 4120/537/3869 4128/545/3877 4132/549/3881
f 4120/537/3869 4129/546/3878 4128/545/3877
f 4133/550/3882 4134/551/3883 4135/552/3884
f 4136/553/3883 4134/551/3883 4133/550/3882
f 4137/554/3883 4136/553/3883 4133/550/3882
f 4138/555/3883 4139/556/3883 4133/550/3882
f 4139/556/3883 4137/554/3883 4133/550/3882
f 4140/557/3883 4141/558/3883 4142/559/3883
f 4140/557/3883 4142/559/3883 4143/560/3883
f 4144/561/3883 4138/555/3883 4133/550/3882
f 4145/562/3885 4144/561/3883 4133/550/3882
f 4145/562/3885 4146/563/3883 4144/561/3883
f 4145/562/3885 4143/560/3883 4146/563/3883
f 4145/562/3885 4140/557/3883 4143/560/3883
f 4147/564/3886 4148/565/3887 4149/566/3888
f 4150/567/3886 4148/565/3887 4147/564/3886
f 4151/568/3886 4152/569/3886 4148/565/3887
f 4150/567/3886 4151/568/3886 4148/565/3887
f 4153/570/3886 4154/571/3889 4155/572/3886
f 4155/572/3886 4154/571/3889 4156/573/3886
f 4156/573/3886 4154/571/3889 4157/574/3886
f 4152/569/3886 4154/571/3889 4148/565/3887
f 4158/575/3886 4154/571/3889 4152/569/3886
f 4157/574/3886 4154/571/3889 4158/575/3886
f 4159/576/3886 4157/574/3886 4158/575/3886
f 4149/566/3888 4148/565/3887 4160/577/3890
f 4160/577/3890 4148/565/3887 4161/578/3891
f 4161/578/3891 4148/565/3887 4162/579/3892
f 4163/580/3893 4133/550/3882 4135/552/3884
f 4164/581/3894 4165/582/3895 4166/583/3896
f 4162/579/3892 4148/565/3887 4133/550/3882
f 4163/580/3893 4166/583/3896 4133/550/3882
f 4166/583/3896 4165/582/3895 4133/550/3882
f 4165/582/3895 4162/579/3892 4133/550/3882
f 4167/584/3897 4162/579/3892 4165/582/3895
f 4148/565/3887 4154/571/3889 4133/550/3882
f 4154/571/3889 4120/537/3869 4133/550/3882
f 4120/537/3869 4132/549/3881 4133/550/3882
f 4168/585/3898 4145/562/3885 4133/550/3882
f 4132/549/3881 4168/585/3898 4133/550/3882
# Vertices: 56, normals: 37, texture coordinates: 56, faces: 56

o obj14
v -2199.66654104 -74.16748507 -923.68966215
v -2197.90628937 -21.17628168 -921.93813635
v -2198.5693717 -104.37197568 -922.59786532
v -2197.94535382 23.22868086 -921.97695471
v -2196.80936833 43.53683406 -920.84646159
v -2195.78006348 -137.71304764 -919.82210861
v -2195.78007909 219.24393783 -919.82210861
v -2196.9507268 67.48709421 -920.98702555
vn 0.70883 -0.70538 -0
vn 0.70882 -0.70539 0
vn 0.70883 -0.70538 -0
vn 0.70884 -0.70537 0
vn 0.70884 -0.70537 0
vn 0.70883 -0.70538 0
vn 0.70886 -0.70535 0
vn 0.70893 -0.70528 0
vt 0 0
usemtl mat4
f 4169/586/3899 4170/586/3900 4171/586/3901
f 4172/586/3902 4173/586/3903 4170/586/3900
f 4171/586/3901 4170/586/3900 4174/586/3904
f 4170/586/3900 4173/586/3903 4174/586/3904
f 4173/586/3903 4175/586/3905 4174/586/3904
f 4176/586/3906 4175/586/3905 4173/586/3903
# Vertices: 8, normals: 8, texture coordinates: 1, faces: 6

o obj15
v -2074.92265015 1442.48342981 465.03494177
v -1845.52238159 1442.48343984 465.03493174
v -1845.52236605 1442.48343984 820.6050001
v -2074.92263461 1442.48342981 820.60501013
v -1845.52237967 1754.02543202 820.6050001
v -2074.92264822 1754.025422 820.60501013
v -1845.52239521 1754.02543202 465.03493174
v -2074.92266377 1754.025422 465.03494177
v -2074.92266209 1754.025422 503.26834021
v -2074.92265845 1670.74478235 503.26834021
v -2074.92264989 1754.025422 782.37167273
v -2074.92264625 1670.74478235 782.37167273
v -2158.99759743 1670.74477867 782.3716764
v -2158.99760107 1754.02541832 782.3716764
v -2158.99760963 1670.74477867 503.26834388
v -2158.99761327 1754.02541832 503.26834388
v -2074.92269126 1442.48342981 -475.50503626
v -1845.52243825 1442.48343984 -831.07511464
v -1845.52242271 1442.48343984 -475.50504628
v -2074.9227068 1442.48342981 -831.07510461
v -1845.52245187 1754.02543202 -831.07511464
v -2074.92272042 1754.025422 -831.07510461
v -1845.52243632 1754.02543202 -475.50504628
v -2074.92270488 1754.025422 -475.50503626
v -2074.92271875 1754.025422 -792.84170618
v -2074.92271511 1670.74478235 -792.84170618
v -2074.92270655 1754.025422 -513.73837366
v -2074.92270291 1670.74478235 -513.73837366
v -2158.99766628 1670.74477867 -792.8417025
v -2158.99766992 1754.02541832 -792.8417025
v -2158.99765408 1670.74477867 -513.73836998
v -2158.99765772 1754.02541832 -513.73836998
v 470.27049368 1442.48354106 1817.34763569
v 825.84059256 1442.48355661 1817.34762015
v 470.27050371 1442.48354106 2046.74790425
v 825.84060259 1442.48355661 2046.74788871
v 825.84057894 1754.02554879 1817.34762015
v 825.84058897 1754.02554879 2046.74788871
v 470.27048006 1754.02553325 1817.34763569
v 470.27049009 1754.02553325 2046.74790425
v 508.50388853 1754.02553492 2046.74790258
v 508.50389217 1670.74489527 2046.74790258
v 787.60712949 1754.02554712 2046.74789038
v 787.60713313 1670.74490747 2046.74789038
v 787.60713681 1670.74490747 2130.82296362
v 787.60713317 1754.02554712 2130.82296362
v 508.50389584 1670.74489527 2130.82297582
v 508.5038922 1754.02553492 2130.82297582
v -825.83952219 1442.48348441 1817.34769235
v -470.26948435 1442.48349995 1817.34767681
v -470.26947432 1442.48349995 2046.74794536
v -825.83951216 1442.48348441 2046.7479609
v -825.83953581 1754.0254766 1817.34769235
v -825.83952578 1754.0254766 2046.7479609
v -470.26949796 1754.02549214 1817.34767681
v -470.26948794 1754.02549214 2046.74794536
v -787.60618838 1754.02547827 2046.74795923
v -787.60618474 1670.74483862 2046.74795923
v -508.50285586 1754.02549047 2046.74794703
v -508.50285222 1670.74485082 2046.74794703
v -787.60618106 1670.74483862 2130.82303247
v -787.6061847 1754.02547827 2130.82303247
v -508.50284854 1670.74485082 2130.82302027
v -508.50285218 1754.02549047 2130.82302027
v 1845.52321605 1442.48360118 -831.07527598
v 2074.92350015 1442.48361121 -475.50521765
v 1845.52323159 1442.48360118 -475.50520762
v 2074.9234846 1442.48361121 -831.07528601
v 1845.52320243 1754.02559337 -831.07527598
v 2074.92347099 1754.02560339 -831.07528601
v 1845.52321797 1754.02559337 -475.50520762
v 2074.92348653 1754.02560339 -475.50521765
v 2074.92348486 1754.02560339 -513.73855505
v 2074.9234885 1670.74496374 -513.73855505
v 2074.92347266 1754.02560339 -792.84188757
v 2074.9234763 1670.74496374 -792.84188757
v 2158.99867161 1670.74496742 -792.84189125
v 2158.99866797 1754.02560707 -792.84189125
v 2158.99868381 1670.74496742 -513.73855873
v 2158.99868017 1754.02560707 -513.73855873
v 1845.5232727 1442.48360118 465.0347704
v 2074.92354126 1442.48361121 465.03476038
v 1845.52328825 1442.48360118 820.60483876
v 2074.9235568 1442.48361121 820.60482874
v 1845.52327463 1754.02559337 820.60483876
v 2074.92354318 1754.02560339 820.60482874
v 1845.52325909 1754.02559337 465.0347704
v 2074.92352764 1754.02560339 465.03476038
v 2074.92354151 1754.02560339 782.37149133
v 2074.92354515 1670.74496374 782.37149133
v 2074.92352931 1754.02560339 503.26815881
v 2074.92353295 1670.74496374 503.26815881
v 2158.99874046 1670.74496742 782.37148766
v 2158.99873682 1754.02560707 782.37148766
v 2158.99872826 1670.74496742 503.26815514
v 2158.99872462 1754.02560707 503.26815514
v -825.83968102 1442.48348441 -1816.34786429
v -470.26965321 1442.48349995 -2045.74814839
v -470.26964318 1442.48349995 -1816.34787983
v -825.83969105 1442.48348441 -2045.74813285
v -825.83969464 1754.0254766 -1816.34786429
v -825.83970467 1754.0254766 -2045.74813285
v -470.2696568 1754.02549214 -1816.34787983
v -470.26966683 1754.02549214 -2045.74814839
v -508.50303475 1754.02549047 -2045.74814672
v -508.50303111 1670.74485082 -2045.74814672
v -787.60636727 1754.02547827 -2045.74813452
v -787.60636362 1670.74483862 -2045.74813452
v -787.6063673 1670.74483862 -2129.82320776
v -787.60637094 1754.02547827 -2129.82320776
v -508.50303478 1670.74485082 -2129.82321996
v -508.50303842 1754.02549047 -2129.82321996
v 470.27032482 1442.48354106 -2045.7481895
v 825.84043372 1442.48355661 -1816.34793649
v 470.27033485 1442.48354106 -1816.34792095
v 825.8404237 1442.48355661 -2045.74820504
v 825.84042011 1754.02554879 -1816.34793649
v 825.84041008 1754.02554879 -2045.74820504
v 470.27032123 1754.02553325 -1816.34792095
v 470.2703112 1754.02553325 -2045.7481895
v 787.60695061 1754.02554712 -2045.74820337
v 787.60695425 1670.74490747 -2045.74820337
v 508.50370964 1754.02553492 -2045.74819117
v 508.50371328 1670.74489527 -2045.74819117
v 787.60695057 1670.74490747 -2129.82327661
v 787.60694693 1754.02554712 -2129.82327661
v 508.5037096 1670.74489527 -2129.82326441
v 508.50370596 1754.02553492 -2129.82326441
vn 0.35564 0.46315 -0.81179
vn 0.72051 -0.5584 -0.41117
vn -0.25141 -0.77938 -0.57389
vn -0.62884 0.68976 -0.35886
vn -0.58689 -0.45484 0.66983
vn -0.97144 0.20519 0.11922
vn 0.28973 -0.89817 0.33068
vn 0.84197 0.08892 0.53215
vn 0.11459 -0.16415 0.97976
vn 0.05693 0.92259 -0.38155
vn -0.13152 -0.40669 0.90405
vn -0.11532 0.91506 -0.38647
vn -0.25831 0.42876 -0.8657
vn -0.1054 0.69982 0.7065
vn 0.25969 0.86209 -0.43516
vn 0.20738 0.68844 0.69501
vn -0.3012 0.66075 -0.68752
vn 0.25141 -0.77938 -0.57389
vn -0.72051 -0.5584 -0.41117
vn 0.756 0.49228 -0.43142
vn 0.58689 -0.45484 0.66983
vn 0.97143 0.20519 0.11922
vn -0.28973 -0.89817 0.33068
vn -0.84197 0.08892 0.53215
vn 0.13152 -0.40669 0.90405
vn 0.05041 0.98434 -0.16894
vn -0.11459 -0.16415 0.97976
vn -0.12196 0.5629 -0.81748
vn 0.25831 0.42876 -0.8657
vn 0.1054 0.69982 0.7065
vn -0.25969 0.86209 -0.43516
vn -0.20738 0.68844 0.69501
vn 0.5584 0.72051 -0.41117
vn 0.77938 -0.25141 -0.57389
vn -0.46315 0.35564 -0.81179
vn -0.68976 -0.62884 -0.35886
vn 0.45484 -0.58689 0.66983
vn -0.20519 -0.97143 0.11922
vn 0.89817 0.28973 0.33068
vn -0.08892 0.84197 0.53215
vn 0.16415 0.11459 0.97976
vn -0.92259 0.05693 -0.38155
vn 0.40669 -0.13152 0.90405
vn -0.91506 -0.11532 -0.38647
vn -0.42876 -0.25831 -0.8657
vn -0.69982 -0.1054 0.7065
vn -0.86209 0.25969 -0.43516
vn -0.68844 0.20738 0.69501
vn 0.77938 0.25141 -0.57389
vn 0.5584 -0.72051 -0.41117
vn -0.66075 -0.3012 -0.68752
vn -0.49228 0.756 -0.43142
vn 0.45484 0.58689 0.66983
vn -0.20519 0.97144 0.11922
vn 0.89817 -0.28973 0.33068
vn -0.08892 -0.84197 0.53215
vn 0.40669 0.13152 0.90405
vn -0.98434 0.05041 -0.16894
vn 0.16415 -0.11459 0.97976
vn -0.5629 -0.12196 -0.81748
vn -0.42876 0.25831 -0.8657
vn -0.69982 0.1054 0.7065
vn -0.86209 -0.25969 -0.43516
vn -0.68844 -0.20738 0.69501
vn 0.25141 0.77938 -0.57389
vn -0.35564 -0.46315 -0.81179
vn -0.72051 0.5584 -0.41117
vn 0.62884 -0.68976 -0.35886
vn 0.58689 0.45484 0.66983
vn 0.97143 -0.20519 0.11922
vn -0.28973 0.89817 0.33068
vn -0.84197 -0.08892 0.53215
vn -0.11459 0.16415 0.97976
vn -0.05693 -0.92259 -0.38155
vn 0.13152 0.40669 0.90405
vn 0.11532 -0.91506 -0.38647
vn 0.25831 -0.42876 -0.8657
vn 0.1054 -0.69982 0.7065
vn -0.25969 -0.86209 -0.43516
vn -0.20738 -0.68844 0.69501
vn 0.72051 0.5584 -0.41117
vn 0.3012 -0.66075 -0.68752
vn -0.25141 0.77938 -0.57389
vn -0.756 -0.49228 -0.43142
vn -0.58689 0.45484 0.66983
vn -0.97144 -0.20519 0.11922
vn 0.28973 0.89817 0.33068
vn 0.84197 -0.08892 0.53215
vn -0.13152 0.40669 0.90405
vn -0.05041 -0.98434 -0.16894
vn 0.11459 0.16415 0.97976
vn 0.12196 -0.5629 -0.81748
vn -0.25831 -0.42876 -0.8657
vn -0.1054 -0.69982 0.7065
vn 0.25969 -0.86209 -0.43516
vn 0.20738 -0.68844 0.69501
vn -0.77938 0.25141 -0.57389
vn 0.46315 -0.35564 -0.81179
vn -0.5584 -0.72051 -0.41117
vn 0.68976 0.62884 -0.35886
vn -0.45484 0.58689 0.66983
vn 0.20519 0.97144 0.11922
vn -0.89817 -0.28973 0.33068
vn 0.08892 -0.84197 0.53215
vn -0.16415 -0.11459 0.97976
vn 0.92259 -0.05693 -0.38155
vn -0.40669 0.13152 0.90405
vn 0.91506 0.11532 -0.38647
vn 0.42876 0.25831 -0.8657
vn 0.69982 0.1054 0.7065
vn 0.86209 -0.25969 -0.43516
vn 0.68844 -0.20738 0.69501
vn 0.66075 0.3012 -0.68752
vn -0.77938 -0.25141 -0.57389
vn -0.5584 0.72051 -0.41117
vn 0.49228 -0.756 -0.43142
vn -0.45484 -0.58689 0.66983
vn 0.20519 -0.97143 0.11922
vn -0.89817 0.28973 0.33068
vn 0.08892 0.84197 0.53215
vn -0.40669 -0.13152 0.90405
vn 0.98434 -0.05041 -0.16894
vn -0.16415 0.11459 0.97976
vn 0.5629 0.12196 -0.81748
vn 0.42876 -0.25831 -0.8657
vn 0.69982 -0.1054 0.7065
vn 0.86209 0.25969 -0.43516
vn 0.68844 0.20738 0.69501
usemtl mat0
f 4177//3907 4178//3908 4179//3909
f 4180//3910 4177//3907 4179//3909
f 4181//3911 4180//3910 4179//3909
f 4181//3911 4182//3912 4180//3910
f 4178//3908 4183//3913 4179//3909
f 4183//3913 4181//3911 4179//3909
f 4177//3907 4184//3914 4178//3908
f 4184//3914 4183//3913 4178//3908
f 4185//3915 4184//3914 4186//3916
f 4182//3912 4187//3917 4188//3918
f 4186//3916 4184//3914 4177//3907
f 4186//3916 4177//3907 4180//3910
f 4188//3918 4186//3916 4180//3910
f 4182//3912 4188//3918 4180//3910
f 4183//3913 4184//3914 4181//3911
f 4187//3917 4182//3912 4181//3911
f 4185//3915 4187//3917 4181//3911
f 4184//3914 4185//3915 4181//3911
f 4187//3917 4189//3919 4188//3918
f 4187//3917 4190//3920 4189//3919
f 4189//3919 4186//3916 4188//3918
f 4191//3921 4186//3916 4189//3919
f 4191//3921 4185//3915 4186//3916
f 4192//3922 4185//3915 4191//3921
f 4185//3915 4190//3920 4187//3917
f 4185//3915 4192//3922 4190//3920
f 4186//3916 4187//3917 4188//3918
f 4185//3915 4187//3917 4186//3916
f 4190//3920 4191//3921 4189//3919
f 4190//3920 4192//3922 4191//3921
f 4193//3923 4194//3924 4195//3925
f 4196//3926 4194//3924 4193//3923
f 4196//3926 4197//3927 4194//3924
f 4198//3928 4197//3927 4196//3926
f 4194//3924 4199//3929 4195//3925
f 4197//3927 4199//3929 4194//3924
f 4200//3930 4193//3923 4195//3925
f 4199//3929 4200//3930 4195//3925
f 4201//3931 4198//3928 4202//3932
f 4200//3930 4203//3933 4204//3934
f 4202//3932 4198//3928 4196//3926
f 4202//3932 4196//3926 4193//3923
f 4204//3934 4202//3932 4193//3923
f 4200//3930 4204//3934 4193//3923
f 4197//3927 4200//3930 4199//3929
f 4197//3927 4198//3928 4201//3931
f 4197//3927 4203//3933 4200//3930
f 4197//3927 4201//3931 4203//3933
f 4205//3935 4201//3931 4202//3932
f 4206//3936 4201//3931 4205//3935
f 4205//3935 4202//3932 4204//3934
f 4207//3937 4205//3935 4204//3934
f 4203//3933 4207//3937 4204//3934
f 4203//3933 4208//3938 4207//3937
f 4201//3931 4206//3936 4203//3933
f 4206//3936 4208//3938 4203//3933
f 4202//3932 4201//3931 4204//3934
f 4201//3931 4203//3933 4204//3934
f 4206//3936 4205//3935 4207//3937
f 4208//3938 4206//3936 4207//3937
f 4209//3939 4210//3940 4211//3941
f 4210//3940 4212//3942 4211//3941
f 4210//3940 4213//3943 4212//3942
f 4213//3943 4214//3944 4212//3942
f 4215//3945 4210//3940 4209//3939
f 4215//3945 4213//3943 4210//3940
f 4216//3946 4209//3939 4211//3941
f 4216//3946 4215//3945 4209//3939
f 4217//3947 4216//3946 4218//3948
f 4214//3944 4219//3949 4220//3950
f 4218//3948 4216//3946 4211//3941
f 4212//3942 4218//3948 4211//3941
f 4220//3950 4218//3948 4212//3942
f 4214//3944 4220//3950 4212//3942
f 4213//3943 4215//3945 4216//3946
f 4214//3944 4213//3943 4219//3949
f 4219//3949 4213//3943 4217//3947
f 4217//3947 4213//3943 4216//3946
f 4220//3950 4219//3949 4221//3951
f 4219//3949 4222//3952 4221//3951
f 4218//3948 4220//3950 4221//3951
f 4218//3948 4221//3951 4223//3953
f 4217//3947 4218//3948 4223//3953
f 4224//3954 4217//3947 4223//3953
f 4219//3949 4217//3947 4222//3952
f 4222//3952 4217//3947 4224//3954
f 4219//3949 4220//3950 4218//3948
f 4217//3947 4219//3949 4218//3948
f 4221//3951 4222//3952 4223//3953
f 4222//3952 4224//3954 4223//3953
f 4225//3955 4226//3956 4227//3957
f 4228//3958 4225//3955 4227//3957
f 4229//3959 4225//3955 4228//3958
f 4230//3960 4229//3959 4228//3958
f 4225//3955 4231//3961 4226//3956
f 4229//3959 4231//3961 4225//3955
f 4226//3956 4232//3962 4227//3957
f 4231//3961 4232//3962 4226//3956
f 4233//3963 4230//3960 4234//3964
f 4232//3962 4235//3965 4236//3966
f 4234//3964 4230//3960 4228//3958
f 4234//3964 4228//3958 4227//3957
f 4236//3966 4234//3964 4227//3957
f 4232//3962 4236//3966 4227//3957
f 4231//3961 4229//3959 4232//3962
f 4229//3959 4230//3960 4233//3963
f 4229//3959 4235//3965 4232//3962
f 4229//3959 4233//3963 4235//3965
f 4233//3963 4234//3964 4237//3967
f 4238//3968 4233//3963 4237//3967
f 4234//3964 4236//3966 4237//3967
f 4237//3967 4236//3966 4239//3969
f 4236//3966 4235//3965 4239//3969
f 4235//3965 4240//3970 4239//3969
f 4235//3965 4233//3963 4238//3968
f 4235//3965 4238//3968 4240//3970
f 4234//3964 4233//3963 4236//3966
f 4233//3963 4235//3965 4236//3966
f 4238//3968 4237//3967 4239//3969
f 4240//3970 4238//3968 4239//3969
f 4241//3971 4242//3972 4243//3973
f 4241//3971 4244//3974 4242//3972
f 4245//3975 4244//3974 4241//3971
f 4245//3975 4246//3976 4244//3974
f 4247//3977 4241//3971 4243//3973
f 4247//3977 4245//3975 4241//3971
f 4242//3972 4248//3978 4243//3973
f 4248//3978 4247//3977 4243//3973
f 4249//3979 4248//3978 4250//3980
f 4246//3976 4251//3981 4252//3982
f 4250//3980 4248//3978 4242//3972
f 4244//3974 4250//3980 4242//3972
f 4252//3982 4250//3980 4244//3974
f 4246//3976 4252//3982 4244//3974
f 4248//3978 4245//3975 4247//3977
f 4246//3976 4245//3975 4251//3981
f 4251//3981 4245//3975 4249//3979
f 4249//3979 4245//3975 4248//3978
f 4251//3981 4253//3983 4252//3982
f 4251//3981 4254//3984 4253//3983
f 4252//3982 4253//3983 4250//3980
f 4253//3983 4255//3985 4250//3980
f 4255//3985 4249//3979 4250//3980
f 4256//3986 4249//3979 4255//3985
f 4254//3984 4251//3981 4249//3979
f 4256//3986 4254//3984 4249//3979
f 4251//3981 4252//3982 4250//3980
f 4249//3979 4251//3981 4250//3980
f 4253//3983 4254//3984 4255//3985
f 4254//3984 4256//3986 4255//3985
f 4257//3987 4258//3988 4259//3989
f 4258//3988 4260//3990 4259//3989
f 4260//3990 4261//3991 4259//3989
f 4262//3992 4261//3991 4260//3990
f 4263//3993 4257//3987 4259//3989
f 4261//3991 4263//3993 4259//3989
f 4264//3994 4258//3988 4257//3987
f 4263//3993 4264//3994 4257//3987
f 4265//3995 4262//3992 4266//3996
f 4264//3994 4267//3997 4268//3998
f 4266//3996 4262//3992 4260//3990
f 4258//3988 4266//3996 4260//3990
f 4268//3998 4266//3996 4258//3988
f 4264//3994 4268//3998 4258//3988
f 4264//3994 4263//3993 4261//3991
f 4262//3992 4265//3995 4261//3991
f 4267//3997 4264//3994 4261//3991
f 4265//3995 4267//3997 4261//3991
f 4269//3999 4265//3995 4266//3996
f 4270//4000 4265//3995 4269//3999
f 4268//3998 4269//3999 4266//3996
f 4268//3998 4271//4001 4269//3999
f 4267//3997 4271//4001 4268//3998
f 4267//3997 4272//4002 4271//4001
f 4270//4000 4267//3997 4265//3995
f 4272//4002 4267//3997 4270//4000
f 4265//3995 4268//3998 4266//3996
f 4265//3995 4267//3997 4268//3998
f 4271//4001 4270//4000 4269//3999
f 4272//4002 4270//4000 4271//4001
f 4273//4003 4274//4004 4275//4005
f 4276//4006 4274//4004 4273//4003
f 4277//4007 4276//4006 4273//4003
f 4277//4007 4278//4008 4276//4006
f 4279//4009 4273//4003 4275//4005
f 4279//4009 4277//4007 4273//4003
f 4274//4004 4280//4010 4275//4005
f 4280//4010 4279//4009 4275//4005
f 4281//4011 4280//4010 4282//4012
f 4278//4008 4283//4013 4284//4014
f 4282//4012 4280//4010 4274//4004
f 4276//4006 4282//4012 4274//4004
f 4284//4014 4282//4012 4276//4006
f 4278//4008 4284//4014 4276//4006
f 4280//4010 4277//4007 4279//4009
f 4283//4013 4278//4008 4277//4007
f 4281//4011 4283//4013 4277//4007
f 4280//4010 4281//4011 4277//4007
f 4283//4013 4285//4015 4284//4014
f 4283//4013 4286//4016 4285//4015
f 4284//4014 4285//4015 4282//4012
f 4285//4015 4287//4017 4282//4012
f 4287//4017 4281//4011 4282//4012
f 4288//4018 4281//4011 4287//4017
f 4286//4016 4283//4013 4281//4011
f 4288//4018 4286//4016 4281//4011
f 4283//4013 4284//4014 4282//4012
f 4281//4011 4283//4013 4282//4012
f 4285//4015 4286//4016 4287//4017
f 4286//4016 4288//4018 4287//4017
f 4289//4019 4290//4020 4291//4021
f 4289//4019 4292//4022 4290//4020
f 4292//4022 4293//4023 4290//4020
f 4294//4024 4293//4023 4292//4022
f 4290//4020 4295//4025 4291//4021
f 4293//4023 4295//4025 4290//4020
f 4296//4026 4289//4019 4291//4021
f 4295//4025 4296//4026 4291//4021
f 4297//4027 4294//4024 4298//4028
f 4296//4026 4299//4029 4300//4030
f 4298//4028 4294//4024 4292//4022
f 4298//4028 4292//4022 4289//4019
f 4300//4030 4298//4028 4289//4019
f 4296//4026 4300//4030 4289//4019
f 4293//4023 4296//4026 4295//4025
f 4294//4024 4297//4027 4293//4023
f 4299//4029 4296//4026 4293//4023
f 4297//4027 4299//4029 4293//4023
f 4301//4031 4297//4027 4298//4028
f 4302//4032 4297//4027 4301//4031
f 4301//4031 4298//4028 4300//4030
f 4303//4033 4301//4031 4300//4030
f 4299//4029 4303//4033 4300//4030
f 4299//4029 4304//4034 4303//4033
f 4297//4027 4302//4032 4299//4029
f 4302//4032 4304//4034 4299//4029
f 4298//4028 4297//4027 4300//4030
f 4297//4027 4299//4029 4300//4030
f 4302//4032 4301//4031 4303//4033
f 4304//4034 4302//4032 4303//4033
# Vertices: 128, normals: 128, texture coordinates: 0, faces: 240

o obj16
v 422.72725537 1458.84730852 1252.0728575
v 422.72727425 1458.84730852 1684.09971297
v -422.72649162 1458.84727156 1684.09974992
v -422.7265105 1458.84727156 1252.07289445
v 408.32331138 1497.57850906 1684.0997136
v 366.0924138 1533.67005995 1684.09971544
v -366.09163771 1533.67002794 1684.09974745
v -408.32250161 1497.57847336 1684.09974929
v 298.91336582 1564.66261072 1684.09971838
v -298.9125314 1564.66258459 1684.09974451
v 211.36381949 1588.44397897 1684.09972221
v 109.40999193 1603.39380361 1684.09972666
v 0.00039047 1608.49279785 1684.09973145
v -109.40918379 1603.39379405 1684.09973623
v -211.36303293 1588.44396049 1684.09974068
v 109.40997305 1603.39380361 1252.07287119
v 0.00037159 1608.49279785 1252.07287598
v 211.3638006 1588.44397897 1252.07286674
v 298.91334693 1564.66261072 1252.07286291
v 366.09239492 1533.67005995 1252.07285997
v 408.32329249 1497.57850906 1252.07285813
v -408.3225205 1497.57847336 1252.07289382
v -366.0916566 1533.67002794 1252.07289198
v -298.91255028 1564.66258459 1252.07288904
v -211.36305181 1588.44396049 1252.07288522
v -109.40920267 1603.39379405 1252.07288076
vn 0.25815 -0.04498 -0.96506
vn -0.47134 -0.04106 -0.881
vn -0.12847 0.0229 -0.99145
vn 0.25599 0.09128 -0.96236
vn -0.01928 -0.84761 0.53026
vn -0.05528 -0.56167 0.82551
vn -0.05528 0.56167 0.82551
vn -0.01928 0.84761 0.53026
vn -0.09291 -0.35895 0.92872
vn -0.75723 0.23547 0.60923
vn -0.13226 -0.21817 0.96691
vn -0.17543 -0.10929 0.97841
vn -0.17065 0 0.98533
vn -0.28967 0.10625 0.95121
vn -0.37163 0.20434 0.90561
vn 0.17199 -0.07699 0.98208
vn 0.3273 0 0.94492
vn 0.12684 -0.17967 0.97551
vn 0.08683 -0.30726 0.94765
vn 0.05021 -0.48492 0.87311
vn 0.01738 -0.74638 0.6653
vn 0.01738 0.74638 0.6653
vn 0.05021 0.48492 0.87311
vn 0.73467 0.20924 0.64535
vn 0.35818 0.16912 0.91821
vn 0.2843 0.07493 0.9558
usemtl mat0
f 4305//4035 4306//4036 4305//4035
f 4307//4037 4308//4038 4307//4037
f 4309//4039 4310//4040 4306//4036
f 4311//4041 4312//4042 4307//4037
f 4310//4040 4313//4043 4306//4036
f 4314//4044 4311//4041 4307//4037
f 4306//4036 4314//4044 4307//4037
f 4313//4043 4315//4045 4306//4036
f 4315//4045 4316//4046 4306//4036
f 4316//4046 4317//4047 4306//4036
f 4317//4047 4318//4048 4306//4036
f 4319//4049 4314//4044 4306//4036
f 4318//4048 4319//4049 4306//4036
f 4320//4050 4317//4047 4316//4046
f 4321//4051 4317//4047 4320//4050
f 4322//4052 4316//4046 4315//4045
f 4320//4050 4316//4046 4322//4052
f 4323//4053 4315//4045 4313//4043
f 4322//4052 4315//4045 4323//4053
f 4324//4054 4313//4043 4310//4040
f 4323//4053 4313//4043 4324//4054
f 4325//4055 4310//4040 4309//4039
f 4324//4054 4310//4040 4325//4055
f 4305//4035 4309//4039 4306//4036
f 4325//4055 4309//4039 4305//4035
f 4312//4042 4308//4038 4307//4037
f 4312//4042 4326//4056 4308//4038
f 4311//4041 4326//4056 4312//4042
f 4311//4041 4327//4057 4326//4056
f 4314//4044 4327//4057 4311//4041
f 4314//4044 4328//4058 4327//4057
f 4319//4049 4328//4058 4314//4044
f 4319//4049 4329//4059 4328//4058
f 4318//4048 4329//4059 4319//4049
f 4318//4048 4330//4060 4329//4059
f 4317//4047 4330//4060 4318//4048
f 4317//4047 4321//4051 4330//4060
f 4324//4054 4325//4055 4305//4035
f 4326//4056 4327//4057 4308//4038
f 4323//4053 4324//4054 4305//4035
f 4327//4057 4328//4058 4308//4038
f 4328//4058 4305//4035 4308//4038
f 4322//4052 4323//4053 4305//4035
f 4320//4050 4322//4052 4305//4035
f 4321//4051 4320//4050 4305//4035
f 4330//4060 4321//4051 4305//4035
f 4329//4059 4330//4060 4305//4035
f 4328//4058 4329//4059 4305//4035
f 4308//4038 4305//4035 4307//4037
f 4305//4035 4306//4036 4307//4037
# Vertices: 26, normals: 26, texture coordinates: 0, faces: 50

o obj17
v 0.00038435 2132.69360352 -495.92123413
v 126.99931363 2132.69360907 -479.20157415
v 245.34348539 2132.69361424 -430.18180394
v 346.96790896 2132.69361868 -352.20265189
v 424.9470699 2132.69362209 -250.57820461
v 473.96681994 2132.69362423 -132.23404477
v 490.68652154 2132.69362496 -5.23511838
v 473.96680053 2132.69362423 121.76380375
v 424.94709134 2132.69362209 240.10795262
v 346.96790878 2132.69361868 341.73240671
v 245.3434615 2132.69361424 419.71153713
v 126.99930166 2132.69360907 468.73131769
v 0.0003813 2132.69360352 485.45098877
v -126.99854686 2132.69359796 468.73126776
v -245.34268047 2132.69359279 419.71155858
v -346.9671193 2132.69358835 341.73231497
v -424.94624972 2132.69358494 240.10792873
v -473.96603028 2132.6935828 121.76375363
v -490.68570136 2132.69358207 -5.23516751
v -473.96598035 2132.6935828 -132.23409488
v -424.94627117 2132.69358494 -250.57824375
v -346.96702756 2132.69358835 -352.20265207
v -245.34262606 2132.69359279 -430.18181301
v -126.99844333 2132.69359796 -479.20156305
v 0.00040389 1482.4005127 -699.17016602
v 179.60400113 1482.40052055 -675.52478812
v 346.96792628 1482.40052786 -606.20045462
v 490.68652852 1482.40053414 -495.92125558
v 600.96580115 1482.40053896 -352.20263247
v 670.29008826 1482.40054199 -184.83871338
v 693.93548185 1482.40054303 -5.23511773
v 670.29010396 1482.40054199 174.36848572
v 600.96570942 1482.40053896 341.73239561
v 490.68657141 1482.40053414 485.45105887
v 346.96788727 1482.40052786 595.73027048
v 179.6039987 1482.40052055 665.05461861
v 0.00039958 1482.4005127 688.69989014
v -179.6032004 1482.40050484 665.05463432
v -346.96711029 1482.40049753 595.73017874
v -490.68574304 1482.40049125 485.45101022
v -600.96495465 1482.40048643 341.73232607
v -670.28936382 1482.4004834 174.36842224
v -693.9345743 1482.40048236 -5.23518676
v -670.28931848 1482.4004834 -184.83879211
v -600.96486291 1482.40048643 -352.20267148
v -490.68563335 1482.40049125 -495.92130424
v -346.96701024 1482.40049753 -606.20054636
v -179.60306063 1482.40050484 -675.52489449
v 0.00039691 1642.00634766 -699.17016602
v 179.60399416 1642.00635551 -675.52478812
v 346.96791931 1642.00636282 -606.20045462
v 490.68652154 1642.0063691 -495.92125558
v 600.96579418 1642.00637393 -352.20263247
v 670.29008128 1642.00637696 -184.83871338
v 693.93547487 1642.00637799 -5.23511773
v 670.29009698 1642.00637696 174.36848572
v 600.96570244 1642.00637393 341.73239561
v 490.68656444 1642.0063691 485.45105887
v 346.96788029 1642.00636282 595.73027048
v 179.60399172 1642.00635551 665.05461861
v 0.00039261 1642.00634766 688.69989014
v -179.60320738 1642.00633981 665.05463432
v -346.96711727 1642.00633249 595.73017874
v -490.68575002 1642.00632621 485.45101022
v -600.96496162 1642.00632139 341.73232607
v -670.28937079 1642.00631836 174.36842224
v -693.93458128 1642.00631732 -5.23518676
v -670.28932546 1642.00631836 -184.83879211
v -600.96486988 1642.00632139 -352.20267148
v -490.68564033 1642.00632621 -495.92130424
v -346.96701722 1642.00633249 -606.20054636
v -179.60306761 1642.00633981 -675.52489449
v -309.18957677 2132.69359 2.09176056
v 25.71735085 2132.69360464 -116.97708242
v 9.58559983 2132.69360393 -138.00038189
v -119.7702751 2132.69359828 -48.66301204
v -109.62944837 2132.69359872 28.36433508
v -119.77028592 2132.69359828 52.84649037
v 22.2760923 2132.69360449 120.20327661
v -135.90202803 2132.69359758 -69.68630387
v 12.13525379 2132.69360405 144.68542427
v 38.40784339 2132.69360519 99.17996048
v -109.62942778 2132.69359872 -24.18084047
v -0.55524255 2132.69360349 -162.48254392
v -135.90203702 2132.69359758 73.86979506
v 46.74065936 2132.69360556 -100.84533896
v -106.17059484 2132.69359887 2.09174334
v 8.67640217 2132.69360389 170.95802269
v -156.92532891 2132.69359666 -85.81805497
v -4.01409426 2132.69360334 -188.75511152
v -156.92532122 2132.69359666 90.00153274
v 71.22279557 2132.69360663 -90.70447852
v 97.49540162 2132.69360778 -87.24563262
v 123.76798448 2132.69360893 -90.70448081
v -181.40747657 2132.69359559 -95.95889252
v 12.13525609 2132.69360405 197.23060555
v -181.40749851 2132.69359559 100.14238769
v -0.55524485 2132.69360349 -215.02770994
v 148.25013125 2132.69361 -100.84532051
v -207.68009024 2132.69359444 -99.41776131
v 22.27608911 2132.69360449 221.71278284
v -207.68009663 2132.69359444 103.60122826
v 9.58561256 2132.69360393 -239.50987286
v 59.4311543 2132.69360611 83.04823043
v 83.91331634 2132.69360718 72.90739074
v 110.18589919 2132.69360833 69.44853492
v 136.45849761 2132.69360948 72.90738844
v 160.94063001 2132.69361055 83.04821837
v 169.27344598 2132.69361091 -116.97706581
v 181.96394615 2132.69361147 99.17997709
v 185.40521996 2132.69361162 -138.00037432
v 198.09569145 2132.69361217 120.20328419
v -233.9526731 2132.69359329 -95.95890548
v 38.40783822 2132.69360519 242.73608231
v 195.54604225 2132.69361206 -162.48253723
v 208.23656166 2132.69361262 144.68544622
v 25.71736174 2132.69360464 -260.53320425
v -233.95271031 2132.69359329 100.14238236
v -305.73074384 2132.69359015 28.36435319
v -305.73074614 2132.69359015 -24.18083762
v -295.58990858 2132.69359059 -48.66302343
v -258.43481987 2132.69359222 -85.81807342
v 59.43114292 2132.69360611 258.86782577
v 199.00488815 2132.69361221 -188.75512039
v -258.43487322 2132.69359222 90.00153718
v 46.74066312 2132.69360556 -276.66494955
v 211.6953946 2132.69361277 170.95804434
v -279.4581346 2132.6935913 -69.68631286
v 71.22281752 2132.69360663 -286.80578925
v 97.49539275 2132.69360778 -290.26462218
v 123.76798353 2132.69360893 -286.80579154
v 148.25012357 2132.69361 -276.66492347
v 169.27345496 2132.69361091 -260.53321052
v 185.40521552 2132.69361162 -239.50988054
v 195.54603996 2132.69361206 -215.02771851
v 208.23656396 2132.69361262 197.23062749
v 198.0957264 2132.69361217 221.71277515
v 181.96398294 2132.69361147 242.73607603
v 160.94065296 2132.69361055 258.86779082
v 136.45850618 2132.69360948 269.00869154
v 110.18587755 2132.69360833 272.46752448
v 83.91330202 2132.69360718 269.00869384
v -279.45815884 2132.6935913 73.86979371
v -295.58990415 2132.69359059 52.84650569
vn 0.28927 0 0.95725
vn 0.74668 -0.15706 0.64637
vn 0.72865 -0.36932 0.57678
vn 0.62335 -0.62335 0.4721
vn 0.40567 -0.80036 0.44143
vn 0.18886 -0.89784 0.39776
vn -0 -0.43874 0.89862
vn -0.09532 -0.45317 0.88631
vn -0.36932 -0.72865 0.57678
vn -0.62335 -0.62335 0.4721
vn -0.80036 -0.40567 0.44143
vn -0.89784 -0.18886 0.39776
vn -0.55925 0 0.829
vn -0.4847 0.10195 0.86872
vn -0.81837 0.4148 0.39776
vn -0.5568 0.5568 0.6164
vn -0.37473 0.73932 0.55945
vn -0.17335 0.82414 0.5392
vn 0 0.78694 0.61703
vn 0.173 0.82245 0.54189
vn 0.37321 0.73632 0.56439
vn 0.5074 0.5074 0.69649
vn 0.81837 0.4148 0.39776
vn 0.87808 0.1847 0.44143
vn 0.99727 -0 -0.07387
vn 0.88909 -0.28055 -0.36169
vn 0.64311 -0.40991 -0.64683
vn 0.07724 -0.08433 -0.99344
vn 0.09151 -0.17589 -0.98015
vn 0.00842 -0.038 -0.99924
vn -0.04363 -0.99421 -0.09819
vn -0.28055 -0.88909 -0.36169
vn -0.40991 -0.64311 -0.64683
vn -0.41908 -0.38384 -0.82282
vn -0.37466 -0.19493 -0.90644
vn -0.3187 -0.07058 -0.94523
vn -0.17974 0 -0.98371
vn -0.21905 0.04851 -0.97451
vn -0.17589 0.09151 -0.98015
vn -0.13419 0.12291 -0.9833
vn -0.09299 0.14589 -0.98492
vn -0.0512 0.16226 -0.98542
vn -0.00759 0.17284 -0.98492
vn 0.02207 0.09964 -0.99478
vn 0.12211 0.23469 -0.96437
vn 0.22047 0.24071 -0.94523
vn 0.35614 0.227 -0.90644
vn 0.45618 0.14394 -0.87817
vn 0.94447 -0 0.3286
vn 0.92059 -0.26019 0.29124
vn 0.82188 -0.48959 0.29124
vn 0.69094 -0.67134 0.26816
vn 0.50858 -0.81032 0.29108
vn 0.28152 -0.91434 0.29108
vn 0.00928 -0.95179 0.30661
vn -0.26019 -0.92059 0.29124
vn -0.48959 -0.82188 0.29124
vn -0.67134 -0.69094 0.26816
vn -0.81032 -0.50858 0.29108
vn -0.91434 -0.28152 0.29108
vn -0.95785 0 0.28728
vn -0.91434 0.28152 0.29108
vn -0.81032 0.50858 0.29108
vn -0.67134 0.69094 0.26816
vn -0.48959 0.82188 0.29124
vn -0.26019 0.92059 0.29124
vn 0.00928 0.95179 0.30661
vn 0.28152 0.91434 0.29108
vn 0.50858 0.81032 0.29108
vn 0.69094 0.67134 0.26816
vn 0.82188 0.48959 0.29124
vn 0.92059 0.26019 0.29124
vn 0 0 1
usemtl mat0
f 4331//4061 4332//4062 4331//4061
f 4332//4062 4333//4063 4332//4062
f 4333//4063 4334//4064 4333//4063
f 4334//4064 4335//4065 4334//4064
f 4335//4065 4336//4066 4335//4065
f 4336//4066 4337//4067 4336//4066
f 4337//4067 4338//4068 4337//4067
f 4338//4068 4339//4069 4338//4068
f 4339//4069 4340//4070 4339//4069
f 4340//4070 4341//4071 4340//4070
f 4341//4071 4342//4072 4341//4071
f 4342//4072 4343//4073 4342//4072
f 4344//4074 4343//4073 4344//4074
f 4345//4075 4344//4074 4345//4075
f 4346//4076 4345//4075 4346//4076
f 4347//4077 4346//4076 4347//4077
f 4348//4078 4347//4077 4348//4078
f 4349//4079 4348//4078 4349//4079
f 4350//4080 4349//4079 4350//4080
f 4351//4081 4350//4080 4351//4081
f 4352//4082 4351//4081 4352//4082
f 4353//4083 4352//4082 4353//4083
f 4354//4084 4353//4083 4354//4084
f 4331//4061 4354//4084 4331//4061
f 4355//4085 4356//4086 4355//4085
f 4356//4086 4357//4087 4356//4086
f 4357//4087 4358//4088 4357//4087
f 4358//4088 4359//4089 4358//4088
f 4359//4089 4360//4090 4359//4089
f 4360//4090 4361//4091 4360//4090
f 4361//4091 4362//4092 4361//4091
f 4362//4092 4363//4093 4362//4092
f 4363//4093 4364//4094 4363//4093
f 4364//4094 4365//4095 4364//4094
f 4365//4095 4366//4096 4365//4095
f 4366//4096 4367//4097 4366//4096
f 4367//4097 4368//4098 4367//4097
f 4368//4098 4369//4099 4368//4098
f 4369//4099 4370//4100 4369//4099
f 4370//4100 4371//4101 4370//4100
f 4371//4101 4372//4102 4371//4101
f 4372//4102 4373//4103 4372//4102
f 4373//4103 4374//4104 4373//4103
f 4374//4104 4375//4105 4374//4104
f 4375//4105 4376//4106 4375//4105
f 4376//4106 4377//4107 4376//4106
f 4377//4107 4378//4108 4377//4107
f 4378//4108 4355//4085 4378//4108
f 4379//4109 4332//4062 4380//4110
f 4331//4061 4332//4062 4379//4109
f 4380//4110 4333//4063 4381//4111
f 4332//4062 4333//4063 4380//4110
f 4381//4111 4334//4064 4382//4112
f 4333//4063 4334//4064 4381//4111
f 4334//4064 4335//4065 4383//4113
f 4382//4112 4334//4064 4383//4113
f 4335//4065 4336//4066 4384//4114
f 4383//4113 4335//4065 4384//4114
f 4336//4066 4337//4067 4385//4115
f 4384//4114 4336//4066 4385//4115
f 4385//4115 4338//4068 4386//4116
f 4337//4067 4338//4068 4385//4115
f 4386//4116 4339//4069 4387//4117
f 4338//4068 4339//4069 4386//4116
f 4387//4117 4340//4070 4388//4118
f 4339//4069 4340//4070 4387//4117
f 4340//4070 4341//4071 4389//4119
f 4388//4118 4340//4070 4389//4119
f 4341//4071 4342//4072 4390//4120
f 4389//4119 4341//4071 4390//4120
f 4342//4072 4343//4073 4391//4121
f 4390//4120 4342//4072 4391//4121
f 4343//4073 4344//4074 4391//4121
f 4344//4074 4392//4122 4391//4121
f 4345//4075 4393//4123 4392//4122
f 4344//4074 4345//4075 4392//4122
f 4346//4076 4394//4124 4393//4123
f 4345//4075 4346//4076 4393//4123
f 4346//4076 4395//4125 4394//4124
f 4346//4076 4347//4077 4395//4125
f 4347//4077 4396//4126 4395//4125
f 4347//4077 4348//4078 4396//4126
f 4348//4078 4397//4127 4396//4126
f 4348//4078 4349//4079 4397//4127
f 4350//4080 4398//4128 4397//4127
f 4349//4079 4350//4080 4397//4127
f 4351//4081 4399//4129 4398//4128
f 4350//4080 4351//4081 4398//4128
f 4352//4082 4400//4130 4399//4129
f 4351//4081 4352//4082 4399//4129
f 4352//4082 4401//4131 4400//4130
f 4352//4082 4353//4083 4401//4131
f 4353//4083 4402//4132 4401//4131
f 4353//4083 4354//4084 4402//4132
f 4354//4084 4379//4109 4402//4132
f 4354//4084 4331//4061 4379//4109
f 4355//4085 4380//4110 4356//4086
f 4379//4109 4380//4110 4355//4085
f 4356//4086 4381//4111 4357//4087
f 4380//4110 4381//4111 4356//4086
f 4357//4087 4382//4112 4358//4088
f 4381//4111 4382//4112 4357//4087
f 4358//4088 4383//4113 4359//4089
f 4382//4112 4383//4113 4358//4088
f 4359//4089 4384//4114 4360//4090
f 4383//4113 4384//4114 4359//4089
f 4360//4090 4385//4115 4361//4091
f 4384//4114 4385//4115 4360//4090
f 4361//4091 4386//4116 4362//4092
f 4385//4115 4386//4116 4361//4091
f 4362//4092 4387//4117 4363//4093
f 4386//4116 4387//4117 4362//4092
f 4363//4093 4388//4118 4364//4094
f 4387//4117 4388//4118 4363//4093
f 4364//4094 4389//4119 4365//4095
f 4388//4118 4389//4119 4364//4094
f 4365//4095 4390//4120 4366//4096
f 4389//4119 4390//4120 4365//4095
f 4366//4096 4391//4121 4367//4097
f 4390//4120 4391//4121 4366//4096
f 4391//4121 4368//4098 4367//4097
f 4391//4121 4392//4122 4368//4098
f 4392//4122 4369//4099 4368//4098
f 4392//4122 4393//4123 4369//4099
f 4393//4123 4370//4100 4369//4099
f 4393//4123 4394//4124 4370//4100
f 4394//4124 4371//4101 4370//4100
f 4394//4124 4395//4125 4371//4101
f 4395//4125 4372//4102 4371//4101
f 4395//4125 4396//4126 4372//4102
f 4396//4126 4373//4103 4372//4102
f 4396//4126 4397//4127 4373//4103
f 4397//4127 4374//4104 4373//4103
f 4397//4127 4398//4128 4374//4104
f 4398//4128 4375//4105 4374//4104
f 4398//4128 4399//4129 4375//4105
f 4399//4129 4376//4106 4375//4105
f 4399//4129 4400//4130 4376//4106
f 4400//4130 4377//4107 4376//4106
f 4400//4130 4401//4131 4377//4107
f 4401//4131 4378//4108 4377//4107
f 4401//4131 4402//4132 4378//4108
f 4402//4132 4355//4085 4378//4108
f 4402//4132 4379//4109 4355//4085
f 4360//4090 4361//4091 4362//4092
f 4360//4090 4362//4092 4363//4093
f 4360//4090 4363//4093 4364//4094
f 4360//4090 4364//4094 4365//4095
f 4360//4090 4365//4095 4366//4096
f 4360//4090 4366//4096 4367//4097
f 4368//4098 4360//4090 4367//4097
f 4369//4099 4360//4090 4368//4098
f 4370//4100 4360//4090 4369//4099
f 4371//4101 4360//4090 4370//4100
f 4372//4102 4360//4090 4371//4101
f 4373//4103 4360//4090 4372//4102
f 4374//4104 4360//4090 4373//4103
f 4374//4104 4359//4089 4360//4090
f 4358//4088 4359//4089 4374//4104
f 4375//4105 4358//4088 4374//4104
f 4376//4106 4358//4088 4375//4105
f 4376//4106 4377//4107 4358//4088
f 4377//4107 4378//4108 4358//4088
f 4378//4108 4357//4087 4358//4088
f 4378//4108 4356//4086 4357//4087
f 4378//4108 4355//4085 4356//4086
f 4403//4133 4349//4079 4348//4078
f 4350//4080 4349//4079 4403//4133
f 4403//4133 4348//4078 4347//4077
f 4351//4081 4350//4080 4403//4133
f 4403//4133 4347//4077 4346//4076
f 4352//4082 4351//4081 4403//4133
f 4404//4133 4405//4133 4406//4133
f 4407//4133 4408//4133 4409//4133
f 4405//4133 4410//4133 4406//4133
f 4409//4133 4408//4133 4411//4133
f 4412//4133 4407//4133 4409//4133
f 4404//4133 4406//4133 4413//4133
f 4405//4133 4414//4133 4410//4133
f 4408//4133 4415//4133 4411//4133
f 4416//4133 4404//4133 4413//4133
f 4417//4133 4407//4133 4412//4133
f 4411//4133 4415//4133 4418//4133
f 4414//4133 4419//4133 4410//4133
f 4414//4133 4420//4133 4419//4133
f 4415//4133 4421//4133 4418//4133
f 4416//4133 4413//4133 4417//4133
f 4416//4133 4417//4133 4412//4133
f 4422//4133 4416//4133 4412//4133
f 4423//4133 4422//4133 4412//4133
f 4424//4133 4423//4133 4412//4133
f 4420//4133 4425//4133 4419//4133
f 4418//4133 4421//4133 4426//4133
f 4421//4133 4427//4133 4426//4133
f 4420//4133 4428//4133 4425//4133
f 4336//4066 4335//4065 4337//4067
f 4335//4065 4334//4064 4337//4067
f 4334//4064 4333//4063 4337//4067
f 4333//4063 4332//4062 4337//4067
f 4332//4062 4331//4061 4337//4067
f 4337//4067 4331//4061 4338//4068
f 4342//4072 4341//4071 4343//4073
f 4341//4071 4340//4070 4343//4073
f 4340//4070 4339//4069 4343//4073
f 4339//4069 4338//4068 4343//4073
f 4338//4068 4344//4074 4343//4073
f 4354//4084 4353//4083 4352//4082
f 4331//4061 4354//4084 4352//4082
f 4346//4076 4345//4075 4344//4074
f 4429//4133 4424//4133 4412//4133
f 4428//4133 4430//4133 4425//4133
f 4426//4133 4427//4133 4431//4133
f 4427//4133 4432//4133 4431//4133
f 4428//4133 4433//4133 4430//4133
f 4434//4133 4429//4133 4412//4133
f 4435//4133 4429//4133 4434//4133
f 4436//4133 4429//4133 4435//4133
f 4429//4133 4436//4133 4437//4133
f 4429//4133 4437//4133 4438//4133
f 4439//4133 4429//4133 4438//4133
f 4439//4133 4438//4133 4440//4133
f 4441//4133 4439//4133 4440//4133
f 4441//4133 4440//4133 4442//4133
f 4430//4133 4433//4133 4443//4133
f 4431//4133 4432//4133 4444//4133
f 4445//4133 4441//4133 4442//4133
f 4445//4133 4442//4133 4446//4133
f 4433//4133 4447//4133 4443//4133
f 4432//4133 4448//4133 4444//4133
f 4449//4133 4403//4133 4346//4076
f 4449//4133 4346//4076 4344//4074
f 4450//4133 4352//4082 4403//4133
f 4451//4133 4352//4082 4450//4133
f 4331//4061 4352//4082 4451//4133
f 4443//4133 4447//4133 4452//4133
f 4444//4133 4448//4133 4453//4133
f 4454//4133 4445//4133 4446//4133
f 4448//4133 4455//4133 4453//4133
f 4447//4133 4456//4133 4452//4133
f 4454//4133 4446//4133 4457//4133
f 4458//4133 4331//4061 4451//4133
f 4452//4133 4331//4061 4458//4133
f 4456//4133 4331//4061 4452//4133
f 4459//4133 4331//4061 4456//4133
f 4460//4133 4331//4061 4459//4133
f 4331//4061 4460//4133 4461//4133
f 4331//4061 4461//4133 4462//4133
f 4331//4061 4462//4133 4463//4133
f 4331//4061 4463//4133 4338//4068
f 4463//4133 4464//4133 4338//4068
f 4464//4133 4465//4133 4338//4068
f 4465//4133 4454//4133 4338//4068
f 4338//4068 4454//4133 4457//4133
f 4338//4068 4457//4133 4466//4133
f 4338//4068 4466//4133 4467//4133
f 4338//4068 4467//4133 4468//4133
f 4338//4068 4468//4133 4469//4133
f 4338//4068 4469//4133 4344//4074
f 4469//4133 4470//4133 4344//4074
f 4470//4133 4471//4133 4344//4074
f 4471//4133 4472//4133 4344//4074
f 4472//4133 4453//4133 4344//4074
f 4453//4133 4455//4133 4344//4074
f 4455//4133 4473//4133 4344//4074
f 4474//4133 4449//4133 4344//4074
f 4473//4133 4474//4133 4344//4074
# Vertices: 144, normals: 73, texture coordinates: 0, faces: 266

o obj18
v -1306.94873064 1478.32489404 -1318.17902002
v -1243.58679423 1478.32440853 -1365.5790472
v -1170.11535997 1478.32392346 -1394.96650159
v -1091.54211819 1478.32441518 -1404.33454701
v -1013.22101174 1478.32393032 -1393.04866177
v -940.48987024 1478.32405557 -1361.87593545
v -878.3054809 1478.32393622 -1312.94173407
v -830.90478233 1478.32442657 -1249.57894317
v -801.51787726 1478.32393957 -1176.10897375
v -792.14824492 1478.32442826 -1097.53487748
v -803.43516776 1478.32454984 -1019.21309965
v -834.60801615 1478.32393813 -946.48281264
v -883.5421565 1478.32405806 -884.29714155
v -946.90458118 1478.3244215 -836.89705334
v -1020.37564923 1478.32441829 -807.51045344
v -1098.94882998 1478.32441485 -798.1408211
v -1177.27036367 1478.32538799 -809.42682842
v -1250.00156621 1478.32489653 -840.59967681
v -1312.18687108 1478.32391725 -889.53479372
v -1359.58677619 1478.32391518 -952.89593666
v -1388.97325401 1478.32489046 -1026.36773714
v -1398.34276429 1478.32440177 -1104.94085685
v -1387.05675697 1478.32452433 -1183.26178019
v -1355.8834203 1478.32403741 -1255.99371515
v 1312.94445029 1478.32500856 1301.71393187
v 1360.34447193 1478.32452235 1238.35199132
v 1389.73191989 1478.32403536 1164.88055449
v 1399.09995845 1478.32452405 1086.30731189
v 1387.81406635 1478.32403527 1007.98620643
v 1356.64121161 1478.32415598 935.25506765
v 1307.70712686 1478.32403177 873.07068258
v 1244.34433182 1478.32451728 825.66998955
v 1170.87435984 1478.32402579 796.28315194
v 1092.30026275 1478.32451064 786.91346544
v 1013.97842486 1478.32462928 798.20039513
v 941.24820161 1478.32401575 829.37324987
v 879.06253481 1478.3241351 878.30739566
v 831.66245213 1478.32449924 941.66982449
v 802.27585866 1478.32449796 1015.14089511
v 792.90623319 1478.32449755 1093.7139546
v 804.19224735 1478.32547461 1172.03560938
v 835.3651021 1478.32498769 1244.76680919
v 884.30022444 1478.32401326 1306.95210978
v 947.66137153 1478.32401603 1354.35200936
v 1021.13311354 1478.32499581 1383.73848076
v 1099.7062951 1478.32451096 1393.10798416
v 1178.02721746 1478.32463645 1381.82196999
v 1250.75914969 1478.32415135 1350.64862697
v -1243.58766357 1817.95307064 -1365.58002377
v -1278.58595124 1817.95306911 -1289.11371364
v -1223.71290616 1817.95185081 -1330.16461936
v -1306.94874548 1817.95245752 -1318.17816553
v -1170.11488653 1817.95307385 -1394.96515881
v -1160.08497759 1817.95307429 -1355.61347468
v -1091.54274339 1817.95246694 -1404.33491322
v -1092.03834708 1817.95185656 -1363.72736926
v -1024.21095408 1817.95308023 -1353.95393472
v -1013.22151487 1817.95247036 -1393.04829555
v -961.223282 1817.95308298 -1326.95772166
v -940.48988509 1817.95247354 -1361.8765458
v -878.30482436 1817.95308661 -1312.94136786
v -907.36982556 1817.95247499 -1284.57845155
v -866.32007951 1817.95308713 -1229.7052844
v -830.90430889 1817.95247833 -1249.57894317
v -801.51807521 1817.95308996 -1176.10824133
v -840.87000348 1817.95247789 -1166.07735582
v -832.75604787 1817.95369895 -1098.03182395
v -792.1485039 1817.95248002 -1097.53463334
v -834.60754271 1817.95308852 -946.48262953
v -869.52728239 1817.95369734 -967.21511092
v -883.54217134 1817.95247603 -884.29762984
v -911.90514869 1817.95247479 -913.36159344
v -946.90422982 1817.95247326 -836.89741955
v -966.77801066 1817.95308274 -872.31123704
v -1030.40551199 1817.95307996 -846.86177137
v -1020.37548097 1817.95247005 -807.5102093
v -1098.45263078 1817.95307699 -838.74860921
v -1098.94884482 1817.95246661 -798.1408211
v -1166.28136656 1817.95246367 -848.52222685
v -1177.26952403 1817.95246319 -809.42682842
v -1229.26757379 1817.95307127 -875.51886717
v -1250.00170312 1817.95246001 -840.59918852
v -1283.12194576 1817.95306891 -917.89709967
v -1312.18688593 1817.95306764 -889.53461061
v -1324.17175285 1817.95306712 -972.77014476
v -1359.58740139 1817.95245522 -952.89660805
v -1349.62158473 1817.95245565 -1036.39898886
v -1388.97326886 1817.95184358 -1026.36810335
v -1357.73572345 1817.9524553 -1104.44574143
v -1398.34314534 1817.95306388 -1104.94085685
v -1387.05628353 1817.95306437 -1183.26165812
v -1347.96094614 1817.95306608 -1172.27313444
v -1320.96436686 1817.95306726 -1235.25995202
v -1355.88380136 1817.95306573 -1255.99334894
v -803.43518261 1817.95308988 -1019.21371
v -1357.73572039 1748.00238206 -1104.44574143
v -1349.6214596 1748.0020162 -1036.39898886
v -1347.96069894 1748.00165006 -1172.27264616
v -1320.96460794 1748.00201745 -1235.26007409
v -1278.58570405 1748.00238552 -1289.11371364
v -1223.71278104 1748.00238792 -1330.1648635
v -1160.08497453 1748.00165828 -1355.61457331
v -1092.03834403 1748.00239367 -1363.72846789
v -1024.21082895 1748.00203043 -1353.95344644
v -961.22376722 1748.00239939 -1326.9571113
v -907.3698225 1748.00203553 -1284.57820741
v -866.31952713 1748.00203733 -1229.70540647
v -840.87067181 1748.00240465 -1166.07796617
v -832.7565331 1748.00240501 -1098.03145774
v -842.52997069 1817.95247782 -1030.20308817
v -842.52996763 1748.00240458 -1030.20308817
v -869.52648587 1748.0024034 -967.21547713
v -911.90569495 1748.00203533 -913.36195965
v -966.77819071 1748.00239915 -872.3122136
v -1030.40624135 1748.00239637 -846.86225965
v -1098.45336014 1748.00239339 -838.74812093
v -1166.28148557 1748.00202422 -848.52216582
v -1229.26781487 1748.00238767 -875.51843992
v -1283.1219427 1748.00201911 -917.89728278
v -1324.17187186 1748.00201731 -972.77014476
v 1360.34543365 1817.95318446 1238.35284581
v 1283.87912659 1817.95318112 1273.35114017
v 1312.94358095 1817.95257204 1301.71393187
v 1324.93002751 1817.95196221 1218.4780915
v 1350.37887726 1817.95318403 1154.8501607
v 1389.73056227 1817.95318575 1164.88006621
v 1399.10030982 1817.95257581 1086.30792224
v 1358.49288796 1817.95196368 1086.80352949
v 1348.71932543 1817.95318395 1018.97613733
v 1387.8136853 1817.95257531 1007.98669471
v 1356.64192919 1817.95257395 935.25506765
v 1321.72310685 1817.95318277 955.98846762
v 1307.70674581 1817.95318216 873.0700112
v 1279.34383204 1817.95257057 902.13501488
v 1224.4706613 1817.95317852 861.08527363
v 1244.34431698 1817.95256904 825.66950127
v 1160.8427305 1817.95256539 835.63520316
v 1170.87361257 1817.95317618 796.28321298
v 1092.79731999 1817.95378312 827.5212535
v 1092.30000376 1817.95256239 786.91370958
v 961.9804881 1817.9537774 864.29249945
v 941.24800366 1817.95316614 829.37276159
v 879.06300824 1817.95255307 878.30739566
v 908.12697433 1817.95255434 906.67037046
v 831.66280349 1817.952551 941.66939724
v 867.07662272 1817.9531629 961.54323602
v 802.27559967 1817.95254972 1015.140712
v 841.62716261 1817.95316179 1025.17073958
v 792.90621834 1817.95254931 1093.7139546
v 833.51400641 1817.95316143 1093.21785907
v 843.28762998 1817.95255151 1161.046594
v 804.19223251 1817.9525498 1172.03475489
v 835.36459897 1817.95255116 1244.76693126
v 870.2842758 1817.95316304 1224.03279887
v 912.66245198 1817.95316489 1277.88716714
v 884.30002649 1817.95316365 1306.95210978
v 967.53556168 1817.95316729 1318.93696943
v 947.66202808 1817.95255607 1354.35261971
v 1031.16440801 1817.95255972 1344.38679575
v 1021.13352594 1817.95194893 1383.73848076
v 1099.70628026 1817.95317307 1393.10835037
v 1099.2111613 1817.9525627 1352.50092851
v 1178.02708055 1817.95317649 1381.82148171
v 1167.03855345 1817.95317601 1342.72614528
v 1250.75876864 1817.95317967 1350.64899318
v 1230.02536867 1817.95317877 1315.72956049
v 1013.9790814 1817.95316932 798.20039513
v 1099.21116435 1748.00248945 1352.50092851
v 1031.16441107 1748.00212027 1344.38667368
v 1167.03806822 1748.00176 1342.72590114
v 1230.0254938 1748.00212896 1315.72980463
v 1283.87912964 1748.00249753 1273.35089603
v 1324.93027471 1748.00249932 1218.47796943
v 1350.37985689 1748.00176801 1154.8501607
v 1358.49386758 1748.00250079 1086.80352949
v 1348.7188402 1748.00213415 1018.9760763
v 1321.72249956 1748.00249918 955.98889486
v 1279.34359096 1748.00213112 902.13501488
v 1224.47078643 1748.00212872 861.08466327
v 1160.84334391 1748.00249215 835.63587455
v 1092.79683476 1748.00248917 827.52174178
v 1024.96846299 1817.95255945 837.29518225
v 1024.96846605 1748.00248621 837.29518225
v 961.98085737 1748.00248346 864.291706
v 908.1273436 1748.00211489 906.67091978
v 867.07760234 1748.00247931 961.54341913
v 841.62765395 1748.00247819 1025.171472
v 833.51352118 1748.00247784 1093.2185915
v 843.28751096 1748.00211206 1161.04683814
v 870.28385161 1748.00247945 1224.03304301
v 912.66269918 1748.00211509 1277.88716714
v 967.53556474 1748.00211749 1318.9370915
vn 0.69243 0.67571 -0.25291
vn 0.87052 0.48851 -0.05968
vn 0.97871 0.20424 -0.02025
vn 0.47221 -0.02651 -0.88109
vn 0.52824 -0.14848 -0.83601
vn 0.59019 -0.31628 -0.74273
vn 0.47405 -0.44497 -0.75979
vn 0.33933 -0.547 -0.76527
vn 0.18806 -0.62238 -0.75979
vn 0.02118 -0.66926 -0.74273
vn -0.13481 -0.47961 -0.86707
vn -0.53769 -0.82127 -0.19079
vn -0.71536 -0.69809 -0.0304
vn -0.87052 -0.48851 -0.05968
vn -0.92204 -0.19241 -0.33588
vn -0.83397 0.01019 -0.55172
vn -0.87913 0.24711 -0.40752
vn -0.66987 0.43856 -0.59912
vn -0.49737 0.55652 -0.66551
vn -0.06755 0.12038 -0.99043
vn -0.23158 0.76644 -0.59912
vn -0.0272 0.85917 -0.51097
vn 0.25691 0.91399 -0.31402
vn 0.52505 0.80197 -0.2849
vn -0.67571 -0.69243 -0.25291
vn -0.48851 -0.87052 -0.05968
vn -0.20424 -0.97871 -0.02025
vn 0.02651 -0.47221 -0.88109
vn 0.14848 -0.52824 -0.83601
vn 0.31628 -0.59019 -0.74273
vn 0.44497 -0.47405 -0.75979
vn 0.547 -0.33933 -0.76527
vn 0.62238 -0.18806 -0.75979
vn 0.66926 -0.02118 -0.74273
vn 0.47961 0.13481 -0.86707
vn 0.82127 0.53769 -0.19079
vn 0.69809 0.71536 -0.0304
vn 0.48851 0.87052 -0.05968
vn 0.19241 0.92204 -0.33588
vn -0.01019 0.83397 -0.55172
vn -0.24711 0.87913 -0.40752
vn -0.43856 0.66987 -0.59912
vn -0.55652 0.49737 -0.66551
vn -0.12038 0.06755 -0.99043
vn -0.76644 0.23158 -0.59912
vn -0.85917 0.0272 -0.51097
vn -0.91399 -0.25691 -0.31402
vn -0.80197 -0.52505 -0.2849
vn 0.85114 0.47764 0.21777
vn -0.44688 -0.4361 0.7811
vn -0.79258 -0.49167 0.36065
vn 0.71442 0.69717 0.05968
vn 0.95423 0.28833 0.07939
vn -0.73546 -0.22223 0.64009
vn 0.98864 0.03128 0.14699
vn -0.96029 0.01173 0.27876
vn -0.81097 0.26683 0.5207
vn 0.95918 -0.26961 0.08536
vn -0.5369 0.31879 0.7811
vn 0.834 -0.54602 0.07939
vn 0.65912 -0.73753 0.14699
vn -0.67073 0.68732 0.27877
vn -0.38476 0.76212 0.52071
vn 0.44777 -0.88693 0.11339
vn 0.20296 -0.9726 0.11339
vn -0.1744 0.83573 0.52071
vn 0.00901 0.73743 0.67536
vn -0.05569 -0.99199 0.11339
vn -0.46931 -0.87572 0.11339
vn 0.37652 0.63414 0.67535
vn -0.71308 -0.69587 0.08536
vn 0.65072 0.63502 0.41631
vn -0.85954 -0.48235 0.16888
vn 0.64314 0.36092 0.67536
vn 0.81724 0.24694 0.52071
vn -0.95108 -0.28738 0.11338
vn 0.93224 0.0295 0.36065
vn -0.99376 0.01214 0.11088
vn 0.81619 -0.22942 0.53029
vn -0.95588 0.26868 0.11873
vn 0.74361 -0.44153 0.50209
vn -0.87183 0.46722 0.14699
vn 0.62248 -0.58428 0.5207
vn -0.72442 0.67997 0.11339
vn 0.45004 -0.72548 0.5207
vn -0.48759 0.86889 0.08536
vn 0.20941 -0.82155 0.53028
vn -0.20364 0.97582 0.07939
vn -0.00901 -0.73744 0.67535
vn 0.05568 0.99199 0.11339
vn 0.26672 0.94886 0.16889
vn -0.24604 -0.8753 0.41631
vn -0.51089 -0.78034 0.36065
vn 0.46723 0.87183 0.14699
vn -0.26869 -0.95588 0.11873
vn -0.0122 -0.99789 0.06381
vn 0.22068 -0.86575 0.4492
vn -0.0655 -0.23302 0.97026
vn -0.17546 -0.3274 0.92845
vn -0.27902 -0.27229 0.92087
vn -0.23006 -0.11615 0.96622
vn -0.22337 -0.04661 0.97362
vn -0.14135 0.00173 0.98996
vn -0.19416 0.0455 0.97991
vn -0.2214 0.13146 0.96628
vn -0.09381 0.09613 0.99094
vn -0.0432 0.06963 0.99664
vn -0.23339 0.7724 0.5907
vn 0.01184 0.96975 0.24381
vn 0.22942 0.81619 0.53028
vn 0.26841 0.95492 0.12685
vn 0.32852 0.5533 0.76546
vn 0.24213 0.23628 0.94103
vn 0.41015 0.23016 0.8825
vn 0.29651 0.06188 0.95302
vn 0.25731 -0.01444 0.96622
vn 0.14847 -0.04173 0.98804
vn 0.05356 -0.0318 0.99806
vn 0.41633 -0.46585 0.7808
vn 0.36365 -0.7203 0.5907
vn -0.47764 -0.85114 0.21777
vn 0.4361 0.44688 0.7811
vn -0.69717 -0.71442 0.05968
vn 0.49167 0.79258 0.36065
vn 0.22223 0.73546 0.64009
vn -0.28833 -0.95423 0.07939
vn -0.03128 -0.98864 0.14699
vn -0.01173 0.96029 0.27876
vn -0.26683 0.81097 0.5207
vn 0.26961 -0.95918 0.08536
vn 0.54602 -0.834 0.07939
vn -0.31879 0.5369 0.7811
vn 0.73753 -0.65912 0.14699
vn -0.68732 0.67073 0.27877
vn -0.76212 0.38476 0.52071
vn 0.88693 -0.44777 0.11339
vn -0.83573 0.1744 0.52071
vn 0.9726 -0.20296 0.11339
vn -0.73743 -0.00901 0.67536
vn 0.99199 0.05569 0.11339
vn -0.63414 -0.37652 0.67535
vn 0.87572 0.46931 0.11339
vn 0.69587 0.71308 0.08536
vn -0.63502 -0.65072 0.41631
vn 0.48235 0.85954 0.16888
vn -0.36092 -0.64314 0.67536
vn 0.28738 0.95108 0.11338
vn -0.24694 -0.81724 0.52071
vn -0.01214 0.99376 0.11088
vn -0.0295 -0.93224 0.36065
vn 0.22942 -0.81619 0.53029
vn -0.26868 0.95588 0.11873
vn -0.46722 0.87183 0.14699
vn 0.44153 -0.74361 0.50209
vn 0.58428 -0.62248 0.5207
vn -0.67997 0.72442 0.11339
vn 0.72548 -0.45004 0.5207
vn -0.86889 0.48759 0.08536
vn 0.82155 -0.20941 0.53028
vn -0.97582 0.20364 0.07939
vn -0.99199 -0.05568 0.11339
vn 0.73744 0.00901 0.67535
vn -0.94886 -0.26672 0.16889
vn 0.8753 0.24604 0.41631
vn -0.87183 -0.46723 0.14699
vn 0.78034 0.51089 0.36065
vn 0.95588 0.26869 0.11873
vn 0.99789 0.0122 0.06381
vn 0.86575 -0.22068 0.4492
vn 0.23302 0.0655 0.97026
vn 0.3274 0.17546 0.92845
vn 0.27229 0.27902 0.92087
vn 0.11615 0.23006 0.96622
vn 0.04661 0.22337 0.97362
vn -0.00173 0.14135 0.98996
vn -0.0455 0.19416 0.97991
vn -0.13146 0.2214 0.96628
vn -0.09613 0.09381 0.99094
vn -0.06963 0.0432 0.99664
vn -0.7724 0.23339 0.5907
vn -0.96975 -0.01184 0.24381
vn -0.81619 -0.22942 0.53028
vn -0.95492 -0.26841 0.12685
vn -0.5533 -0.32852 0.76546
vn -0.23628 -0.24213 0.94103
vn -0.23016 -0.41015 0.8825
vn -0.06188 -0.29651 0.95302
vn 0.01444 -0.25731 0.96622
vn 0.04173 -0.14847 0.98804
vn 0.0318 -0.05356 0.99806
vn 0.46585 -0.41633 0.7808
vn 0.7203 -0.36365 0.5907
usemtl mat5
f 4475//4134 4476//4135 4475//4134
f 4476//4135 4477//4136 4476//4135
f 4477//4136 4478//4137 4477//4136
f 4478//4137 4479//4138 4478//4137
f 4479//4138 4480//4139 4479//4138
f 4480//4139 4481//4140 4480//4139
f 4481//4140 4482//4141 4481//4140
f 4482//4141 4483//4142 4482//4141
f 4483//4142 4484//4143 4483//4142
f 4484//4143 4485//4144 4484//4143
f 4485//4144 4486//4145 4485//4144
f 4486//4145 4487//4146 4486//4145
f 4487//4146 4488//4147 4487//4146
f 4488//4147 4489//4148 4488//4147
f 4489//4148 4490//4149 4489//4148
f 4490//4149 4491//4150 4490//4149
f 4491//4150 4492//4151 4491//4150
f 4492//4151 4493//4152 4492//4151
f 4493//4152 4494//4153 4493//4152
f 4494//4153 4495//4154 4494//4153
f 4495//4154 4496//4155 4495//4154
f 4496//4155 4497//4156 4496//4155
f 4497//4156 4498//4157 4497//4156
f 4498//4157 4475//4134 4498//4157
f 4499//4158 4500//4159 4499//4158
f 4500//4159 4501//4160 4500//4159
f 4501//4160 4502//4161 4501//4160
f 4502//4161 4503//4162 4502//4161
f 4503//4162 4504//4163 4503//4162
f 4504//4163 4505//4164 4504//4163
f 4505//4164 4506//4165 4505//4164
f 4506//4165 4507//4166 4506//4165
f 4507//4166 4508//4167 4507//4166
f 4508//4167 4509//4168 4508//4167
f 4509//4168 4510//4169 4509//4168
f 4510//4169 4511//4170 4510//4169
f 4511//4170 4512//4171 4511//4170
f 4512//4171 4513//4172 4512//4171
f 4513//4172 4514//4173 4513//4172
f 4514//4173 4515//4174 4514//4173
f 4515//4174 4516//4175 4515//4174
f 4516//4175 4517//4176 4516//4175
f 4517//4176 4518//4177 4517//4176
f 4518//4177 4519//4178 4518//4177
f 4519//4178 4520//4179 4519//4178
f 4520//4179 4521//4180 4520//4179
f 4521//4180 4522//4181 4521//4180
f 4522//4181 4499//4158 4522//4181
f 4523//4182 4524//4183 4525//4184
f 4524//4183 4523//4182 4526//4185
f 4527//4186 4523//4182 4528//4187
f 4528//4187 4523//4182 4525//4184
f 4529//4188 4528//4187 4530//4189
f 4527//4186 4528//4187 4529//4188
f 4529//4188 4531//4190 4532//4191
f 4531//4190 4529//4188 4530//4189
f 4532//4191 4533//4192 4534//4193
f 4531//4190 4533//4192 4532//4191
f 4535//4194 4533//4192 4536//4195
f 4533//4192 4535//4194 4534//4193
f 4535//4194 4537//4196 4538//4197
f 4537//4196 4535//4194 4536//4195
f 4539//4198 4538//4197 4540//4199
f 4538//4197 4537//4196 4540//4199
f 4539//4198 4541//4200 4542//4201
f 4541//4200 4539//4198 4540//4199
f 4543//4202 4544//4203 4545//4204
f 4544//4203 4546//4205 4545//4204
f 4545//4204 4546//4205 4547//4206
f 4546//4205 4548//4207 4547//4206
f 4548//4207 4549//4208 4550//4209
f 4547//4206 4548//4207 4550//4209
f 4549//4208 4551//4210 4552//4211
f 4550//4209 4549//4208 4552//4211
f 4553//4212 4554//4213 4552//4211
f 4551//4210 4553//4212 4552//4211
f 4553//4212 4555//4214 4556//4215
f 4553//4212 4556//4215 4554//4213
f 4557//4216 4558//4217 4556//4215
f 4555//4214 4557//4216 4556//4215
f 4558//4217 4559//4218 4560//4219
f 4557//4216 4559//4218 4558//4217
f 4560//4219 4561//4220 4562//4221
f 4559//4218 4561//4220 4560//4219
f 4563//4222 4564//4223 4561//4220
f 4561//4220 4564//4223 4562//4221
f 4565//4224 4564//4223 4563//4222
f 4566//4225 4565//4224 4563//4222
f 4567//4226 4568//4227 4566//4225
f 4568//4227 4565//4224 4566//4225
f 4568//4227 4524//4183 4526//4185
f 4524//4183 4568//4227 4567//4226
f 4526//4185 4523//4182 4476//4135
f 4475//4134 4526//4185 4476//4135
f 4476//4135 4527//4186 4477//4136
f 4523//4182 4527//4186 4476//4135
f 4529//4188 4478//4137 4477//4136
f 4527//4186 4529//4188 4477//4136
f 4478//4137 4532//4191 4479//4138
f 4529//4188 4532//4191 4478//4137
f 4532//4191 4534//4193 4480//4139
f 4532//4191 4480//4139 4479//4138
f 4534//4193 4535//4194 4481//4140
f 4480//4139 4534//4193 4481//4140
f 4535//4194 4538//4197 4482//4141
f 4535//4194 4482//4141 4481//4140
f 4538//4197 4539//4198 4483//4142
f 4482//4141 4538//4197 4483//4142
f 4539//4198 4542//4201 4484//4143
f 4539//4198 4484//4143 4483//4142
f 4542//4201 4569//4228 4485//4144
f 4542//4201 4485//4144 4484//4143
f 4485//4144 4543//4202 4486//4145
f 4569//4228 4543//4202 4485//4144
f 4545//4204 4487//4146 4486//4145
f 4543//4202 4545//4204 4486//4145
f 4545//4204 4488//4147 4487//4146
f 4545//4204 4547//4206 4488//4147
f 4488//4147 4550//4209 4489//4148
f 4547//4206 4550//4209 4488//4147
f 4489//4148 4552//4211 4490//4149
f 4550//4209 4552//4211 4489//4148
f 4552//4211 4491//4150 4490//4149
f 4552//4211 4554//4213 4491//4150
f 4491//4150 4556//4215 4492//4151
f 4554//4213 4556//4215 4491//4150
f 4492//4151 4558//4217 4493//4152
f 4556//4215 4558//4217 4492//4151
f 4560//4219 4494//4153 4493//4152
f 4558//4217 4560//4219 4493//4152
f 4560//4219 4495//4154 4494//4153
f 4560//4219 4562//4221 4495//4154
f 4495//4154 4562//4221 4496//4155
f 4562//4221 4564//4223 4496//4155
f 4564//4223 4497//4156 4496//4155
f 4564//4223 4565//4224 4497//4156
f 4497//4156 4568//4227 4498//4157
f 4565//4224 4568//4227 4497//4156
f 4570//4229 4561//4220 4571//4230
f 4563//4222 4561//4220 4570//4229
f 4566//4225 4563//4222 4570//4229
f 4566//4225 4570//4229 4572//4231
f 4573//4232 4566//4225 4572//4231
f 4567//4226 4566//4225 4573//4232
f 4574//4233 4567//4226 4573//4232
f 4524//4183 4567//4226 4574//4233
f 4575//4234 4525//4184 4574//4233
f 4525//4184 4524//4183 4574//4233
f 4528//4187 4575//4234 4576//4235
f 4528//4187 4525//4184 4575//4234
f 4577//4236 4530//4189 4576//4235
f 4530//4189 4528//4187 4576//4235
f 4530//4189 4577//4236 4578//4237
f 4531//4190 4530//4189 4578//4237
f 4579//4238 4531//4190 4578//4237
f 4533//4192 4531//4190 4579//4238
f 4536//4195 4579//4238 4580//4239
f 4536//4195 4533//4192 4579//4238
f 4536//4195 4580//4239 4581//4240
f 4537//4196 4536//4195 4581//4240
f 4582//4241 4537//4196 4581//4240
f 4540//4199 4537//4196 4582//4241
f 4540//4199 4582//4241 4583//4242
f 4541//4200 4540//4199 4583//4242
f 4584//4243 4583//4242 4585//4244
f 4584//4243 4541//4200 4583//4242
f 4584//4243 4585//4244 4586//4245
f 4544//4203 4584//4243 4586//4245
f 4546//4205 4586//4245 4587//4246
f 4546//4205 4544//4203 4586//4245
f 4588//4247 4546//4205 4587//4246
f 4548//4207 4546//4205 4588//4247
f 4549//4208 4548//4207 4588//4247
f 4549//4208 4588//4247 4589//4248
f 4551//4210 4549//4208 4589//4248
f 4551//4210 4589//4248 4590//4249
f 4553//4212 4551//4210 4590//4249
f 4553//4212 4590//4249 4591//4250
f 4592//4251 4553//4212 4591//4250
f 4555//4214 4553//4212 4592//4251
f 4557//4216 4555//4214 4592//4251
f 4557//4216 4592//4251 4593//4252
f 4561//4220 4559//4218 4594//4253
f 4571//4230 4561//4220 4594//4253
f 4570//4229 4571//4230 4572//4231
f 4571//4230 4594//4253 4572//4231
f 4594//4253 4593//4252 4572//4231
f 4593//4252 4592//4251 4572//4231
f 4592//4251 4573//4232 4572//4231
f 4592//4251 4574//4233 4573//4232
f 4575//4234 4574//4233 4592//4251
f 4575//4234 4592//4251 4576//4235
f 4592//4251 4577//4236 4576//4235
f 4577//4236 4592//4251 4578//4237
f 4592//4251 4579//4238 4578//4237
f 4579//4238 4592//4251 4580//4239
f 4580//4239 4592//4251 4581//4240
f 4581//4240 4592//4251 4591//4250
f 4590//4249 4581//4240 4591//4250
f 4590//4249 4589//4248 4581//4240
f 4589//4248 4588//4247 4581//4240
f 4581//4240 4588//4247 4587//4246
f 4586//4245 4581//4240 4587//4246
f 4586//4245 4582//4241 4581//4240
f 4583//4242 4582//4241 4586//4245
f 4585//4244 4583//4242 4586//4245
f 4559//4218 4557//4216 4593//4252
f 4594//4253 4559//4218 4593//4252
f 4569//4228 4542//4201 4584//4243
f 4542//4201 4541//4200 4584//4243
f 4544//4203 4543//4202 4584//4243
f 4543//4202 4569//4228 4584//4243
f 4568//4227 4526//4185 4498//4157
f 4478//4137 4476//4135 4477//4136
f 4478//4137 4475//4134 4476//4135
f 4475//4134 4478//4137 4498//4157
f 4478//4137 4497//4156 4498//4157
f 4497//4156 4478//4137 4496//4155
f 4478//4137 4495//4154 4496//4155
f 4495//4154 4478//4137 4494//4153
f 4478//4137 4479//4138 4494//4153
f 4479//4138 4480//4139 4494//4153
f 4480//4139 4481//4140 4494//4153
f 4481//4140 4482//4141 4494//4153
f 4482//4141 4483//4142 4494//4153
f 4483//4142 4484//4143 4494//4153
f 4484//4143 4485//4144 4494//4153
f 4494//4153 4485//4144 4493//4152
f 4485//4144 4492//4151 4493//4152
f 4491//4150 4492//4151 4485//4144
f 4491//4150 4485//4144 4490//4149
f 4485//4144 4489//4148 4490//4149
f 4489//4148 4485//4144 4486//4145
f 4488//4147 4489//4148 4486//4145
f 4487//4146 4488//4147 4486//4145
f 4595//4254 4596//4255 4597//4256
f 4596//4255 4595//4254 4598//4257
f 4595//4254 4599//4258 4598//4257
f 4600//4259 4599//4258 4595//4254
f 4599//4258 4600//4259 4601//4260
f 4599//4258 4601//4260 4602//4261
f 4601//4260 4603//4262 4602//4261
f 4604//4263 4603//4262 4601//4260
f 4605//4264 4606//4265 4604//4263
f 4606//4265 4603//4262 4604//4263
f 4607//4266 4606//4265 4605//4264
f 4606//4265 4607//4266 4608//4267
f 4607//4266 4609//4268 4608//4267
f 4609//4268 4607//4266 4610//4269
f 4609//4268 4610//4269 4611//4270
f 4610//4269 4612//4271 4611//4270
f 4613//4272 4612//4271 4614//4273
f 4612//4271 4613//4272 4611//4270
f 4615//4274 4616//4275 4617//4276
f 4615//4274 4617//4276 4618//4277
f 4618//4277 4617//4276 4619//4278
f 4620//4279 4618//4277 4619//4278
f 4620//4279 4619//4278 4621//4280
f 4622//4281 4620//4279 4621//4280
f 4622//4281 4621//4280 4623//4282
f 4624//4283 4622//4281 4623//4282
f 4624//4283 4623//4282 4625//4284
f 4625//4284 4623//4282 4626//4285
f 4625//4284 4626//4285 4627//4286
f 4628//4287 4625//4284 4627//4286
f 4629//4288 4628//4287 4627//4286
f 4630//4289 4629//4288 4627//4286
f 4631//4290 4630//4289 4632//4291
f 4629//4288 4630//4289 4631//4290
f 4633//4292 4631//4290 4632//4291
f 4633//4292 4632//4291 4634//4293
f 4635//4294 4633//4292 4634//4293
f 4633//4292 4635//4294 4636//4295
f 4635//4294 4637//4296 4636//4295
f 4637//4296 4638//4297 4636//4295
f 4639//4298 4638//4297 4637//4296
f 4640//4299 4638//4297 4639//4298
f 4596//4255 4640//4299 4639//4298
f 4596//4255 4639//4298 4597//4256
f 4597//4256 4499//4158 4500//4159
f 4595//4254 4597//4256 4500//4159
f 4600//4259 4500//4159 4501//4160
f 4600//4259 4595//4254 4500//4159
f 4502//4161 4601//4260 4501//4160
f 4601//4260 4600//4259 4501//4160
f 4604//4263 4502//4161 4503//4162
f 4604//4263 4601//4260 4502//4161
f 4504//4163 4604//4263 4503//4162
f 4605//4264 4604//4263 4504//4163
f 4605//4264 4504//4163 4505//4164
f 4607//4266 4605//4264 4505//4164
f 4506//4165 4607//4266 4505//4164
f 4610//4269 4607//4266 4506//4165
f 4610//4269 4506//4165 4507//4166
f 4612//4271 4610//4269 4507//4166
f 4508//4167 4612//4271 4507//4166
f 4614//4273 4612//4271 4508//4167
f 4509//4168 4614//4273 4508//4167
f 4641//4300 4614//4273 4509//4168
f 4616//4275 4509//4168 4510//4169
f 4616//4275 4641//4300 4509//4168
f 4511//4170 4617//4276 4510//4169
f 4617//4276 4616//4275 4510//4169
f 4512//4171 4617//4276 4511//4170
f 4619//4278 4617//4276 4512//4171
f 4621//4280 4619//4278 4512//4171
f 4621//4280 4512//4171 4513//4172
f 4623//4282 4621//4280 4513//4172
f 4623//4282 4513//4172 4514//4173
f 4515//4174 4623//4282 4514//4173
f 4626//4285 4623//4282 4515//4174
f 4627//4286 4626//4285 4515//4174
f 4627//4286 4515//4174 4516//4175
f 4630//4289 4627//4286 4516//4175
f 4630//4289 4516//4175 4517//4176
f 4632//4291 4630//4289 4517//4176
f 4632//4291 4517//4176 4518//4177
f 4519//4178 4632//4291 4518//4177
f 4634//4293 4632//4291 4519//4178
f 4634//4293 4519//4178 4520//4179
f 4635//4294 4634//4293 4520//4179
f 4521//4180 4635//4294 4520//4179
f 4637//4296 4635//4294 4521//4180
f 4639//4298 4637//4296 4521//4180
f 4639//4298 4521//4180 4522//4181
f 4633//4292 4642//4301 4643//4302
f 4633//4292 4636//4295 4642//4301
f 4642//4301 4638//4297 4644//4303
f 4636//4295 4638//4297 4642//4301
f 4638//4297 4645//4304 4644//4303
f 4638//4297 4640//4299 4645//4304
f 4640//4299 4646//4305 4645//4304
f 4640//4299 4596//4255 4646//4305
f 4598//4257 4647//4306 4646//4305
f 4596//4255 4598//4257 4646//4305
f 4647//4306 4599//4258 4648//4307
f 4598//4257 4599//4258 4647//4306
f 4602//4261 4649//4308 4648//4307
f 4599//4258 4602//4261 4648//4307
f 4602//4261 4603//4262 4650//4309
f 4649//4308 4602//4261 4650//4309
f 4603//4262 4606//4265 4651//4310
f 4603//4262 4651//4310 4650//4309
f 4651//4310 4608//4267 4652//4311
f 4606//4265 4608//4267 4651//4310
f 4608//4267 4609//4268 4653//4312
f 4608//4267 4653//4312 4652//4311
f 4609//4268 4611//4270 4654//4313
f 4609//4268 4654//4313 4653//4312
f 4611//4270 4613//4272 4655//4314
f 4611//4270 4655//4314 4654//4313
f 4655//4314 4656//4315 4657//4316
f 4613//4272 4656//4315 4655//4314
f 4656//4315 4615//4274 4658//4317
f 4657//4316 4656//4315 4658//4317
f 4658//4317 4618//4277 4659//4318
f 4615//4274 4618//4277 4658//4317
f 4618//4277 4660//4319 4659//4318
f 4618//4277 4620//4279 4660//4319
f 4660//4319 4622//4281 4661//4320
f 4620//4279 4622//4281 4660//4319
f 4661//4320 4624//4283 4662//4321
f 4622//4281 4624//4283 4661//4320
f 4662//4321 4625//4284 4663//4322
f 4624//4283 4625//4284 4662//4321
f 4625//4284 4664//4323 4663//4322
f 4625//4284 4628//4287 4664//4323
f 4664//4323 4629//4288 4665//4324
f 4628//4287 4629//4288 4664//4323
f 4666//4325 4633//4292 4643//4302
f 4631//4290 4633//4292 4666//4325
f 4643//4302 4642//4301 4644//4303
f 4666//4325 4643//4302 4644//4303
f 4665//4324 4666//4325 4644//4303
f 4664//4323 4665//4324 4644//4303
f 4645//4304 4664//4323 4644//4303
f 4646//4305 4664//4323 4645//4304
f 4647//4306 4664//4323 4646//4305
f 4664//4323 4647//4306 4648//4307
f 4649//4308 4664//4323 4648//4307
f 4664//4323 4649//4308 4650//4309
f 4651//4310 4664//4323 4650//4309
f 4664//4323 4651//4310 4652//4311
f 4653//4312 4664//4323 4652//4311
f 4664//4323 4653//4312 4663//4322
f 4653//4312 4662//4321 4663//4322
f 4661//4320 4662//4321 4653//4312
f 4660//4319 4661//4320 4653//4312
f 4660//4319 4653//4312 4659//4318
f 4653//4312 4658//4317 4659//4318
f 4654//4313 4658//4317 4653//4312
f 4655//4314 4657//4316 4658//4317
f 4654//4313 4655//4314 4658//4317
f 4665//4324 4631//4290 4666//4325
f 4629//4288 4631//4290 4665//4324
f 4613//4272 4614//4273 4656//4315
f 4614//4273 4641//4300 4656//4315
f 4641//4300 4616//4275 4656//4315
f 4616//4275 4615//4274 4656//4315
f 4597//4256 4639//4298 4522//4181
f 4499//4158 4597//4256 4522//4181
f 4500//4159 4502//4161 4501//4160
f 4499//4158 4502//4161 4500//4159
f 4502//4161 4499//4158 4522//4181
f 4521//4180 4502//4161 4522//4181
f 4502//4161 4521//4180 4520//4179
f 4519//4178 4502//4161 4520//4179
f 4502//4161 4519//4178 4518//4177
f 4503//4162 4502//4161 4518//4177
f 4504//4163 4503//4162 4518//4177
f 4505//4164 4504//4163 4518//4177
f 4506//4165 4505//4164 4518//4177
f 4507//4166 4506//4165 4518//4177
f 4508//4167 4507//4166 4518//4177
f 4509//4168 4508//4167 4518//4177
f 4517//4176 4509//4168 4518//4177
f 4516//4175 4509//4168 4517//4176
f 4516//4175 4515//4174 4509//4168
f 4509//4168 4515//4174 4514//4173
f 4513//4172 4509//4168 4514//4173
f 4509//4168 4513//4172 4510//4169
f 4512//4171 4511//4170 4510//4169
f 4513//4172 4512//4171 4510//4169
f 4526//4185 4475//4134 4498//4157
# Vertices: 192, normals: 192, texture coordinates: 0, faces: 424

o obj19
v 1066.10839256 1528.92656027 -1398.20695578
v 1115.94164288 1528.92668452 -1435.48674312
v 1437.59668659 1528.92669858 -1105.87494077
v 1399.11023853 1528.9266969 -1056.96746838
v 1399.11024041 1486.01531995 -1056.96746838
v 1066.1085165 1486.01530539 -1398.20707785
v 1173.72533328 1528.92656498 -1458.59868412
v 1235.52184175 1528.92656768 -1465.96770537
v 1297.11998666 1528.92669244 -1457.09124322
v 1354.32176996 1528.92669494 -1432.57427795
v 1403.22887614 1528.92669708 -1394.0881961
v 1440.5085414 1528.92669871 -1344.25470164
v 1463.62060447 1528.92657765 -1286.47101124
v 1470.98986987 1528.92694418 -1224.67486899
v 1462.11316358 1528.92657758 -1163.076602
v 1115.94176683 1486.01530757 -1435.48674312
v 1437.59644432 1486.01507749 -1105.87494077
v 1173.72533515 1486.01506595 -1458.59856205
v 1235.52184362 1486.01506865 -1465.96746123
v 1297.11998854 1486.01494928 -1457.09087701
v 1354.32177184 1486.01495178 -1432.57403381
v 1403.22912215 1486.01507599 -1394.08795196
v 1440.50890949 1486.01495554 -1344.25470164
v 1463.62085049 1486.01507863 -1286.47137745
v 1470.98974968 1486.01532309 -1224.67462485
v 1462.11292131 1486.01507856 -1163.07647993
v 953.15252767 1486.01530045 -1287.97806901
v 953.1527089 1528.92667741 -1287.97806901
v 1286.15431073 1528.92656989 -946.73845954
v 1286.15431261 1486.01507087 -946.7383985
vn -0.11956 0.28804 0.95013
vn 0.1218 0.07556 0.98967
vn -0.03417 -0.05756 0.99776
vn -0.11467 0.0431 0.99247
vn -0.22434 0.08433 -0.97085
vn -0.03824 0.1671 -0.9852
vn 0.14968 0.04523 0.9877
vn 0.17723 0.00561 0.98415
vn 0.2647 -0.0744 0.96146
vn 0.09415 -0.0559 0.99399
vn 0.72339 -0.67901 0.12509
vn 0.45865 -0.81731 0.34878
vn 0.13854 -0.66385 0.73493
vn -0.00414 -0.33869 0.94089
vn -0.07815 -0.33354 0.93949
vn 0.12795 0.0646 -0.98967
vn -0.01566 -0.02637 -0.99953
vn 0.15307 0.03194 -0.9877
vn 0.17704 -0.00994 -0.98415
vn 0.13627 -0.0383 -0.98993
vn 0.29125 -0.17293 -0.94089
vn 0.22828 -0.25543 -0.93949
vn 0.14065 -0.25063 -0.95781
vn 0.25915 -0.85766 -0.44415
vn -0.01216 -0.99548 -0.09423
vn -0.19912 -0.60518 -0.77078
vn -0.12063 0.2475 -0.96135
vn -0.06211 0.12742 0.9899
vn -0.44133 0.22862 0.86773
vn -0.24447 0.12664 -0.96135
usemtl mat6
f 4667//4326 4668//4327 4667//4326
f 4669//4328 4670//4329 4669//4328
f 4670//4329 4671//4330 4670//4329
f 4667//4326 4672//4331 4667//4326
f 4668//4327 4673//4332 4668//4327
f 4673//4332 4674//4333 4673//4332
f 4674//4333 4675//4334 4674//4333
f 4675//4334 4676//4335 4675//4334
f 4676//4335 4677//4336 4676//4335
f 4677//4336 4678//4337 4677//4336
f 4678//4337 4679//4338 4678//4337
f 4679//4338 4680//4339 4679//4338
f 4680//4339 4681//4340 4680//4339
f 4681//4340 4669//4328 4681//4340
f 4672//4331 4682//4341 4672//4331
f 4683//4342 4671//4330 4683//4342
f 4682//4341 4684//4343 4682//4341
f 4684//4343 4685//4344 4684//4343
f 4685//4344 4686//4345 4685//4344
f 4686//4345 4687//4346 4686//4345
f 4687//4346 4688//4347 4687//4346
f 4688//4347 4689//4348 4688//4347
f 4689//4348 4690//4349 4689//4348
f 4690//4349 4691//4350 4690//4349
f 4691//4350 4692//4351 4691//4350
f 4692//4351 4683//4342 4692//4351
f 4668//4327 4682//4341 4672//4331
f 4667//4326 4668//4327 4672//4331
f 4669//4328 4670//4329 4671//4330
f 4669//4328 4671//4330 4683//4342
f 4682//4341 4673//4332 4684//4343
f 4668//4327 4673//4332 4682//4341
f 4674//4333 4685//4344 4684//4343
f 4673//4332 4674//4333 4684//4343
f 4685//4344 4675//4334 4686//4345
f 4674//4333 4675//4334 4685//4344
f 4675//4334 4676//4335 4687//4346
f 4686//4345 4675//4334 4687//4346
f 4677//4336 4688//4347 4687//4346
f 4676//4335 4677//4336 4687//4346
f 4688//4347 4678//4337 4689//4348
f 4677//4336 4678//4337 4688//4347
f 4678//4337 4679//4338 4690//4349
f 4678//4337 4690//4349 4689//4348
f 4679//4338 4680//4339 4691//4350
f 4679//4338 4691//4350 4690//4349
f 4691//4350 4681//4340 4692//4351
f 4680//4339 4681//4340 4691//4350
f 4692//4351 4669//4328 4683//4342
f 4681//4340 4669//4328 4692//4351
f 4670//4329 4669//4328 4667//4326
f 4669//4328 4668//4327 4667//4326
f 4668//4327 4669//4328 4673//4332
f 4669//4328 4674//4333 4673//4332
f 4669//4328 4675//4334 4674//4333
f 4676//4335 4675//4334 4669//4328
f 4676//4335 4669//4328 4681//4340
f 4680//4339 4676//4335 4681//4340
f 4676//4335 4680//4339 4679//4338
f 4677//4336 4676//4335 4678//4337
f 4678//4337 4676//4335 4679//4338
f 4671//4330 4672//4331 4683//4342
f 4672//4331 4682//4341 4683//4342
f 4682//4341 4684//4343 4683//4342
f 4684//4343 4685//4344 4683//4342
f 4683//4342 4685//4344 4686//4345
f 4683//4342 4686//4345 4687//4346
f 4688//4347 4683//4342 4687//4346
f 4683//4342 4688//4347 4689//4348
f 4692//4351 4683//4342 4689//4348
f 4690//4349 4691//4350 4692//4351
f 4690//4349 4692//4351 4689//4348
f 4667//4326 4672//4331 4693//4352
f 4694//4353 4667//4326 4693//4352
f 4670//4329 4694//4353 4695//4354
f 4694//4353 4670//4329 4667//4326
f 4671//4330 4695//4354 4696//4355
f 4670//4329 4695//4354 4671//4330
f 4693//4352 4671//4330 4696//4355
f 4693//4352 4672//4331 4671//4330
f 4670//4329 4667//4326 4671//4330
f 4667//4326 4672//4331 4671//4330
f 4695//4354 4694//4353 4693//4352
f 4695//4354 4693//4352 4696//4355
# Vertices: 30, normals: 30, texture coordinates: 0, faces: 84

o obj20
v 1182.58457536 1921.76762982 -1313.93254681
v 1201.15586382 1921.76726442 -1327.8257361
v 1222.69004313 1921.76763157 -1336.43865208
v 1245.71970609 1921.76726637 -1339.18486891
v 1268.67527264 1921.76763358 -1335.87700858
v 1289.99277793 1921.76763451 -1326.7405349
v 1308.21885277 1921.76751324 -1312.39751812
v 1322.11179792 1921.76763592 -1293.82635174
v 1330.72508011 1921.76751422 -1272.29205036
v 1333.47117487 1921.76763641 -1249.26287567
v 1330.16331454 1921.7675142 -1226.30682084
v 1321.02635258 1921.76763587 -1204.98919349
v 1306.68382408 1921.76751317 -1186.76311864
v 1288.11290184 1921.76763443 -1172.87017349
v 1266.57872253 1921.76751142 -1164.25701337
v 1243.54881542 1921.76763248 -1161.51116276
v 1220.59288266 1921.76750941 -1164.81902308
v 1199.27586566 1921.76763055 -1173.95561883
v 1181.04954667 1921.76762975 -1188.29814733
v 1167.15660152 1921.76762914 -1206.86931371
v 1158.54331933 1921.7675067 -1228.40385924
v 1155.79722458 1921.76750658 -1251.4335222
v 1159.10532904 1921.76762879 -1274.38908875
v 1168.24216893 1921.76762919 -1295.70634989
v 1172.98547074 1535.09111573 -1323.76946045
v 1194.42980597 1535.09087252 -1339.81145358
v 1219.29540613 1535.09075154 -1349.75725545
v 1245.88769114 1535.09087477 -1352.92778883
v 1272.39477139 1535.09075386 -1349.10820992
v 1297.00976208 1535.09075494 -1338.55804009
v 1318.05553918 1535.09075586 -1321.99688379
v 1334.09765437 1535.09087863 -1300.55242648
v 1344.04345624 1535.09075699 -1275.68719254
v 1347.21447791 1535.0908792 -1249.09466338
v 1343.39453278 1535.09087903 -1222.58746107
v 1332.84436296 1535.0907565 -1197.97259244
v 1316.28308458 1535.09075578 -1176.92657121
v 1294.83874934 1535.09087691 -1160.88457808
v 1269.97339333 1535.09087582 -1150.93889829
v 1243.38110831 1535.09087466 -1147.76775455
v 1216.87378393 1535.09111764 -1151.58745553
v 1192.25867116 1535.09111657 -1162.13762536
v 1171.21289407 1535.09074944 -1178.69914788
v 1155.17065681 1535.09074874 -1200.14323897
v 1145.22522115 1535.09111451 -1225.00896119
v 1142.05419948 1535.09087023 -1251.60112414
v 1145.8737784 1535.0908704 -1278.10808231
v 1156.42407029 1535.09074879 -1302.72343922
v 1194.42954493 1921.76763034 -1339.81181979
v 1172.98545384 1921.76750733 -1323.76909424
v 1219.29551129 1921.76763142 -1349.75688923
v 1245.88755217 1921.76751051 -1352.92803298
v 1272.39451035 1921.76751167 -1349.10808784
v 1297.00974518 1921.76751275 -1338.5584063
v 1318.05552227 1921.76763574 -1321.99676172
v 1334.09775954 1921.76751437 -1300.55242648
v 1344.04343934 1921.7675148 -1275.68707047
v 1347.21433894 1921.76751494 -1249.09454131
v 1343.39451588 1921.76763685 -1222.58770521
v 1332.84446812 1921.76763639 -1197.97259244
v 1316.28306768 1921.76751359 -1176.92669328
v 1294.83885451 1921.76751265 -1160.88457808
v 1269.97337643 1921.76751157 -1150.93889829
v 1243.38109141 1921.7675104 -1147.76775455
v 1216.87413324 1921.76750925 -1151.58745554
v 1192.25865426 1921.76750817 -1162.13750329
v 1171.21287717 1921.76762932 -1178.69914788
v 1155.1706399 1921.76750655 -1200.14323897
v 1145.22520425 1921.76726197 -1225.00896119
v 1142.05406051 1921.76762805 -1251.60112414
v 1145.87400564 1921.76750614 -1278.10808231
v 1156.42405339 1921.76762867 -1302.72331715
v 1155.79722561 1898.09343431 -1251.4335222
v 1158.54332037 1898.09343443 -1228.40385924
v 1159.10545215 1898.09343446 -1274.38872254
v 1168.24192582 1898.09343485 -1295.70634989
v 1182.58469847 1898.09343548 -1313.93254681
v 1201.15586485 1898.09343629 -1327.82585817
v 1222.69004416 1898.09343723 -1336.43889622
v 1245.71970713 1898.09343824 -1339.18511305
v 1268.67527368 1898.09343924 -1335.87676444
v 1289.99265689 1898.09344018 -1326.74016869
v 1308.21885381 1898.09344097 -1312.39751812
v 1322.11192102 1898.09344158 -1293.82635174
v 1330.724837 1898.09344196 -1272.2922945
v 1333.47105383 1898.09344208 -1249.2627536
v 1330.16331558 1898.09344193 -1226.30682084
v 1321.02659776 1898.09344153 -1204.98943763
v 1306.68382512 1898.09344091 -1186.76324071
v 1288.11265873 1898.09344009 -1172.87041763
v 1266.57847942 1898.09343915 -1164.25725751
v 1243.54869439 1898.09343815 -1161.51104069
v 1220.59288369 1898.09343714 -1164.81877894
v 1199.27586669 1898.09343621 -1173.95549676
v 1181.04954771 1898.09343541 -1188.29814733
v 1167.15660256 1898.09343481 -1206.86931371
vn -0.44688 -0.4361 0.7811
vn -0.79259 -0.49167 0.36065
vn -0.73546 -0.22223 0.64009
vn -0.96029 0.01173 0.27877
vn -0.81097 0.26683 0.5207
vn -0.5369 0.31879 0.7811
vn -0.68005 0.63833 0.36065
vn -0.44496 0.7929 0.41631
vn -0.1744 0.83573 0.52071
vn 0.00901 0.73743 0.67536
vn 0.22942 0.81619 0.53028
vn 0.37652 0.63414 0.67535
vn 0.68732 0.67073 0.27878
vn 0.64314 0.36092 0.67535
vn 0.73545 0.22222 0.6401
vn 0.85331 0.02701 0.52071
vn 0.8753 -0.24603 0.41631
vn 0.74362 -0.44153 0.50208
vn 0.63502 -0.65073 0.41631
vn 0.36092 -0.64314 0.67535
vn 0.20941 -0.82155 0.53028
vn -0.04785 -0.85239 0.52071
vn -0.26684 -0.81097 0.5207
vn -0.51089 -0.78034 0.36064
vn 0.73931 0.66073 -0.12986
vn 0.88714 0.44787 -0.11133
vn 0.97889 0.20428 -0.00602
vn 0.99815 -0.05603 -0.02367
vn 0.94863 -0.31212 -0.05169
vn 0.26031 -0.15456 -0.95307
vn 0.7291 -0.68438 -0.00602
vn 0.48931 -0.87193 -0.01777
vn 0.24626 -0.9661 -0.07747
vn 0.03151 -0.99562 -0.08801
vn -0.26931 -0.95807 -0.09785
vn -0.53939 -0.82388 -0.174
vn -0.67884 -0.66245 -0.31677
vn -0.8553 -0.47997 -0.19515
vn -0.8827 -0.225 -0.41256
vn -0.94923 -0.03005 -0.31315
vn -0.93154 0.26184 -0.25235
vn -0.78883 0.51645 -0.33321
vn -0.62947 0.70434 -0.32815
vn -0.43857 0.78154 -0.44367
vn -0.27692 0.91647 -0.28879
vn 0.01198 0.9807 -0.19515
vn 0.25667 0.91311 -0.31677
vn 0.50611 0.85239 -0.1315
vn 0.84895 0.52663 0.04413
vn 0.68419 0.72892 0.02367
vn 0.95699 0.28916 0.02367
vn 0.99853 0.0316 0.04413
vn 0.97307 -0.228 0.0339
vn 0.85972 -0.51046 0.01777
vn 0.66571 -0.7449 0.04413
vn 0.48875 -0.87094 0.05087
vn 0.24692 -0.9687 0.02546
vn -0.05602 -0.99785 0.0339
vn -0.27043 -0.96208 0.03552
vn -0.47208 -0.8809 0.0339
vn -0.7153 -0.69803 0.03314
vn -0.87094 -0.48875 0.05087
vn -0.96886 -0.24697 0.01777
vn -0.99785 0.05601 0.03391
vn -0.96145 0.27025 0.05087
vn -0.88055 0.4719 0.04413
vn -0.7287 0.68399 0.0339
vn -0.48922 0.87179 0.02546
vn -0.20422 0.97864 0.02367
vn 0.0122 0.99863 0.05087
vn 0.27052 0.96238 0.02546
vn 0.50942 0.85797 0.06618
vn 0.03152 -0.99589 0.08486
vn 0.22068 -0.86575 0.4492
vn -0.08002 -0.34151 0.93646
vn -0.17546 -0.32741 0.92845
vn -0.27902 -0.27229 0.92087
vn -0.23006 -0.11615 0.96622
vn -0.22337 -0.04661 0.97362
vn -0.14135 0.00173 0.98996
vn -0.19416 0.0455 0.97991
vn -0.2214 0.13146 0.96628
vn -0.13289 0.1487 0.97991
vn -0.06918 0.12328 0.98996
vn -0.066 0.21843 0.97362
vn 0.00409 0.33476 0.94229
vn 0.05604 0.19937 0.97832
vn 0.17093 0.28787 0.94229
vn 0.48163 0.47 0.73968
vn 0.84575 0.47462 0.24381
vn 0.97538 0.20354 0.08487
vn 0.53286 -0.02991 0.84567
vn 0.3257 -0.09155 0.94103
vn 0.04146 -0.02462 0.99884
vn 0.32848 -0.3366 0.8825
vn 0.42888 -0.76426 0.48163
usemtl mat6
f 4697//4356 4698//4357 4697//4356
f 4698//4357 4699//4358 4698//4357
f 4699//4358 4700//4359 4699//4358
f 4700//4359 4701//4360 4700//4359
f 4701//4360 4702//4361 4701//4360
f 4702//4361 4703//4362 4702//4361
f 4703//4362 4704//4363 4703//4362
f 4704//4363 4705//4364 4704//4363
f 4705//4364 4706//4365 4705//4364
f 4706//4365 4707//4366 4706//4365
f 4707//4366 4708//4367 4707//4366
f 4708//4367 4709//4368 4708//4367
f 4710//4369 4709//4368 4710//4369
f 4711//4370 4710//4369 4711//4370
f 4712//4371 4711//4370 4712//4371
f 4713//4372 4712//4371 4713//4372
f 4714//4373 4713//4372 4714//4373
f 4715//4374 4714//4373 4715//4374
f 4716//4375 4715//4374 4716//4375
f 4717//4376 4716//4375 4717//4376
f 4718//4377 4717//4376 4718//4377
f 4719//4378 4718//4377 4719//4378
f 4720//4379 4719//4378 4720//4379
f 4697//4356 4720//4379 4697//4356
f 4721//4380 4722//4381 4721//4380
f 4722//4381 4723//4382 4722//4381
f 4723//4382 4724//4383 4723//4382
f 4724//4383 4725//4384 4724//4383
f 4725//4384 4726//4385 4725//4384
f 4726//4385 4727//4386 4726//4385
f 4727//4386 4728//4387 4727//4386
f 4728//4387 4729//4388 4728//4387
f 4729//4388 4730//4389 4729//4388
f 4730//4389 4731//4390 4730//4389
f 4731//4390 4732//4391 4731//4390
f 4732//4391 4733//4392 4732//4391
f 4733//4392 4734//4393 4733//4392
f 4734//4393 4735//4394 4734//4393
f 4735//4394 4736//4395 4735//4394
f 4736//4395 4737//4396 4736//4395
f 4737//4396 4738//4397 4737//4396
f 4738//4397 4739//4398 4738//4397
f 4739//4398 4740//4399 4739//4398
f 4740//4399 4741//4400 4740//4399
f 4741//4400 4742//4401 4741//4400
f 4742//4401 4743//4402 4742//4401
f 4743//4402 4744//4403 4743//4402
f 4744//4403 4721//4380 4744//4403
f 4745//4404 4697//4356 4698//4357
f 4697//4356 4745//4404 4746//4405
f 4747//4406 4745//4404 4699//4358
f 4699//4358 4745//4404 4698//4357
f 4748//4407 4699//4358 4700//4359
f 4747//4406 4699//4358 4748//4407
f 4748//4407 4701//4360 4749//4408
f 4701//4360 4748//4407 4700//4359
f 4749//4408 4702//4361 4750//4409
f 4701//4360 4702//4361 4749//4408
f 4751//4410 4702//4361 4703//4362
f 4702//4361 4751//4410 4750//4409
f 4751//4410 4704//4363 4752//4411
f 4704//4363 4751//4410 4703//4362
f 4753//4412 4752//4411 4705//4364
f 4752//4411 4704//4363 4705//4364
f 4753//4412 4706//4365 4754//4413
f 4706//4365 4753//4412 4705//4364
f 4755//4414 4754//4413 4707//4366
f 4754//4413 4706//4365 4707//4366
f 4708//4367 4756//4415 4707//4366
f 4756//4415 4755//4414 4707//4366
f 4708//4367 4709//4368 4757//4416
f 4756//4415 4708//4367 4757//4416
f 4757//4416 4710//4369 4758//4417
f 4709//4368 4710//4369 4757//4416
f 4758//4417 4711//4370 4759//4418
f 4710//4369 4711//4370 4758//4417
f 4759//4418 4711//4370 4760//4419
f 4711//4370 4712//4371 4760//4419
f 4712//4371 4761//4420 4760//4419
f 4712//4371 4713//4372 4761//4420
f 4713//4372 4762//4421 4761//4420
f 4713//4372 4714//4373 4762//4421
f 4715//4374 4763//4422 4762//4421
f 4714//4373 4715//4374 4762//4421
f 4763//4422 4716//4375 4764//4423
f 4715//4374 4716//4375 4763//4422
f 4764//4423 4717//4376 4765//4424
f 4716//4375 4717//4376 4764//4423
f 4717//4376 4766//4425 4765//4424
f 4718//4377 4766//4425 4717//4376
f 4767//4426 4766//4425 4718//4377
f 4719//4378 4767//4426 4718//4377
f 4719//4378 4768//4427 4767//4426
f 4720//4379 4768//4427 4719//4378
f 4768//4427 4697//4356 4746//4405
f 4697//4356 4768//4427 4720//4379
f 4721//4380 4745//4404 4722//4381
f 4746//4405 4745//4404 4721//4380
f 4722//4381 4747//4406 4723//4382
f 4745//4404 4747//4406 4722//4381
f 4748//4407 4724//4383 4723//4382
f 4747//4406 4748//4407 4723//4382
f 4724//4383 4749//4408 4725//4384
f 4748//4407 4749//4408 4724//4383
f 4725//4384 4750//4409 4726//4385
f 4749//4408 4750//4409 4725//4384
f 4750//4409 4751//4410 4727//4386
f 4726//4385 4750//4409 4727//4386
f 4751//4410 4752//4411 4728//4387
f 4751//4410 4728//4387 4727//4386
f 4728//4387 4753//4412 4729//4388
f 4752//4411 4753//4412 4728//4387
f 4753//4412 4754//4413 4730//4389
f 4753//4412 4730//4389 4729//4388
f 4754//4413 4755//4414 4731//4390
f 4730//4389 4754//4413 4731//4390
f 4731//4390 4756//4415 4732//4391
f 4755//4414 4756//4415 4731//4390
f 4732//4391 4757//4416 4733//4392
f 4756//4415 4757//4416 4732//4391
f 4757//4416 4734//4393 4733//4392
f 4757//4416 4758//4417 4734//4393
f 4734//4393 4759//4418 4735//4394
f 4758//4417 4759//4418 4734//4393
f 4735//4394 4759//4418 4736//4395
f 4759//4418 4760//4419 4736//4395
f 4760//4419 4737//4396 4736//4395
f 4760//4419 4761//4420 4737//4396
f 4737//4396 4762//4421 4738//4397
f 4761//4420 4762//4421 4737//4396
f 4738//4397 4763//4422 4739//4398
f 4762//4421 4763//4422 4738//4397
f 4764//4423 4740//4399 4739//4398
f 4763//4422 4764//4423 4739//4398
f 4764//4423 4741//4400 4740//4399
f 4764//4423 4765//4424 4741//4400
f 4741//4400 4765//4424 4742//4401
f 4765//4424 4766//4425 4742//4401
f 4767//4426 4743//4402 4742//4401
f 4766//4425 4767//4426 4742//4401
f 4743//4402 4767//4426 4744//4403
f 4767//4426 4768//4427 4744//4403
f 4746//4405 4721//4380 4744//4403
f 4768//4427 4746//4405 4744//4403
f 4769//4428 4717//4376 4770//4429
f 4718//4377 4717//4376 4769//4428
f 4771//4430 4718//4377 4769//4428
f 4719//4378 4718//4377 4771//4430
f 4772//4431 4719//4378 4771//4430
f 4720//4379 4719//4378 4772//4431
f 4773//4432 4720//4379 4772//4431
f 4697//4356 4720//4379 4773//4432
f 4774//4433 4698//4357 4773//4432
f 4698//4357 4697//4356 4773//4432
f 4775//4434 4699//4358 4774//4433
f 4699//4358 4698//4357 4774//4433
f 4776//4435 4700//4359 4775//4434
f 4700//4359 4699//4358 4775//4434
f 4700//4359 4776//4435 4777//4436
f 4701//4360 4700//4359 4777//4436
f 4701//4360 4777//4436 4778//4437
f 4702//4361 4701//4360 4778//4437
f 4703//4362 4778//4437 4779//4438
f 4703//4362 4702//4361 4778//4437
f 4704//4363 4779//4438 4780//4439
f 4704//4363 4703//4362 4779//4438
f 4704//4363 4780//4439 4781//4440
f 4705//4364 4704//4363 4781//4440
f 4705//4364 4781//4440 4782//4441
f 4706//4365 4705//4364 4782//4441
f 4707//4366 4782//4441 4783//4442
f 4707//4366 4706//4365 4782//4441
f 4707//4366 4783//4442 4784//4443
f 4708//4367 4707//4366 4784//4443
f 4709//4368 4784//4443 4785//4444
f 4709//4368 4708//4367 4784//4443
f 4709//4368 4785//4444 4786//4445
f 4710//4369 4709//4368 4786//4445
f 4711//4370 4710//4369 4786//4445
f 4711//4370 4786//4445 4787//4446
f 4712//4371 4711//4370 4787//4446
f 4712//4371 4787//4446 4788//4447
f 4713//4372 4712//4371 4788//4447
f 4789//4448 4713//4372 4788//4447
f 4790//4449 4713//4372 4789//4448
f 4714//4373 4713//4372 4790//4449
f 4715//4374 4714//4373 4790//4449
f 4791//4450 4715//4374 4790//4449
f 4717//4376 4716//4375 4792//4451
f 4770//4429 4717//4376 4792//4451
f 4771//4430 4769//4428 4770//4429
f 4771//4430 4770//4429 4792//4451
f 4771//4430 4792//4451 4791//4450
f 4771//4430 4791//4450 4790//4449
f 4772//4431 4771//4430 4790//4449
f 4773//4432 4772//4431 4790//4449
f 4774//4433 4773//4432 4790//4449
f 4775//4434 4774//4433 4790//4449
f 4776//4435 4775//4434 4790//4449
f 4777//4436 4776//4435 4790//4449
f 4778//4437 4777//4436 4790//4449
f 4779//4438 4778//4437 4790//4449
f 4780//4439 4779//4438 4790//4449
f 4781//4440 4780//4439 4790//4449
f 4782//4441 4781//4440 4790//4449
f 4783//4442 4782//4441 4790//4449
f 4784//4443 4783//4442 4790//4449
f 4784//4443 4790//4449 4789//4448
f 4784//4443 4789//4448 4788//4447
f 4785//4444 4784//4443 4788//4447
f 4786//4445 4785//4444 4788//4447
f 4787//4446 4786//4445 4788//4447
f 4724//4383 4722//4381 4723//4382
f 4722//4381 4724//4383 4725//4384
f 4722//4381 4725//4384 4726//4385
f 4721//4380 4722//4381 4726//4385
f 4721//4380 4726//4385 4744//4403
f 4726//4385 4743//4402 4744//4403
f 4742//4401 4743//4402 4726//4385
f 4741//4400 4742//4401 4726//4385
f 4741//4400 4726//4385 4740//4399
f 4740//4399 4726//4385 4739//4398
f 4726//4385 4738//4397 4739//4398
f 4737//4396 4738//4397 4726//4385
f 4736//4395 4737//4396 4726//4385
f 4735//4394 4736//4395 4726//4385
f 4734//4393 4735//4394 4726//4385
f 4734//4393 4726//4385 4733//4392
f 4726//4385 4732//4391 4733//4392
f 4726//4385 4731//4390 4732//4391
f 4730//4389 4731//4390 4726//4385
f 4730//4389 4726//4385 4729//4388
f 4726//4385 4728//4387 4729//4388
f 4728//4387 4726//4385 4727//4386
f 4792//4451 4715//4374 4791//4450
f 4716//4375 4715//4374 4792//4451
# Vertices: 96, normals: 96, texture coordinates: 0, faces: 236

o obj21
v -1045.75124258 1696.04792792 1195.46879571
v -1088.03993646 1696.04792607 1250.58061397
v -1019.16713894 1696.04792908 1131.28959533
v -1010.10000328 1696.04792948 1062.4167922
v -1019.16714497 1696.04792908 993.5440509
v -1045.75125422 1696.04792792 929.3647918
v -1088.03995291 1696.04792607 874.25291621
v -1143.15189324 1696.04792366 831.9641613
v -1207.33109362 1696.04792086 805.38011869
v -1276.20389675 1696.04791785 796.31279993
v -1345.07669909 1696.04791484 805.38012471
v -1409.25577508 1696.04791203 831.96398982
v -1464.36783377 1696.04790962 874.25293266
v -1506.65652765 1696.04790777 929.36475092
v -1533.24075336 1696.04790661 993.54407337
v -1542.30813317 1696.04790622 1062.41681546
v -1533.24074734 1696.04790661 1131.2896178
v -1506.65651602 1696.04790777 1195.46881586
v -1464.36781732 1696.04790962 1250.58063042
v -1409.25575493 1696.04791203 1292.86969051
v -1345.07667662 1696.04791484 1319.45342794
v -1276.20387349 1696.04791785 1328.52080774
v -1207.33107115 1696.04792086 1319.45342191
v -1143.15187309 1696.04792366 1292.86943473
v -1075.68691434 1743.15083189 1178.18534975
v -1112.48256654 1743.15083028 1226.13811015
v -1052.55630155 1743.1508329 1122.34306359
v -1044.6667778 1743.15083324 1062.41679371
v -1052.55630679 1743.1508329 1002.49064659
v -1075.68692446 1743.15083189 946.64824038
v -1112.48258086 1743.15083028 898.69530009
v -1160.43534126 1743.15082818 861.89989203
v -1216.27762742 1743.15082574 838.7692182
v -1276.20377523 1743.15082312 830.87975549
v -1336.13004441 1743.1508205 838.76910137
v -1391.97232856 1743.15081806 861.89990215
v -1439.92532988 1743.15081597 898.69531441
v -1476.72073794 1743.15081436 946.64825791
v -1499.85159488 1743.15081335 1002.49066615
v -1507.74075241 1743.150813 1062.41681395
v -1499.85158964 1743.15081335 1122.34308314
v -1476.72072782 1743.15081436 1178.18536728
v -1439.92531557 1743.15081597 1226.13824653
v -1391.97231103 1743.15081806 1262.9336546
v -1336.13002486 1743.1508205 1286.06451153
v -1276.20375499 1743.15082312 1293.95379114
v -1216.27760787 1743.15082574 1286.06438422
v -1160.43532373 1743.15082818 1262.93364447
v -1010.10000096 1642.82722635 1062.4167922
v -1019.16713662 1642.82722596 1131.28959533
v -1045.75124026 1642.8272248 1195.46879571
v -1019.16714264 1642.82722596 993.5440509
v -1045.75125189 1642.8272248 929.3647918
v -1088.03993414 1642.82722295 1250.58061397
v -1143.15187077 1642.82722054 1292.86943473
v -1088.03995059 1642.82722295 874.25291621
v -1143.15189091 1642.82722054 831.9641613
v -1207.33109129 1642.82721773 805.38011869
v -1276.20389442 1642.82721472 796.31279993
v -1345.07669676 1642.82721171 805.38012471
v -1409.25577275 1642.82720891 831.96398982
v -1464.36783145 1642.8272065 874.25293266
v -1207.33106882 1642.82721773 1319.45342191
v -1276.20387116 1642.82721472 1328.52080774
v -1345.07667429 1642.82721171 1319.45342794
v -1409.2557526 1642.82720891 1292.86969051
v -1464.367815 1642.8272065 1250.58063042
v -1506.6565137 1642.82720465 1195.46881586
v -1533.24074502 1642.82720349 1131.2896178
v -1506.65652533 1642.82720465 929.36475092
v -1533.24075104 1642.82720349 993.54407337
v -1542.30813084 1642.82720309 1062.41681546
v -1336.13002284 1696.8436916 1286.06451153
v -1391.97230901 1696.84368915 1262.9336546
v -1276.20375296 1696.84369422 1293.95379114
v -1216.27760585 1696.84369683 1286.06438422
v -1160.4353217 1696.84369928 1262.93364447
v -1112.48256452 1696.84370137 1226.13811015
v -1075.68691232 1696.84370298 1178.18534975
v -1052.55629953 1696.84370399 1122.34306359
v -1044.66677578 1696.84370434 1062.41679371
v -1052.55630477 1696.84370399 1002.49064659
v -1439.92531354 1696.84368706 1226.13824653
v -1476.7207258 1696.84368545 1178.18536728
v -1499.85158761 1696.84368444 1122.34308314
v -1507.74075039 1696.84368409 1062.41681395
v -1075.68692244 1696.84370298 946.64824038
v -1112.48257883 1696.84370137 898.69530009
v -1499.85159285 1696.84368444 1002.49066615
v -1476.72073592 1696.84368545 946.64825791
v -1439.92532786 1696.84368706 898.69531441
v -1391.97232654 1696.84368915 861.89990215
v -1336.13004239 1696.8436916 838.76910137
v -1160.43533923 1696.84369928 861.89989203
v -1276.2037732 1696.84369422 830.87975549
v -1216.2776254 1696.84369683 838.7692182
vn -0.08343 -0.16035 0.98353
vn -0.15672 -0.17111 0.97271
vn -0.21484 -0.97012 0.11275
vn 0.04004 -0.91235 0.40744
vn 0.21542 -0.68269 0.69824
vn 0.27673 -0.43417 0.85727
vn 0.18422 -0.18422 0.96547
vn 0.03451 -0.02199 0.99916
vn 0.15152 -0.04781 0.9873
vn 0.17308 -0.0076 0.98488
vn 0.19165 0.04244 0.98054
vn 0.20584 0.1071 0.97271
vn 0.14476 0.13258 0.98054
vn 0.36357 0.5704 0.73652
vn 0.299 0.94757 0.11275
vn 0.04004 0.91235 0.40744
vn -0.09679 0.43703 0.89423
vn -0.17331 0.33311 0.92682
vn -0.05256 0.05256 0.99723
vn -0.13172 0.06853 0.98892
vn -0.14742 0.03265 0.98853
vn -0.15873 -0.00697 0.9873
vn -0.16522 -0.05213 0.98488
vn -0.16553 -0.10551 0.98054
vn -0.13274 -0.25513 0.95775
vn -0.25362 -0.2769 0.92682
vn -0.05017 -0.22655 0.97271
vn 0.00861 -0.19611 0.98054
vn 0.016 -0.05071 0.99859
vn 0.0854 -0.13398 0.9873
vn 0.03621 -0.03621 0.99869
vn 0.5704 -0.36357 0.73652
vn 0.94757 -0.299 0.11275
vn 0.91235 -0.04004 0.40744
vn 0.43703 0.09678 0.89423
vn 0.33311 0.17331 0.92682
vn 0.21208 0.19425 0.95775
vn 0.12472 0.19567 0.97271
vn 0.05907 0.1872 0.98054
vn 0.00357 0.0814 0.99667
vn -0.0321 0.14497 0.98892
vn -0.06969 0.13395 0.98853
vn -0.14821 0.14821 0.97779
vn -0.06585 0.03426 0.99724
vn -0.97012 0.21484 0.11275
vn -0.91235 -0.04004 0.40744
vn -0.68268 -0.21542 0.69824
vn -0.43416 -0.27673 0.85728
vn -0.04004 -0.91235 -0.40744
vn -0.299 -0.94757 -0.11275
vn -0.23008 -0.36098 -0.90375
vn 0.15479 -0.69893 -0.69824
vn 0.0906 -0.17414 -0.98054
vn -0.2769 -0.25362 -0.92682
vn -0.0363 -0.01889 -0.99916
vn 0.21414 -0.21414 -0.95304
vn 0.17414 -0.0906 -0.98054
vn 0.16915 -0.03746 -0.98488
vn 0.15873 0.00697 -0.9873
vn 0.144 0.04544 -0.98853
vn 0.12521 0.07981 -0.98892
vn 0.03453 0.0377 -0.99869
vn -0.15512 -0.03435 -0.9873
vn -0.17308 0.0076 -0.98488
vn -0.1872 0.05907 -0.98054
vn -0.19567 0.12472 -0.97271
vn -0.13867 0.13868 -0.98058
vn -0.20183 0.31665 -0.92682
vn -0.1347 0.42687 -0.89423
vn 0.3122 0.60006 -0.73652
vn 0.21485 0.97012 -0.11275
vn -0.04004 0.91235 -0.40744
vn -0.94757 0.299 -0.11275
vn -0.0626 0.0399 -0.99724
vn -0.91235 0.04004 -0.40744
vn -0.69893 -0.15479 -0.69824
vn -0.45674 -0.23763 -0.85728
vn -0.2769 -0.25362 -0.92682
vn -0.15458 -0.24253 -0.95775
vn -0.06982 -0.22128 -0.97271
vn -0.00861 -0.19611 -0.98054
vn 0.0115 -0.05192 -0.99859
vn -0.07536 0.07536 -0.99431
vn -0.08116 0.12733 -0.98853
vn -0.04468 0.1416 -0.98892
vn -0.00357 0.0814 -0.99667
vn 0.07333 -0.14094 -0.9873
vn 0.07214 -0.07214 -0.99478
vn 0.04244 0.19165 -0.98054
vn 0.1071 0.20584 -0.97271
vn 0.19425 0.21208 -0.95775
vn 0.31665 0.20183 -0.92682
vn 0.42687 0.1347 -0.89423
vn 0.60006 -0.3122 -0.73652
vn 0.91235 0.04004 -0.40744
vn 0.97012 -0.21484 -0.11275
usemtl mat6
f 4793//4452 4794//4453 4793//4452
f 4795//4454 4793//4452 4795//4454
f 4796//4455 4795//4454 4796//4455
f 4797//4456 4796//4455 4797//4456
f 4798//4457 4797//4456 4798//4457
f 4799//4458 4798//4457 4799//4458
f 4799//4458 4800//4459 4799//4458
f 4800//4459 4801//4460 4800//4459
f 4801//4460 4802//4461 4801//4460
f 4802//4461 4803//4462 4802//4461
f 4803//4462 4804//4463 4803//4462
f 4804//4463 4805//4464 4804//4463
f 4805//4464 4806//4465 4805//4464
f 4806//4465 4807//4466 4806//4465
f 4807//4466 4808//4467 4807//4466
f 4808//4467 4809//4468 4808//4467
f 4809//4468 4810//4469 4809//4468
f 4810//4469 4811//4470 4810//4469
f 4812//4471 4811//4470 4812//4471
f 4813//4472 4812//4471 4813//4472
f 4814//4473 4813//4472 4814//4473
f 4815//4474 4814//4473 4815//4474
f 4816//4475 4815//4474 4816//4475
f 4794//4453 4816//4475 4794//4453
f 4817//4476 4818//4477 4817//4476
f 4819//4478 4817//4476 4819//4478
f 4820//4479 4819//4478 4820//4479
f 4821//4480 4820//4479 4821//4480
f 4822//4481 4821//4480 4822//4481
f 4823//4482 4822//4481 4823//4482
f 4823//4482 4824//4483 4823//4482
f 4824//4483 4825//4484 4824//4483
f 4825//4484 4826//4485 4825//4484
f 4826//4485 4827//4486 4826//4485
f 4827//4486 4828//4487 4827//4486
f 4828//4487 4829//4488 4828//4487
f 4829//4488 4830//4489 4829//4488
f 4830//4489 4831//4490 4830//4489
f 4831//4490 4832//4491 4831//4490
f 4832//4491 4833//4492 4832//4491
f 4833//4492 4834//4493 4833//4492
f 4834//4493 4835//4494 4834//4493
f 4836//4495 4835//4494 4836//4495
f 4837//4496 4836//4495 4837//4496
f 4838//4497 4837//4496 4838//4497
f 4839//4498 4838//4497 4839//4498
f 4840//4499 4839//4498 4840//4499
f 4818//4477 4840//4499 4818//4477
f 4841//4500 4842//4501 4843//4502
f 4844//4503 4841//4500 4843//4502
f 4845//4504 4844//4503 4843//4502
f 4845//4504 4843//4502 4846//4505
f 4845//4504 4846//4505 4847//4506
f 4848//4507 4845//4504 4847//4506
f 4849//4508 4848//4507 4847//4506
f 4850//4509 4849//4508 4847//4506
f 4851//4510 4850//4509 4847//4506
f 4852//4511 4851//4510 4847//4506
f 4853//4512 4852//4511 4847//4506
f 4854//4513 4853//4512 4847//4506
f 4854//4513 4847//4506 4855//4514
f 4854//4513 4855//4514 4856//4515
f 4857//4516 4854//4513 4856//4515
f 4858//4517 4854//4513 4857//4516
f 4859//4518 4854//4513 4858//4517
f 4860//4519 4854//4513 4859//4518
f 4861//4520 4854//4513 4860//4519
f 4862//4521 4854//4513 4861//4520
f 4863//4522 4862//4521 4864//4523
f 4864//4523 4862//4521 4861//4520
f 4843//4502 4794//4453 4846//4505
f 4793//4452 4794//4453 4843//4502
f 4842//4501 4793//4452 4843//4502
f 4795//4454 4793//4452 4842//4501
f 4841//4500 4795//4454 4842//4501
f 4796//4455 4795//4454 4841//4500
f 4844//4503 4796//4455 4841//4500
f 4797//4456 4796//4455 4844//4503
f 4845//4504 4797//4456 4844//4503
f 4798//4457 4797//4456 4845//4504
f 4848//4507 4798//4457 4845//4504
f 4799//4458 4798//4457 4848//4507
f 4849//4508 4800//4459 4848//4507
f 4800//4459 4799//4458 4848//4507
f 4850//4509 4801//4460 4849//4508
f 4801//4460 4800//4459 4849//4508
f 4851//4510 4802//4461 4850//4509
f 4802//4461 4801//4460 4850//4509
f 4803//4462 4851//4510 4852//4511
f 4803//4462 4802//4461 4851//4510
f 4804//4463 4852//4511 4853//4512
f 4804//4463 4803//4462 4852//4511
f 4805//4464 4853//4512 4854//4513
f 4805//4464 4804//4463 4853//4512
f 4806//4465 4854//4513 4862//4521
f 4806//4465 4805//4464 4854//4513
f 4807//4466 4862//4521 4863//4522
f 4807//4466 4806//4465 4862//4521
f 4808//4467 4863//4522 4864//4523
f 4808//4467 4807//4466 4863//4522
f 4809//4468 4864//4523 4861//4520
f 4809//4468 4808//4467 4864//4523
f 4810//4469 4861//4520 4860//4519
f 4810//4469 4809//4468 4861//4520
f 4811//4470 4860//4519 4859//4518
f 4811//4470 4810//4469 4860//4519
f 4811//4470 4859//4518 4858//4517
f 4812//4471 4811//4470 4858//4517
f 4812//4471 4858//4517 4857//4516
f 4813//4472 4812//4471 4857//4516
f 4813//4472 4857//4516 4856//4515
f 4814//4473 4813//4472 4856//4515
f 4855//4514 4814//4473 4856//4515
f 4815//4474 4814//4473 4855//4514
f 4847//4506 4815//4474 4855//4514
f 4816//4475 4815//4474 4847//4506
f 4846//4505 4816//4475 4847//4506
f 4794//4453 4816//4475 4846//4505
f 4795//4454 4796//4455 4793//4452
f 4796//4455 4797//4456 4793//4452
f 4797//4456 4798//4457 4793//4452
f 4798//4457 4799//4458 4793//4452
f 4799//4458 4800//4459 4793//4452
f 4793//4452 4800//4459 4794//4453
f 4794//4453 4800//4459 4816//4475
f 4816//4475 4800//4459 4815//4474
f 4815//4474 4800//4459 4814//4473
f 4800//4459 4813//4472 4814//4473
f 4800//4459 4812//4471 4813//4472
f 4800//4459 4811//4470 4812//4471
f 4800//4459 4801//4460 4811//4470
f 4801//4460 4802//4461 4811//4470
f 4802//4461 4803//4462 4811//4470
f 4803//4462 4804//4463 4811//4470
f 4804//4463 4805//4464 4811//4470
f 4805//4464 4810//4469 4811//4470
f 4805//4464 4809//4468 4810//4469
f 4805//4464 4806//4465 4809//4468
f 4806//4465 4808//4467 4809//4468
f 4806//4465 4807//4466 4808//4467
f 4865//4524 4866//4525 4867//4526
f 4866//4525 4868//4527 4867//4526
f 4866//4525 4869//4528 4868//4527
f 4866//4525 4870//4529 4869//4528
f 4871//4530 4870//4529 4866//4525
f 4872//4531 4871//4530 4866//4525
f 4873//4532 4872//4531 4866//4525
f 4874//4533 4873//4532 4866//4525
f 4875//4534 4874//4533 4866//4525
f 4876//4535 4874//4533 4875//4534
f 4877//4536 4874//4533 4876//4535
f 4878//4537 4874//4533 4877//4536
f 4879//4538 4874//4533 4878//4537
f 4880//4539 4879//4538 4878//4537
f 4881//4540 4880//4539 4878//4537
f 4882//4541 4880//4539 4881//4540
f 4883//4542 4880//4539 4882//4541
f 4883//4542 4884//4543 4880//4539
f 4884//4543 4885//4544 4880//4539
f 4885//4544 4886//4545 4880//4539
f 4887//4546 4888//4547 4886//4545
f 4885//4544 4887//4546 4886//4545
f 4871//4530 4818//4477 4870//4529
f 4817//4476 4818//4477 4871//4530
f 4872//4531 4817//4476 4871//4530
f 4819//4478 4817//4476 4872//4531
f 4873//4532 4819//4478 4872//4531
f 4820//4479 4819//4478 4873//4532
f 4874//4533 4820//4479 4873//4532
f 4821//4480 4820//4479 4874//4533
f 4879//4538 4821//4480 4874//4533
f 4822//4481 4821//4480 4879//4538
f 4880//4539 4822//4481 4879//4538
f 4823//4482 4822//4481 4880//4539
f 4886//4545 4824//4483 4880//4539
f 4824//4483 4823//4482 4880//4539
f 4888//4547 4825//4484 4886//4545
f 4825//4484 4824//4483 4886//4545
f 4887//4546 4826//4485 4888//4547
f 4826//4485 4825//4484 4888//4547
f 4827//4486 4887//4546 4885//4544
f 4827//4486 4826//4485 4887//4546
f 4828//4487 4885//4544 4884//4543
f 4828//4487 4827//4486 4885//4544
f 4829//4488 4884//4543 4883//4542
f 4829//4488 4828//4487 4884//4543
f 4830//4489 4883//4542 4882//4541
f 4830//4489 4829//4488 4883//4542
f 4831//4490 4882//4541 4881//4540
f 4831//4490 4830//4489 4882//4541
f 4832//4491 4881//4540 4878//4537
f 4832//4491 4831//4490 4881//4540
f 4833//4492 4878//4537 4877//4536
f 4833//4492 4832//4491 4878//4537
f 4834//4493 4877//4536 4876//4535
f 4834//4493 4833//4492 4877//4536
f 4835//4494 4876//4535 4875//4534
f 4835//4494 4834//4493 4876//4535
f 4835//4494 4875//4534 4866//4525
f 4836//4495 4835//4494 4866//4525
f 4836//4495 4866//4525 4865//4524
f 4837//4496 4836//4495 4865//4524
f 4837//4496 4865//4524 4867//4526
f 4838//4497 4837//4496 4867//4526
f 4868//4527 4838//4497 4867//4526
f 4839//4498 4838//4497 4868//4527
f 4869//4528 4839//4498 4868//4527
f 4840//4499 4839//4498 4869//4528
f 4870//4529 4840//4499 4869//4528
f 4818//4477 4840//4499 4870//4529
f 4836//4495 4837//4496 4838//4497
f 4839//4498 4836//4495 4838//4497
f 4840//4499 4836//4495 4839//4498
f 4818//4477 4836//4495 4840//4499
f 4818//4477 4817//4476 4836//4495
f 4817//4476 4819//4478 4836//4495
f 4819//4478 4820//4479 4836//4495
f 4820//4479 4821//4480 4836//4495
f 4821//4480 4835//4494 4836//4495
f 4821//4480 4834//4493 4835//4494
f 4821//4480 4833//4492 4834//4493
f 4821//4480 4832//4491 4833//4492
f 4821//4480 4822//4481 4832//4491
f 4822//4481 4823//4482 4832//4491
f 4823//4482 4831//4490 4832//4491
f 4823//4482 4830//4489 4831//4490
f 4823//4482 4829//4488 4830//4489
f 4828//4487 4829//4488 4823//4482
f 4827//4486 4828//4487 4823//4482
f 4824//4483 4827//4486 4823//4482
f 4826//4485 4827//4486 4824//4483
f 4825//4484 4826//4485 4824//4483
# Vertices: 96, normals: 96, texture coordinates: 0, faces: 232

o obj22
v -1665.64699063 1473.57011762 1062.41682085
v -886.76076016 1473.57015167 1062.41678681
v -1276.2037363 1473.57013465 1451.85991907
v -1276.20377035 1473.57013465 672.9736886
v -1667.27357747 1473.57011755 1064.04352991
v -1277.83056728 1473.57013457 1453.48662812
v -1277.65380946 1473.57013458 1453.66326386
v -1277.40905848 1473.57013459 1453.87224822
v -1277.13476648 1473.5701346 1454.04033903
v -1276.83740319 1473.57013462 1454.16363003
v -1276.52465905 1473.57013463 1454.23870326
v -1276.2037362 1473.57013465 1454.2639718
v -1275.88305749 1473.57013466 1454.23870323
v -1275.57006921 1473.57013467 1454.16362998
v -1275.27270593 1473.57013469 1454.04033895
v -1274.99853602 1473.5701347 1453.87224811
v -1274.75390712 1473.57013471 1453.66314166
v -1274.57714932 1473.57013472 1453.48650591
v -885.1340511 1473.57015174 1064.04349572
v -884.95741537 1473.57015175 1063.86661583
v -884.74830894 1473.57015176 1063.62223106
v -884.58015709 1473.57015176 1063.34781699
v -884.45704919 1473.57015177 1063.0504537
v -884.3818539 1473.57015177 1062.73770956
v -884.35658535 1473.57015177 1062.4167867
v -884.38185392 1473.57015177 1062.09586385
v -884.45704925 1473.57015177 1061.78311972
v -884.58015717 1473.57015176 1061.48587851
v -884.74830904 1473.57015176 1061.21146445
v -884.95723239 1473.57015175 1060.96683556
v -885.13405125 1473.57015174 1060.78995568
v -1274.57706143 1473.57013472 671.34697954
v -1274.75369718 1473.57013471 671.17028277
v -1274.9983261 1473.5701347 670.96123737
v -1275.27274017 1473.57013469 670.7932076
v -1275.57010346 1473.57013467 670.66997763
v -1275.88309174 1473.57013466 670.59478233
v -1276.20377045 1473.57013465 670.56963586
v -1276.5246933 1473.57013463 670.59478236
v -1276.83743744 1473.57013462 670.66997769
v -1277.13480072 1473.5701346 670.79308561
v -1277.4090927 1473.57013459 670.96123748
v -1277.65384367 1473.57013458 671.17016083
v -1277.83060147 1473.57013457 671.34697968
v -1667.27357761 1473.57011755 1060.78998987
v -1667.45021335 1473.57011754 1060.96674769
v -1667.65919771 1473.57011753 1061.21149868
v -1667.82741059 1473.57011753 1061.48579068
v -1667.95070159 1473.57011752 1061.78315396
v -1668.02577482 1473.57011752 1062.09602018
v -1668.05092129 1473.57011752 1062.41682096
v -1668.02577479 1473.57011752 1062.73774381
v -1667.95070154 1473.57011752 1063.05048795
v -1667.82741051 1473.57011753 1063.34785122
v -1667.65919761 1473.57011753 1063.62226528
v -1667.45021322 1473.57011754 1063.86701625
v -1279.91931232 1473.80243429 1455.57537333
v -1669.36268872 1473.80241726 1066.13227512
v -1279.51574785 1473.8024343 1455.97905984
v -1278.95703201 1473.80243433 1456.45635473
v -1278.33007887 1473.80243436 1456.84014377
v -1277.65112378 1473.80243439 1457.12139374
v -1276.93628002 1473.80243442 1457.2929025
v -1276.20373607 1473.80243445 1457.35064172
v -1275.47107006 1473.80243448 1457.29290243
v -1274.75647046 1473.80243451 1457.12127154
v -1274.07727125 1473.80243454 1456.84014358
v -1273.45080642 1473.80243457 1456.45611035
v -1272.89184648 1473.80243459 1455.97881541
v -1272.48828205 1473.80243461 1455.57537301
v -883.04518384 1473.80245164 1066.13224075
v -882.64174147 1473.80245165 1065.72867628
v -882.16450761 1473.80245167 1065.16983837
v -881.78035236 1473.80245169 1064.54312936
v -881.49910239 1473.8024517 1063.8640522
v -881.32765467 1473.80245171 1063.14945259
v -881.26997648 1473.80245171 1062.41678657
v -881.32765473 1473.80245171 1061.68424263
v -881.49910252 1473.8024517 1060.96952095
v -881.78035255 1473.80245169 1060.29032175
v -882.16450785 1473.80245167 1059.66373485
v -882.64174176 1473.80245165 1059.10477491
v -883.04530623 1473.80245164 1058.70121047
v -1272.48831642 1473.80243461 669.25823433
v -1272.89188089 1473.80243459 668.85473093
v -1273.45084087 1473.80243457 668.37743604
v -1274.07730573 1473.80243454 667.99346389
v -1274.75650496 1473.80243451 667.71215289
v -1275.47110458 1473.80243448 667.54070517
v -1276.2037706 1473.80243445 667.48284387
v -1276.93631454 1473.80243442 667.54058316
v -1277.65115828 1473.80243439 667.71215302
v -1278.33011335 1473.80243436 667.99346408
v -1278.95706646 1473.80243433 668.37725317
v -1279.51578226 1473.8024343 668.85454812
v -1279.91922462 1473.80243429 669.25805155
v -1669.36268904 1473.80241726 1058.70124485
v -1669.76588727 1473.80241725 1059.10480932
v -1670.24342631 1473.80241723 1059.66364723
v -1670.62709327 1473.80241721 1060.29035623
v -1670.90858738 1473.8024172 1060.96943339
v -1671.08009614 1473.80241719 1061.68415508
v -1671.13759122 1473.80241719 1062.41682109
v -1671.08009608 1473.80241719 1063.14948711
v -1670.90858725 1473.8024172 1063.86420878
v -1670.62709308 1473.80241721 1064.54328592
v -1670.24342607 1473.80241723 1065.17011695
v -1669.76588698 1473.80241725 1065.72883275
v -1281.95642164 1474.4944508 1457.61236072
v -1671.39967596 1474.49443378 1068.16938458
v -1281.33154368 1474.49445083 1458.2373607
v -1280.46630927 1474.49445086 1458.97637433
v -1279.49597233 1474.49445091 1459.57085671
v -1278.44482485 1474.49445095 1460.00652561
v -1277.33825746 1474.494451 1460.27215056
v -1276.20373597 1474.49445105 1460.36138391
v -1275.06945863 1474.4944511 1460.27215046
v -1273.96264712 1474.49445115 1460.00652541
v -1272.91149968 1474.4944512 1459.57122263
v -1271.94104072 1474.49445124 1458.97637396
v -1271.0756843 1474.49445128 1458.23736025
v -1270.45117261 1474.4944513 1457.61260436
v -881.00795233 1474.49446833 1068.16959417
v -880.3831965 1474.49446835 1067.54483829
v -879.64406079 1474.49446839 1066.67948181
v -879.04957842 1474.49446841 1065.70914487
v -878.61403159 1474.49446843 1064.65787532
v -878.3483456 1474.49446844 1063.55118585
v -878.25917329 1474.49446845 1062.41678644
v -878.3485288 1474.49446844 1061.28226496
v -878.61403178 1474.49446843 1060.17581966
v -879.0495787 1474.49446841 1059.124306
v -879.64406117 1474.49446839 1058.15421326
v -880.38319695 1474.49446835 1057.28885684
v -881.00795283 1474.49446833 1056.66410101
v -1270.45120716 1474.4944513 667.22088073
v -1271.07571891 1474.49445128 666.596308
v -1271.94107539 1474.49445124 665.85711126
v -1272.9115344 1474.4944512 665.26232371
v -1273.96268188 1474.49445115 664.82714309
v -1275.06949341 1474.4944511 664.56133503
v -1276.20377076 1474.49445105 664.47216272
v -1277.33829224 1474.494451 664.56133513
v -1278.44485961 1474.49445095 664.82696018
v -1279.49600705 1474.49445091 665.26275124
v -1280.46634394 1474.49445086 665.85711164
v -1281.33157828 1474.49445083 666.59630845
v -1281.95645619 1474.4944508 667.2210033
v -1671.39967647 1474.49443378 1056.66425763
v -1672.02418816 1474.49443375 1057.28901352
v -1672.76344593 1474.49443372 1058.15412585
v -1673.35817245 1474.49443369 1059.124829
v -1673.79359721 1474.49443367 1060.17573234
v -1674.05910009 1474.49443366 1061.28242181
v -1674.14857758 1474.49443366 1062.41682123
v -1674.05909999 1474.49443366 1063.55122064
v -1673.79359702 1474.49443367 1064.65791008
v -1673.35817217 1474.49443369 1065.70893545
v -1672.76344556 1474.49443372 1066.67951648
v -1672.02418771 1474.49443375 1067.54475082
v -1673.3352228 1475.62822275 1070.10517568
v -1283.89221262 1475.62823978 1459.54815182
v -1283.05712957 1475.62823981 1460.3832348
v -1281.90075746 1475.62823986 1461.37114978
v -1280.60400449 1475.62823992 1462.16582746
v -1279.19873103 1475.62823998 1462.74749244
v -1277.71997125 1475.62824005 1463.10271698
v -1276.20373589 1475.62824011 1463.22197961
v -1274.68762262 1475.62824018 1463.10247271
v -1273.20886287 1475.62824024 1462.74773632
v -1271.80358946 1475.62824031 1462.16558294
v -1270.50695863 1475.62824036 1461.37078307
v -1269.35022039 1475.62824041 1460.3832342
v -1268.51538156 1475.62824045 1459.54839529
v -879.07228335 1475.62825747 1070.10526303
v -878.23726141 1475.62825751 1069.27017999
v -877.2496516 1475.62825755 1068.11356374
v -876.45497392 1475.62825759 1066.81693284
v -875.87300377 1475.62825761 1065.41190352
v -875.51784026 1475.62825763 1063.9328996
v -875.39857763 1475.62825763 1062.41678631
v -875.51784039 1475.62825763 1060.90067304
v -875.87300403 1475.62825761 1059.42179122
v -876.45497431 1475.62825759 1058.01676194
v -877.2496521 1475.62825755 1056.72000905
v -878.23726201 1475.62825751 1055.56339288
v -879.07228402 1475.62825747 1054.72830991
v -1268.51541628 1475.62824045 665.28515066
v -1269.35025518 1475.62824041 664.4502508
v -1270.50699351 1475.62824036 663.46264098
v -1271.8036244 1475.62824031 662.66796331
v -1273.20889787 1475.62824024 662.08574901
v -1274.68753558 1475.62824018 661.73089068
v -1276.20377093 1475.62824011 661.61144494
v -1277.71988421 1475.62824005 661.73082978
v -1279.19876603 1475.62823998 662.08599342
v -1280.60403944 1475.62823992 662.66778059
v -1281.90079234 1475.62823986 663.46239734
v -1283.05716436 1475.62823981 664.4502514
v -1283.89224734 1475.62823978 665.28533444
v -1673.33522348 1475.62822275 1054.72858877
v -1674.17018438 1475.62822272 1055.56367181
v -1675.15809937 1475.62822267 1056.71979979
v -1675.9525329 1475.62822264 1058.01655275
v -1676.53480823 1475.62822261 1059.42207035
v -1676.88978864 1475.6282226 1060.90070806
v -1677.00917334 1475.62822259 1062.41682135
v -1676.8897885 1475.6282226 1063.93293463
v -1676.53480797 1475.62822261 1065.41169438
v -1675.95253252 1475.62822264 1066.81721193
v -1675.15809887 1475.62822267 1068.11384275
v -1674.17018378 1475.62822272 1069.27009271
v -1285.67871163 1477.17609126 1461.33465093
v -1675.12172182 1477.17607424 1071.89167478
v -1284.64965885 1477.17609131 1462.36358154
v -1283.22424376 1477.17609137 1463.58086664
v -1281.62622125 1477.17609144 1464.56011462
v -1279.89477591 1477.17609151 1465.2773997
v -1278.07226613 1477.17609159 1465.71502169
v -1276.20373585 1477.17609168 1465.86199426
v -1274.33532765 1477.17609176 1465.71502152
v -1272.5128179 1477.17609184 1465.27739937
v -1270.78137262 1477.17609191 1464.56023621
v -1269.18310606 1477.17609198 1463.58086602
v -1267.75817936 1477.17609205 1462.36358081
v -1266.72912667 1477.17609209 1461.33452803
v -877.28596742 1477.17610911 1071.89151784
v -876.2570368 1477.17610916 1070.86246506
v -875.03969067 1477.17610921 1069.43729411
v -874.0604427 1477.17610925 1067.83914953
v -873.34309658 1477.17610929 1066.10758212
v -872.90577977 1477.17610931 1064.28531648
v -872.75862409 1477.17610931 1062.4167862
v -872.90553579 1477.17610931 1060.54825593
v -873.3430969 1477.17610929 1058.72586825
v -874.06044317 1477.17610925 1056.9943009
v -875.03969129 1477.17610921 1055.39627848
v -876.25703754 1477.17610916 1053.97098557
v -877.28609032 1477.17610911 1052.94217702
v -1266.72916154 1477.17609209 663.4988957
v -1267.75821432 1477.17609205 662.46996508
v -1269.18314113 1477.17609198 661.25280206
v -1270.78140778 1477.17609191 660.27337098
v -1272.51285312 1477.17609184 659.55620797
v -1274.33536291 1477.17609176 659.11852494
v -1276.20377112 1477.17609168 658.97149133
v -1278.07230138 1477.17609159 659.11864717
v -1279.89468906 1477.17609151 659.55608622
v -1281.62625641 1477.17609144 660.27337145
v -1283.22427883 1477.17609137 661.25280267
v -1284.64969382 1477.17609131 662.46984375
v -1285.67862443 1477.17609126 663.49871343
v -1675.12172265 1477.17607424 1052.94196775
v -1676.15089741 1477.17607419 1053.97102053
v -1677.36781629 1477.17607414 1055.39619148
v -1678.34718634 1477.1760741 1056.99445813
v -1679.06434935 1477.17607407 1058.72590347
v -1679.50197134 1477.17607405 1060.54841326
v -1679.64894391 1477.17607404 1062.41682147
v -1679.50197117 1477.17607405 1064.28522966
v -1679.06434902 1477.17607407 1066.10773941
v -1678.34718586 1477.1760741 1067.83918469
v -1677.36781567 1477.17607414 1069.43745125
v -1676.15089667 1477.17607419 1070.8626221
v -1287.27172922 1479.1004076 1462.92791271
v -1676.71486148 1479.10039058 1073.4848145
v -1286.06982487 1479.10040765 1464.12993903
v -1284.40478575 1479.10040772 1465.55169189
v -1282.53808648 1479.10040781 1466.69573477
v -1280.51513722 1479.10040789 1467.53350324
v -1278.38635302 1479.10040799 1468.04473361
v -1276.20373583 1479.10040808 1468.21648645
v -1274.02124072 1479.10040818 1468.04461135
v -1271.89221242 1479.10040827 1467.53362493
v -1269.86938531 1479.10040836 1466.69573422
v -1268.00280821 1479.10040844 1465.55169117
v -1266.33801335 1479.10040851 1464.1298161
v -1265.13586496 1479.10040857 1462.92778968
v -875.69276675 1479.10042559 1073.48453535
v -874.49074044 1479.10042564 1072.28250893
v -873.06880448 1479.1004257 1070.61783601
v -871.92500573 1479.10042575 1068.75101468
v -871.08711519 1479.10042579 1066.72830956
v -870.57594585 1479.10042581 1064.59940329
v -870.40419302 1479.10042582 1062.41678609
v -870.57594604 1479.10042581 1060.23416891
v -871.08711557 1479.10042579 1058.10526269
v -871.92500628 1479.10042575 1056.08255764
v -873.06880519 1479.1004257 1054.21573641
v -874.4907413 1479.10042564 1052.55094155
v -875.69276772 1479.10042559 1051.34891523
v -1265.13589998 1479.10040857 661.90569495
v -1266.33804847 1479.10040851 660.7037907
v -1268.00284345 1479.10040844 659.28191578
v -1269.86942065 1479.10040836 658.13787289
v -1271.89224784 1479.10040827 657.29998235
v -1274.02127618 1479.10040818 656.78899612
v -1276.2037713 1479.10040808 656.61712121
v -1278.38638848 1479.10040799 656.7888132
v -1280.51517264 1479.10040789 657.29998273
v -1282.53812182 1479.10040781 658.13787344
v -1284.40482099 1479.10040772 659.28191649
v -1286.06985999 1479.10040765 660.7036695
v -1287.27176424 1479.1004076 661.90569592
v -1676.71486245 1479.10039058 1051.3487061
v -1677.91688876 1479.10039052 1052.55073252
v -1679.33864162 1479.10039046 1054.21577165
v -1680.48292865 1479.10039041 1056.08247092
v -1681.32081918 1479.10039037 1058.1052981
v -1681.83180542 1479.10039035 1060.23420437
v -1682.00355825 1479.10039034 1062.41682157
v -1681.83180523 1479.10039035 1064.59943875
v -1681.32081881 1479.10039037 1066.72834498
v -1680.48292809 1479.10039041 1068.75105002
v -1679.3386409 1479.10039046 1070.61787126
v -1677.9168879 1479.10039052 1072.28291026
v -1678.07545722 1481.35344227 1074.84553234
v -1288.63244703 1481.3534593 1464.28863055
v -1287.28259346 1481.35345936 1465.63836193
v -1285.41320862 1481.35345944 1467.23504154
v -1283.31665095 1481.35345953 1468.51958735
v -1281.04541068 1481.35345963 1469.46038314
v -1278.65466358 1481.35345973 1470.03423558
v -1276.20373584 1481.35345984 1470.22735071
v -1273.75280811 1481.35345995 1470.03435744
v -1271.36218314 1481.35346005 1469.46038272
v -1269.0906988 1481.35346015 1468.51958672
v -1266.99438538 1481.35346024 1467.23491866
v -1265.12500069 1481.35346032 1465.63836096
v -1263.77514723 1481.35346038 1464.28862946
v -874.33217109 1481.35347741 1074.84537513
v -872.98231763 1481.35347747 1073.49552156
v -871.38569906 1481.35347754 1071.62613672
v -870.10090911 1481.35347759 1069.52982319
v -869.16017435 1481.35347763 1067.25833877
v -868.58619985 1481.35347766 1064.86783582
v -868.39345093 1481.35347767 1062.41678601
v -868.58620006 1481.35347766 1059.96585828
v -869.16017477 1481.35347763 1057.57511123
v -870.10090974 1481.35347759 1055.30374897
v -871.38569987 1481.35347754 1053.20731348
v -872.9823186 1481.35347747 1051.33792878
v -874.33217218 1481.35347741 1049.98807533
v -1263.77518236 1481.35346038 660.54509919
v -1265.12503594 1481.35346032 659.19524573
v -1266.99442077 1481.35346024 657.59874923
v -1269.09073431 1481.35346015 656.31383721
v -1271.36221872 1481.35346005 655.37310245
v -1273.75284375 1481.35345995 654.79912794
v -1276.20377149 1481.35345984 654.60631799
v -1278.65457715 1481.35345973 654.79925023
v -1281.04532419 1481.35345963 655.37310287
v -1283.31668645 1481.35345953 656.31402094
v -1285.41324402 1481.35345944 657.59844486
v -1287.28262871 1481.35345936 659.1952467
v -1288.63248217 1481.3534593 660.54510027
v -1678.07545831 1481.35344227 1049.98811046
v -1679.42531177 1481.35344221 1051.33796404
v -1681.02211344 1481.35344215 1053.2072268
v -1682.30653718 1481.35344209 1055.30378447
v -1683.24757712 1481.35344205 1057.57514682
v -1683.82130748 1481.35344202 1059.96601598
v -1684.01430054 1481.35344201 1062.41682166
v -1683.82130727 1481.35344202 1064.86774938
v -1683.24757669 1481.35344205 1067.25837436
v -1682.30653656 1481.35344209 1069.52985869
v -1681.02211264 1481.35344215 1071.62629418
v -1679.4253108 1481.35344221 1073.49580095
v -1679.17018385 1483.88017562 1075.94013688
v -1289.72717366 1483.88019265 1465.38311302
v -1288.25830153 1483.88019271 1466.85174088
v -1286.22424383 1483.8801928 1468.58916755
v -1283.94335998 1483.8801929 1469.98711667
v -1281.47192439 1483.88019301 1471.0107982
v -1278.870606 1483.88019312 1471.63518774
v -1276.20373588 1483.88019324 1471.84514856
v -1273.53686577 1483.88019336 1471.63506543
v -1270.93566951 1483.88019347 1471.01067567
v -1268.46435608 1483.88019358 1469.98711599
v -1266.18322821 1483.88019368 1468.58916667
v -1264.1490486 1483.88019377 1466.8518619
v -1262.68042073 1483.88019383 1465.3832339
v -873.23732252 1483.88021085 1075.94010165
v -871.76869465 1483.88021092 1074.47147365
v -870.03139006 1483.88021099 1072.43729389
v -868.63368508 1483.88021105 1070.15628797
v -867.60988147 1483.8802111 1067.68473031
v -866.9854309 1483.88021113 1065.08353399
v -866.77565319 1483.88021114 1062.41678593
v -866.98543114 1483.88021113 1059.74991583
v -867.60988193 1483.8802111 1057.14871957
v -868.63368575 1483.88021105 1054.67728406
v -870.03139093 1483.88021099 1052.39627826
v -871.76869571 1483.88021092 1050.36209865
v -873.23744577 1483.88021085 1048.89334872
v -1262.68045596 1483.88019383 659.45037258
v -1264.14908395 1483.88019377 657.98174471
v -1266.18326372 1483.88019368 656.24437908
v -1268.46439171 1483.88019358 654.84655203
v -1270.93558316 1483.88019347 653.8228705
v -1273.53690154 1483.88019336 653.19841993
v -1276.20377167 1483.88019324 652.9884591
v -1278.87064178 1483.88019312 653.19842016
v -1281.47196011 1483.88019301 653.82287096
v -1283.94327354 1483.8801929 654.84643063
v -1286.22427934 1483.8801928 656.24437995
v -1288.25833688 1483.88019271 657.98174576
v -1289.72696475 1483.88019265 659.45037376
v -1679.17018503 1483.88017562 1048.89362809
v -1680.63893497 1483.88017556 1050.36225608
v -1682.37636163 1483.88017548 1052.39631377
v -1683.77418868 1483.88017542 1054.67731969
v -1684.79787022 1483.88017538 1057.14875529
v -1685.42213768 1483.88017535 1059.7499516
v -1685.6320985 1483.88017534 1062.41682173
v -1685.42213745 1483.88017535 1065.08356977
v -1684.79786975 1483.88017538 1067.68501017
v -1683.77418801 1483.88017542 1070.15644567
v -1682.37636076 1483.88017548 1072.4373294
v -1680.63893391 1483.88017556 1074.47150901
v -1290.52880949 1486.61737523 1466.18487086
v -1679.97194174 1486.61735821 1076.74189472
v -1288.97290122 1486.6173753 1467.74065693
v -1286.81836012 1486.61737539 1469.58123301
v -1284.40222236 1486.6173755 1471.06182372
v -1281.78430239 1486.61737561 1472.14617419
v -1279.0288092 1486.61737573 1472.80755103
v -1276.20373595 1486.61737586 1473.03008508
v -1273.37878478 1486.61737598 1472.80755078
v -1270.62353579 1486.6173761 1472.1461737
v -1268.0052497 1486.61737621 1471.06145679
v -1265.58911207 1486.61737632 1469.58111001
v -1263.43444907 1486.61737641 1467.74077788
v -1261.878663 1486.61737648 1466.18511375
v -872.43568686 1486.61739351 1076.74185942
v -870.87983976 1486.61739357 1075.18607322
v -869.03944679 1486.61739365 1073.03141006
v -867.55885607 1486.61739372 1070.61515023
v -866.47444457 1486.61739377 1067.99710819
v -865.8130067 1486.61739379 1065.24173706
v -865.59071678 1486.6173938 1062.41678588
v -865.81300695 1486.61739379 1059.59171265
v -866.47444506 1486.61739377 1056.83658573
v -867.55879576 1486.61739372 1054.21854378
v -869.03944772 1486.61739365 1051.80216201
v -870.87984088 1486.61739357 1049.647499
v -872.43568811 1486.61739351 1048.09159087
v -1261.8786983 1486.61737648 658.64855369
v -1263.4344845 1486.61737641 657.09282866
v -1265.58914767 1486.61737632 655.25249673
v -1268.00528543 1486.61737621 653.77196705
v -1270.62357161 1486.6173761 652.68743347
v -1273.37882066 1486.61737598 652.02587353
v -1276.20377184 1486.61737586 651.80352258
v -1279.02884507 1486.61737573 652.02587378
v -1281.78433821 1486.61737561 652.68743396
v -1284.40225808 1486.6173755 653.77172362
v -1286.81839572 1486.61737539 655.25237558
v -1288.97293665 1486.6173753 657.09282978
v -1290.52884479 1486.61737523 658.64855495
v -1679.971943 1486.61735821 1048.09174824
v -1681.52772906 1486.61735814 1049.64753444
v -1683.36818307 1486.61735806 1051.80219761
v -1684.84865171 1486.61735799 1054.2182133
v -1685.9333684 1486.61735795 1056.83637741
v -1686.59462316 1486.61735792 1059.59174853
v -1686.81715721 1486.61735791 1062.41682178
v -1686.59462291 1486.61735792 1065.24177294
v -1685.93336791 1486.61735795 1067.99714401
v -1684.848651 1486.61735799 1070.61543009
v -1683.36818214 1486.61735806 1073.03144565
v -1681.52772795 1486.61735814 1075.18610866
v -1291.0180674 1489.49860079 1466.6741287
v -1680.46119966 1489.49858377 1077.23115256
v -1289.40918061 1489.49860086 1468.28301535
v -1287.18078698 1489.49860096 1470.18609142
v -1284.68212968 1489.49860107 1471.71746338
v -1281.97473217 1489.49860119 1472.83880115
v -1279.12536691 1489.49860131 1473.52288306
v -1276.20373604 1489.49860144 1473.75261926
v -1273.28234933 1489.49860157 1473.52276074
v -1270.43298413 1489.49860169 1472.83880065
v -1267.72534257 1489.49860181 1471.71746264
v -1265.22692956 1489.49860192 1470.1863346
v -1262.99841401 1489.49860202 1468.28289212
v -1261.38952736 1489.49860209 1466.6741274
v -871.94642915 1489.49861911 1077.23099515
v -870.33760354 1489.49861918 1075.62210836
v -868.43452747 1489.49861927 1073.39371472
v -866.9031555 1489.49861933 1070.8951795
v -865.78181773 1489.49861938 1068.18790406
v -865.09773583 1489.49861941 1065.33817258
v -864.86787756 1489.49861942 1062.41678585
v -865.09773608 1489.49861941 1059.49527707
v -865.78181824 1489.49861938 1056.6457898
v -866.90315625 1489.49861933 1053.93839239
v -868.43452843 1489.49861927 1051.4398573
v -870.33760469 1489.49861918 1049.21146382
v -871.94655252 1489.49861911 1047.60245511
v -1261.38956271 1489.49860209 658.15947897
v -1262.9984495 1489.49860202 656.55053128
v -1265.2269652 1489.49860192 654.64721107
v -1267.72537836 1489.49860181 653.11620532
v -1270.43302001 1489.49860169 651.99468444
v -1273.28238527 1489.49860157 651.31078564
v -1276.203772 1489.49860144 651.0808053
v -1279.12540285 1489.49860131 651.31048072
v -1281.97476805 1489.49860119 651.99486805
v -1284.68216547 1489.49860107 653.11620606
v -1287.18082263 1489.49860096 654.6473341
v -1289.4092161 1489.49860086 656.55053244
v -1291.01810275 1489.49860079 658.15929715
v -1680.46120096 1489.49858377 1047.60249045
v -1682.06996553 1489.4985837 1049.21137724
v -1683.97328575 1489.49858362 1051.44001502
v -1685.50453564 1489.49858355 1053.9383061
v -1686.62587341 1489.4985835 1056.64594775
v -1687.30983325 1489.49858347 1059.49519094
v -1687.53969152 1489.49858346 1062.41682181
v -1687.30983299 1489.49858347 1065.33845266
v -1686.62587291 1489.4985835 1068.18757372
v -1685.5045349 1489.49858355 1070.89521528
v -1683.97328479 1489.49858362 1073.39375037
v -1682.06996438 1489.4985837 1075.62214384
v -1291.18237417 1492.45233614 1466.83831328
v -1680.62550642 1492.45231912 1077.39533713
v -1289.55566511 1492.45233621 1468.46514426
v -1287.3024912 1492.45233631 1470.38958264
v -1284.77612394 1492.45233642 1471.93755616
v -1282.03857507 1492.45233654 1473.07158924
v -1279.15771566 1492.45233666 1473.76311744
v -1276.20385823 1492.45233679 1473.99578332
v -1273.25000082 1492.45233692 1473.76336132
v -1270.36865319 1492.45233705 1473.07146666
v -1267.63122648 1492.45233717 1471.93755541
v -1265.1051035 1492.45233728 1470.38958167
v -1262.85192976 1492.45233738 1468.46514309
v -1261.22522085 1492.45233745 1466.83855611
v -871.7820616 1492.45235447 1077.39530178
v -870.15547476 1492.45235454 1075.76871479
v -868.23091431 1492.45235463 1073.51554088
v -866.68281872 1492.45235469 1070.9892957
v -865.5489077 1492.45235474 1068.25162475
v -864.85731847 1492.45235477 1065.37064327
v -864.62489673 1492.45235478 1062.41678584
v -864.85731873 1492.45235477 1059.46292843
v -865.54890821 1492.45235474 1056.58194701
v -866.68281947 1492.45235469 1053.84439824
v -868.23091528 1492.45235463 1051.31803112
v -870.15547592 1492.45235454 1049.06485737
v -871.78224601 1492.45235447 1047.43814846
v -1261.2252562 1492.45233745 657.99511128
v -1262.85196526 1492.45233738 656.36840237
v -1265.10513917 1492.45233728 654.44390296
v -1267.63126228 1492.45233717 652.8960515
v -1270.36868909 1492.45233705 651.76201842
v -1273.25003678 1492.45233692 651.07024609
v -1276.20389421 1492.45233679 650.83764123
v -1279.15775162 1492.45233666 651.07024634
v -1282.03861097 1492.45233654 651.76201893
v -1284.77615975 1492.45233642 652.89593018
v -1287.30252686 1492.45233631 654.44390393
v -1289.55570061 1492.45233621 656.36840354
v -1291.18240952 1492.45233614 657.99511259
v -1680.62550773 1492.45231912 1047.43830588
v -1682.25209458 1492.45231904 1049.06513701
v -1684.17689917 1492.45231896 1051.31806678
v -1685.72462855 1492.45231889 1053.84431197
v -1686.85841749 1492.45231884 1056.58186084
v -1687.55055604 1492.45231881 1059.46308646
v -1687.78309985 1492.4523188 1062.41682182
v -1687.55055578 1492.45231881 1065.37067923
v -1686.85841698 1492.45231884 1068.25166065
v -1685.7246278 1492.45231889 1070.9893315
v -1684.1768982 1492.45231896 1073.51557655
v -1682.25209341 1492.45231904 1075.76862822
v -1680.62550652 1494.75285623 1077.39533713
v -1291.18237427 1494.75287325 1466.83831328
v -1289.55566521 1494.75287332 1468.46514426
v -1287.3024913 1494.75287342 1470.38958264
v -1284.77612404 1494.75287353 1471.93755616
v -1282.03857517 1494.75287365 1473.07158924
v -1279.15771576 1494.75287377 1473.76311744
v -1276.20385833 1494.7528739 1473.99578332
v -1273.25000092 1494.75287403 1473.76336132
v -1270.36865329 1494.75287416 1473.07146666
v -1267.63122658 1494.75287428 1471.93755541
v -1265.1051036 1494.75287439 1470.38958167
v -1262.85192986 1494.75287449 1468.46514309
v -1261.22522095 1494.75287456 1466.83855611
v -871.7820617 1494.75289158 1077.39530178
v -870.15547486 1494.75289165 1075.76871479
v -868.23091441 1494.75289174 1073.51554088
v -866.68281882 1494.7528918 1070.9892957
v -865.5489078 1494.75289185 1068.25162475
v -864.85731857 1494.75289188 1065.37064327
v -864.62489683 1494.75289189 1062.41678584
v -864.85731883 1494.75289188 1059.46292843
v -865.54890831 1494.75289185 1056.58194701
v -866.68281957 1494.7528918 1053.84439824
v -868.23091538 1494.75289174 1051.31803112
v -870.15547602 1494.75289165 1049.06485737
v -871.78224612 1494.75289158 1047.43814846
v -1261.2252563 1494.75287456 657.99511128
v -1262.85196536 1494.75287449 656.36840237
v -1265.10513927 1494.75287439 654.44390296
v -1267.63126238 1494.75287428 652.8960515
v -1270.36868919 1494.75287416 651.76201842
v -1273.25003688 1494.75287403 651.07024609
v -1276.20389431 1494.7528739 650.83764123
v -1279.15775172 1494.75287377 651.07024634
v -1282.03861107 1494.75287365 651.76201893
v -1284.77615985 1494.75287353 652.89593018
v -1287.30252697 1494.75287342 654.44390393
v -1289.55570071 1494.75287332 656.36840354
v -1291.18240962 1494.75287325 657.99511259
v -1680.62550783 1494.75285623 1047.43830588
v -1682.25209468 1494.75285615 1049.06513701
v -1684.17689927 1494.75285607 1051.31806678
v -1685.72462865 1494.752856 1053.84431197
v -1686.85841759 1494.75285595 1056.58186084
v -1687.55055614 1494.75285592 1059.46308646
v -1687.78309995 1494.75285591 1062.41682182
v -1687.55055588 1494.75285592 1065.37067923
v -1686.85841708 1494.75285595 1068.25166065
v -1685.7246279 1494.752856 1070.9893315
v -1684.1768983 1494.75285607 1073.51557655
v -1682.25209351 1494.75285615 1075.76862822
v -1680.62551205 1621.11918923 1077.39533713
v -1291.18237979 1621.11920626 1466.83831328
v -1289.55567074 1621.11920633 1468.46514426
v -1287.30249682 1621.11920643 1470.38958264
v -1284.77612957 1621.11920654 1471.93755616
v -1282.03858069 1621.11920666 1473.07158924
v -1279.15772128 1621.11920678 1473.76311744
v -1276.20386385 1621.11920691 1473.99578332
v -1273.25000644 1621.11920704 1473.76336132
v -1270.36865882 1621.11920717 1473.07146666
v -1267.63123211 1621.11920729 1471.93755541
v -1265.10510913 1621.1192074 1470.38958167
v -1262.85193538 1621.11920749 1468.46514309
v -1261.22522647 1621.11920757 1466.83855611
v -871.78206722 1621.11922459 1077.39530178
v -870.15548038 1621.11922466 1075.76871479
v -868.23091993 1621.11922474 1073.51554088
v -866.68282434 1621.11922481 1070.9892957
v -865.54891333 1621.11922486 1068.25162475
v -864.8573241 1621.11922489 1065.37064327
v -864.62490235 1621.1192249 1062.41678584
v -864.85732436 1621.11922489 1059.46292843
v -865.54891384 1621.11922486 1056.58194701
v -866.68282509 1621.11922481 1053.84439824
v -868.2309209 1621.11922474 1051.31803112
v -870.15548155 1621.11922466 1049.06485737
v -871.78225164 1621.11922459 1047.43814846
v -1261.22526183 1621.11920757 657.99511128
v -1262.85197088 1621.11920749 656.36840237
v -1265.10514479 1621.1192074 654.44390296
v -1267.63126791 1621.11920729 652.8960515
v -1270.36869472 1621.11920717 651.76201842
v -1273.2500424 1621.11920704 651.07024609
v -1276.20389983 1621.11920691 650.83764123
v -1279.15775725 1621.11920678 651.07024634
v -1282.03861659 1621.11920666 651.76201893
v -1284.77616537 1621.11920654 652.89593018
v -1287.30253249 1621.11920643 654.44390393
v -1289.55570623 1621.11920633 656.36840354
v -1291.18241515 1621.11920626 657.99511259
v -1680.62551336 1621.11918923 1047.43830588
v -1682.2521002 1621.11918916 1049.06513701
v -1684.17690479 1621.11918908 1051.31806678
v -1685.72463417 1621.11918901 1053.84431197
v -1686.85842311 1621.11918896 1056.58186084
v -1687.55056166 1621.11918893 1059.46308646
v -1687.78310548 1621.11918892 1062.41682182
v -1687.5505614 1621.11918893 1065.37067923
v -1686.8584226 1621.11918896 1068.25166065
v -1685.72463342 1621.11918901 1070.9893315
v -1684.17690382 1621.11918908 1073.51557655
v -1682.25209903 1621.11918916 1075.76862822
v -1680.62551215 1623.41972634 1077.39533713
v -1291.18237989 1623.41974337 1466.83831328
v -1289.55567084 1623.41974344 1468.46514426
v -1287.30249692 1623.41974353 1470.38958264
v -1284.77612967 1623.41974365 1471.93755616
v -1282.03858079 1623.41974377 1473.07158924
v -1279.15772139 1623.41974389 1473.76311744
v -1276.20386395 1623.41974402 1473.99578332
v -1273.25000654 1623.41974415 1473.76336132
v -1270.36865892 1623.41974428 1473.07146666
v -1267.63123221 1623.41974439 1471.93755541
v -1265.10510923 1623.41974451 1470.38958167
v -1262.85193548 1623.4197446 1468.46514309
v -1261.22522657 1623.41974467 1466.83855611
v -871.78206732 1623.4197617 1077.39530178
v -870.15548048 1623.41976177 1075.76871479
v -868.23092003 1623.41976185 1073.51554088
v -866.68282444 1623.41976192 1070.9892957
v -865.54891343 1623.41976197 1068.25162475
v -864.8573242 1623.419762 1065.37064327
v -864.62490245 1623.41976201 1062.41678584
v -864.85732446 1623.419762 1059.46292843
v -865.54891394 1623.41976197 1056.58194701
v -866.68282519 1623.41976192 1053.84439824
v -868.230921 1623.41976185 1051.31803112
v -870.15548165 1623.41976177 1049.06485737
v -871.78225174 1623.4197617 1047.43814846
v -1261.22526193 1623.41974467 657.99511128
v -1262.85197098 1623.4197446 656.36840237
v -1265.10514489 1623.41974451 654.44390296
v -1267.63126801 1623.41974439 652.8960515
v -1270.36869482 1623.41974428 651.76201842
v -1273.2500425 1623.41974415 651.07024609
v -1276.20389993 1623.41974402 650.83764123
v -1279.15775735 1623.41974389 651.07024634
v -1282.03861669 1623.41974377 651.76201893
v -1284.77616547 1623.41974365 652.89593018
v -1287.30253259 1623.41974353 654.44390393
v -1289.55570633 1623.41974344 656.36840354
v -1291.18241525 1623.41974337 657.99511259
v -1680.62551346 1623.41972634 1047.43830588
v -1682.2521003 1623.41972627 1049.06513701
v -1684.17690489 1623.41972619 1051.31806678
v -1685.72463427 1623.41972612 1053.84431197
v -1686.85842321 1623.41972607 1056.58186084
v -1687.55056176 1623.41972604 1059.46308646
v -1687.78310558 1623.41972603 1062.41682182
v -1687.5505615 1623.41972604 1065.37067923
v -1686.8584227 1623.41972607 1068.25166065
v -1685.72463352 1623.41972612 1070.9893315
v -1684.17690392 1623.41972619 1073.51557655
v -1682.25209913 1623.41972627 1075.76862822
v -1680.46120564 1626.37358377 1077.23115256
v -1291.01807339 1626.37360079 1466.6741287
v -1289.4091866 1626.37360086 1468.28301535
v -1287.18079296 1626.37360096 1470.18609142
v -1284.68213567 1626.37360107 1471.71746338
v -1281.97473816 1626.37360119 1472.83880115
v -1279.12537289 1626.37360131 1473.52288306
v -1276.20374202 1626.37360144 1473.75261926
v -1273.28235531 1626.37360157 1473.52276074
v -1270.43299011 1626.37360169 1472.83880065
v -1267.72534856 1626.37360181 1471.71746264
v -1265.22693554 1626.37360192 1470.1863346
v -1262.99842 1626.37360202 1468.28289212
v -1261.38953335 1626.37360209 1466.6741274
v -871.94643514 1626.37361911 1077.23099515
v -870.33760952 1626.37361918 1075.62210836
v -868.43453345 1626.37361927 1073.39371472
v -866.90316149 1626.37361933 1070.8951795
v -865.78182372 1626.37361938 1068.18790406
v -865.09774181 1626.37361941 1065.33817258
v -864.86788354 1626.37361942 1062.41678585
v -865.09774206 1626.37361941 1059.49527707
v -865.78182422 1626.37361938 1056.6457898
v -866.90316223 1626.37361933 1053.93839239
v -868.43453441 1626.37361927 1051.4398573
v -870.33761068 1626.37361918 1049.21146382
v -871.9465585 1626.37361911 1047.60245511
v -1261.38956869 1626.37360209 658.15947897
v -1262.99845548 1626.37360202 656.55053128
v -1265.22697119 1626.37360192 654.64721107
v -1267.72538434 1626.37360181 653.11620532
v -1270.43302599 1626.37360169 651.99468444
v -1273.28239125 1626.37360157 651.31078564
v -1276.20377798 1626.37360144 651.0808053
v -1279.12540883 1626.37360131 651.31048072
v -1281.97477404 1626.37360119 651.99486805
v -1284.68217145 1626.37360107 653.11620606
v -1287.18082861 1626.37360096 654.6473341
v -1289.40922208 1626.37360086 656.55053244
v -1291.01810873 1626.37360079 658.15929715
v -1680.46120694 1626.37358377 1047.60249045
v -1682.06997152 1626.3735837 1049.21137724
v -1683.97329173 1626.37358362 1051.44001502
v -1685.50454162 1626.37358355 1053.9383061
v -1686.6258794 1626.3735835 1056.64594775
v -1687.30983923 1626.37358347 1059.49519094
v -1687.5396975 1626.37358346 1062.41682181
v -1687.30983898 1626.37358347 1065.33845266
v -1686.62587889 1626.3735835 1068.18757372
v -1685.50454088 1626.37358355 1070.89521528
v -1683.97329077 1626.37358362 1073.39375037
v -1682.06997036 1626.3735837 1075.62214384
v -1679.97194798 1629.25468731 1076.74189472
v -1290.52881572 1629.25470433 1466.18487086
v -1288.97290745 1629.2547044 1467.74065693
v -1286.81836635 1629.25470449 1469.58123301
v -1284.40222859 1629.2547046 1471.06182372
v -1281.78430863 1629.25470471 1472.14617419
v -1279.02881543 1629.25470483 1472.80755103
v -1276.20374218 1629.25470496 1473.03008508
v -1273.37879102 1629.25470508 1472.80755078
v -1270.62354202 1629.2547052 1472.1461737
v -1268.00525594 1629.25470532 1471.06145679
v -1265.58911831 1629.25470542 1469.58111001
v -1263.4344553 1629.25470552 1467.74077788
v -1261.87866924 1629.25470558 1466.18511375
v -872.4356931 1629.25472261 1076.74185942
v -870.879846 1629.25472267 1075.18607322
v -869.03945302 1629.25472276 1073.03141006
v -867.55886231 1629.25472282 1070.61515023
v -866.4744508 1629.25472287 1067.99710819
v -865.81301294 1629.2547229 1065.24173706
v -865.59072302 1629.25472291 1062.41678588
v -865.81301318 1629.2547229 1059.59171265
v -866.47445129 1629.25472287 1056.83658573
v -867.55880199 1629.25472282 1054.21854378
v -869.03945395 1629.25472276 1051.80216201
v -870.87984711 1629.25472267 1049.647499
v -872.43569435 1629.25472261 1048.09159087
v -1261.87870454 1629.25470558 658.64855369
v -1263.43449074 1629.25470552 657.09282866
v -1265.5891539 1629.25470542 655.25249673
v -1268.00529166 1629.25470532 653.77196705
v -1270.62357784 1629.2547052 652.68743347
v -1273.3788269 1629.25470508 652.02587353
v -1276.20377808 1629.25470496 651.80352258
v -1279.02885131 1629.25470483 652.02587378
v -1281.78434444 1629.25470471 652.68743396
v -1284.40226432 1629.2547046 653.77172362
v -1286.81840195 1629.25470449 655.25237558
v -1288.97294289 1629.2547044 657.09282978
v -1290.52885102 1629.25470433 658.64855495
v -1679.97194923 1629.25468731 1048.09174824
v -1681.5277353 1629.25468724 1049.64753444
v -1683.3681893 1629.25468716 1051.80219761
v -1684.84865795 1629.2546871 1054.2182133
v -1685.93337463 1629.25468705 1056.83637741
v -1686.59462939 1629.25468702 1059.59174853
v -1686.81716345 1629.25468701 1062.41682178
v -1686.59462915 1629.25468702 1065.24177294
v -1685.93337414 1629.25468705 1067.99714401
v -1684.84865723 1629.2546871 1070.61543009
v -1683.36818838 1629.25468716 1073.03144565
v -1681.52773418 1629.25468724 1075.18610866
v -1679.17019032 1631.99186996 1075.94013688
v -1289.72718013 1631.99188698 1465.38311302
v -1288.258308 1631.99188705 1466.85174088
v -1286.22425031 1631.99188714 1468.58916755
v -1283.94336646 1631.99188724 1469.98711667
v -1281.47193086 1631.99188734 1471.0107982
v -1278.87061248 1631.99188746 1471.63518774
v -1276.20374235 1631.99188757 1471.84514856
v -1273.53687224 1631.99188769 1471.63506543
v -1270.93567598 1631.99188781 1471.01067567
v -1268.46436255 1631.99188791 1469.98711599
v -1266.18323468 1631.99188801 1468.58916667
v -1264.14905507 1631.9918881 1466.8518619
v -1262.6804272 1631.99188817 1465.3832339
v -873.23732899 1631.99190519 1075.94010165
v -871.76870113 1631.99190525 1074.47147365
v -870.03139653 1631.99190533 1072.43729389
v -868.63369155 1631.99190539 1070.15628797
v -867.60988795 1631.99190543 1067.68473031
v -866.98543738 1631.99190546 1065.08353399
v -866.77565966 1631.99190547 1062.41678593
v -866.98543761 1631.99190546 1059.74991583
v -867.60988841 1631.99190543 1057.14871957
v -868.63369223 1631.99190539 1054.67728406
v -870.03139741 1631.99190533 1052.39627826
v -871.76870218 1631.99190525 1050.36209865
v -873.23745225 1631.99190519 1048.89334872
v -1262.68046243 1631.99188817 659.45037258
v -1264.14909043 1631.9918881 657.98174471
v -1266.18327019 1631.99188801 656.24437908
v -1268.46439818 1631.99188791 654.84655203
v -1270.93558963 1631.99188781 653.8228705
v -1273.53690802 1631.99188769 653.19841993
v -1276.20377815 1631.99188757 652.9884591
v -1278.87064825 1631.99188746 653.19842016
v -1281.47196659 1631.99188734 653.82287096
v -1283.94328002 1631.99188724 654.84643063
v -1286.22428582 1631.99188714 656.24437995
v -1288.25834336 1631.99188705 657.98174576
v -1289.72697122 1631.99188698 659.45037376
v -1679.1701915 1631.99186996 1048.89362809
v -1680.63894144 1631.9918699 1050.36225608
v -1682.37636811 1631.99186982 1052.39631377
v -1683.77419516 1631.99186976 1054.67731969
v -1684.79787669 1631.99186971 1057.14875529
v -1685.42214415 1631.99186969 1059.7499516
v -1685.63210498 1631.99186968 1062.41682173
v -1685.42214392 1631.99186969 1065.08356977
v -1684.79787623 1631.99186971 1067.68501017
v -1683.77419448 1631.99186976 1070.15644567
v -1682.37636723 1631.99186982 1072.4373294
v -1680.63894039 1631.9918699 1074.47150901
v -1678.07546392 1634.51860341 1074.84553234
v -1288.63245373 1634.51862043 1464.28863055
v -1287.28260016 1634.51862049 1465.63836193
v -1285.41321532 1634.51862057 1467.23504154
v -1283.31665765 1634.51862066 1468.51958735
v -1281.04541737 1634.51862076 1469.46038314
v -1278.65467028 1634.51862087 1470.03423558
v -1276.20374253 1634.51862097 1470.22735071
v -1273.75281481 1634.51862108 1470.03435744
v -1271.36218983 1634.51862118 1469.46038272
v -1269.0907055 1634.51862128 1468.51958672
v -1266.99439208 1634.51862138 1467.23491866
v -1265.12500738 1634.51862146 1465.63836096
v -1263.77515393 1634.51862152 1464.28862946
v -874.33217778 1634.51863854 1074.84537513
v -872.98232433 1634.5186386 1073.49552156
v -871.38570576 1634.51863867 1071.62613672
v -870.10091581 1634.51863872 1069.52982319
v -869.16018105 1634.51863877 1067.25833877
v -868.58620654 1634.51863879 1064.86783582
v -868.39345762 1634.5186388 1062.41678601
v -868.58620676 1634.51863879 1059.96585828
v -869.16018147 1634.51863877 1057.57511123
v -870.10091643 1634.51863872 1055.30374897
v -871.38570656 1634.51863867 1053.20731348
v -872.9823253 1634.5186386 1051.33792878
v -874.33217887 1634.51863854 1049.98807533
v -1263.77518906 1634.51862152 660.54509919
v -1265.12504263 1634.51862146 659.19524573
v -1266.99442747 1634.51862138 657.59874923
v -1269.090741 1634.51862128 656.31383721
v -1271.36222542 1634.51862118 655.37310245
v -1273.75285044 1634.51862108 654.79912794
v -1276.20377818 1634.51862097 654.60631799
v -1278.65458384 1634.51862087 654.79925023
v -1281.04533089 1634.51862076 655.37310287
v -1283.31669315 1634.51862066 656.31402094
v -1285.41325071 1634.51862057 657.59844486
v -1287.28263541 1634.51862049 659.1952467
v -1288.63248886 1634.51862043 660.54510027
v -1678.075465 1634.51860341 1049.98811046
v -1679.42531846 1634.51860335 1051.33796404
v -1681.02212014 1634.51860328 1053.2072268
v -1682.30654387 1634.51860322 1055.30378447
v -1683.24758381 1634.51860318 1057.57514682
v -1683.82131418 1634.51860316 1059.96601598
v -1684.01430723 1634.51860315 1062.41682166
v -1683.82131396 1634.51860316 1064.86774938
v -1683.24758339 1634.51860318 1067.25837436
v -1682.30654325 1634.51860322 1069.52985869
v -1681.02211933 1634.51860328 1071.62629418
v -1679.42531749 1634.51860335 1073.49580095
v -1287.27173611 1636.77167225 1462.92791271
v -1676.71486837 1636.77165522 1073.4848145
v -1286.06983177 1636.7716723 1464.12993903
v -1284.40479264 1636.77167237 1465.55169189
v -1282.53809337 1636.77167245 1466.69573477
v -1280.51514412 1636.77167254 1467.53350324
v -1278.38635991 1636.77167264 1468.04473361
v -1276.20374272 1636.77167273 1468.21648645
v -1274.02124761 1636.77167283 1468.04461135
v -1271.89221931 1636.77167292 1467.53362493
v -1269.8693922 1636.77167301 1466.69573422
v -1268.0028151 1636.77167309 1465.55169117
v -1266.33802024 1636.77167316 1464.1298161
v -1265.13587186 1636.77167321 1462.92778968
v -875.69277365 1636.77169024 1073.48453535
v -874.49074733 1636.77169029 1072.28250893
v -873.06881137 1636.77169035 1070.61783601
v -871.92501262 1636.7716904 1068.75101468
v -871.08712209 1636.77169044 1066.72830956
v -870.57595274 1636.77169046 1064.59940329
v -870.40419991 1636.77169047 1062.41678609
v -870.57595294 1636.77169046 1060.23416891
v -871.08712246 1636.77169044 1058.10526269
v -871.92501318 1636.7716904 1056.08255764
v -873.06881209 1636.77169035 1054.21573641
v -874.49074819 1636.77169029 1052.55094155
v -875.69277461 1636.77169024 1051.34891523
v -1265.13590687 1636.77167321 661.90569495
v -1266.33805536 1636.77167316 660.7037907
v -1268.00285034 1636.77167309 659.28191578
v -1269.86942754 1636.77167301 658.13787289
v -1271.89225473 1636.77167292 657.29998235
v -1274.02128307 1636.77167283 656.78899612
v -1276.2037782 1636.77167273 656.61712121
v -1278.38639538 1636.77167264 656.7888132
v -1280.51517953 1636.77167254 657.29998273
v -1282.53812871 1636.77167245 658.13787344
v -1284.40482788 1636.77167237 659.28191649
v -1286.06986688 1636.7716723 660.7036695
v -1287.27177113 1636.77167225 661.90569592
v -1676.71486934 1636.77165522 1051.3487061
v -1677.91689565 1636.77165517 1052.55073252
v -1679.33864851 1636.77165511 1054.21577165
v -1680.48293554 1636.77165506 1056.08247092
v -1681.32082608 1636.77165502 1058.1052981
v -1681.83181231 1636.771655 1060.23420437
v -1682.00356514 1636.77165499 1062.41682157
v -1681.83181212 1636.771655 1064.59943875
v -1681.3208257 1636.77165502 1066.72834498
v -1680.48293499 1636.77165506 1068.75105002
v -1679.33864779 1636.77165511 1070.61787126
v -1677.91689479 1636.77165517 1072.28291026
v -1675.12172888 1638.69584963 1071.89167478
v -1285.67871869 1638.69586665 1461.33465093
v -1284.64966591 1638.6958667 1462.36358154
v -1283.22425082 1638.69586676 1463.58086664
v -1281.62622831 1638.69586683 1464.56011462
v -1279.89478297 1638.69586691 1465.2773997
v -1278.07227319 1638.69586699 1465.71502169
v -1276.20374291 1638.69586707 1465.86199426
v -1274.33533471 1638.69586715 1465.71502152
v -1272.51282496 1638.69586723 1465.27739937
v -1270.78137968 1638.6958673 1464.56023621
v -1269.18311312 1638.69586737 1463.58086602
v -1267.75818642 1638.69586744 1462.36358081
v -1266.72913373 1638.69586748 1461.33452803
v -877.28597448 1638.6958845 1071.89151784
v -876.25704386 1638.69588455 1070.86246506
v -875.03969773 1638.6958846 1069.43729411
v -874.06044976 1638.69588465 1067.83914953
v -873.34310364 1638.69588468 1066.10758212
v -872.90578683 1638.6958847 1064.28531648
v -872.75863115 1638.6958847 1062.4167862
v -872.90554285 1638.6958847 1060.54825593
v -873.34310396 1638.69588468 1058.72586825
v -874.06045023 1638.69588465 1056.9943009
v -875.03969835 1638.6958846 1055.39627848
v -876.2570446 1638.69588455 1053.97098557
v -877.28609738 1638.6958845 1052.94217702
v -1266.7291686 1638.69586748 663.4988957
v -1267.75822138 1638.69586744 662.46996508
v -1269.18314819 1638.69586737 661.25280206
v -1270.78141484 1638.6958673 660.27337098
v -1272.51286018 1638.69586723 659.55620797
v -1274.33536997 1638.69586715 659.11852494
v -1276.20377818 1638.69586707 658.97149133
v -1278.07230844 1638.69586699 659.11864717
v -1279.89469612 1638.69586691 659.55608622
v -1281.62626347 1638.69586683 660.27337145
v -1283.22428589 1638.69586676 661.25280267
v -1284.64970088 1638.6958667 662.46984375
v -1285.67863149 1638.69586665 663.49871343
v -1675.12172971 1638.69584963 1052.94196775
v -1676.15090447 1638.69584958 1053.97102053
v -1677.36782335 1638.69584953 1055.39619148
v -1678.3471934 1638.69584949 1056.99445813
v -1679.06435641 1638.69584946 1058.72590347
v -1679.5019784 1638.69584944 1060.54841326
v -1679.64895097 1638.69584943 1062.41682147
v -1679.50197823 1638.69584944 1064.28522966
v -1679.06435608 1638.69584946 1066.10773941
v -1678.34719292 1638.69584949 1067.83918469
v -1677.36782273 1638.69584953 1069.43745125
v -1676.15090373 1638.69584958 1070.8626221
v -1673.33523 1640.24382334 1070.10517568
v -1283.89221981 1640.24384036 1459.54815182
v -1283.05713677 1640.2438404 1460.3832348
v -1281.90076465 1640.24384045 1461.37114978
v -1280.60401169 1640.24384051 1462.16582746
v -1279.19873823 1640.24384057 1462.74749244
v -1277.71997845 1640.24384063 1463.10271698
v -1276.20374309 1640.2438407 1463.22197961
v -1274.68762981 1640.24384077 1463.10247271
v -1273.20887006 1640.24384083 1462.74773632
v -1271.80359665 1640.24384089 1462.16558294
v -1270.50696583 1640.24384095 1461.37078307
v -1269.35022759 1640.243841 1460.3832342
v -1268.51538876 1640.24384104 1459.54839529
v -879.07229055 1640.24385806 1070.10526303
v -878.23726861 1640.2438581 1069.27017999
v -877.2496588 1640.24385814 1068.11356374
v -876.45498112 1640.24385817 1066.81693284
v -875.87301097 1640.2438582 1065.41190352
v -875.51784746 1640.24385821 1063.9328996
v -875.39858483 1640.24385822 1062.41678631
v -875.51784759 1640.24385821 1060.90067304
v -875.87301123 1640.2438582 1059.42179122
v -876.4549815 1640.24385817 1058.01676194
v -877.2496593 1640.24385814 1056.72000905
v -878.23726921 1640.2438581 1055.56339288
v -879.07229122 1640.24385806 1054.72830991
v -1268.51542348 1640.24384104 665.28515066
v -1269.35026238 1640.243841 664.4502508
v -1270.5070007 1640.24384095 663.46264098
v -1271.8036316 1640.24384089 662.66796331
v -1273.20890506 1640.24384083 662.08574901
v -1274.68754277 1640.24384077 661.73089068
v -1276.20377813 1640.2438407 661.61144494
v -1277.7198914 1640.24384063 661.73082978
v -1279.19877323 1640.24384057 662.08599342
v -1280.60404664 1640.24384051 662.66778059
v -1281.90079953 1640.24384045 663.46239734
v -1283.05717156 1640.2438404 664.4502514
v -1283.89225453 1640.24384036 665.28533444
v -1673.33523067 1640.24382334 1054.72858877
v -1674.17019157 1640.2438233 1055.56367181
v -1675.15810656 1640.24382326 1056.71979979
v -1675.9525401 1640.24382323 1058.01655275
v -1676.53481543 1640.2438232 1059.42207035
v -1676.88979583 1640.24382319 1060.90070806
v -1677.00918053 1640.24382318 1062.41682135
v -1676.8897957 1640.24382319 1063.93293463
v -1676.53481517 1640.2438232 1065.41169438
v -1675.95253971 1640.24382323 1066.81721193
v -1675.15810606 1640.24382326 1068.11384275
v -1674.17019097 1640.2438233 1069.27009271
v -1281.95642893 1641.37775158 1457.61236072
v -1671.39968326 1641.37773456 1068.16938458
v -1281.33155097 1641.37775161 1458.2373607
v -1280.46631657 1641.37775165 1458.97637433
v -1279.49597963 1641.37775169 1459.57085671
v -1278.44483215 1641.37775173 1460.00652561
v -1277.33826475 1641.37775178 1460.27215056
v -1276.20374326 1641.37775183 1460.36138391
v -1275.06946592 1641.37775188 1460.27215046
v -1273.96265441 1641.37775193 1460.00652541
v -1272.91150697 1641.37775198 1459.57122263
v -1271.94104801 1641.37775202 1458.97637396
v -1271.0756916 1641.37775206 1458.23736025
v -1270.45117991 1641.37775208 1457.61260436
v -881.00795963 1641.37776911 1068.16959417
v -880.38320379 1641.37776913 1067.54483829
v -879.64406809 1641.37776917 1066.67948181
v -879.04958571 1641.37776919 1065.70914487
v -878.61403888 1641.37776921 1064.65787532
v -878.34835289 1641.37776922 1063.55118585
v -878.25918058 1641.37776923 1062.41678644
v -878.3485361 1641.37776922 1061.28226496
v -878.61403908 1641.37776921 1060.17581966
v -879.049586 1641.37776919 1059.124306
v -879.64406846 1641.37776917 1058.15421326
v -880.38320424 1641.37776913 1057.28885684
v -881.00796013 1641.37776911 1056.66410101
v -1270.45121446 1641.37775208 667.22088073
v -1271.0757262 1641.37775206 666.596308
v -1271.94108268 1641.37775202 665.85711126
v -1272.91154169 1641.37775198 665.26232371
v -1273.96268917 1641.37775193 664.82714309
v -1275.06950071 1641.37775188 664.56133503
v -1276.20377805 1641.37775183 664.47216272
v -1277.33829953 1641.37775178 664.56133513
v -1278.44486691 1641.37775173 664.82696018
v -1279.49601435 1641.37775169 665.26275124
v -1280.46635124 1641.37775165 665.85711164
v -1281.33158558 1641.37775161 666.59630845
v -1281.95646348 1641.37775158 667.2210033
v -1671.39968376 1641.37773456 1056.66425763
v -1672.02419545 1641.37773453 1057.28901352
v -1672.76345323 1641.3777345 1058.15412585
v -1673.35817975 1641.37773447 1059.124829
v -1673.79360451 1641.37773445 1060.17573234
v -1674.05910739 1641.37773444 1061.28242181
v -1674.14858488 1641.37773444 1062.41682123
v -1674.05910729 1641.37773444 1063.55122064
v -1673.79360431 1641.37773445 1064.65791008
v -1673.35817946 1641.37773447 1065.70893545
v -1672.76345286 1641.3777345 1066.67951648
v -1672.024195 1641.37773453 1067.54475082
v -1669.36269607 1642.06950711 1066.13227512
v -1279.91931968 1642.06952413 1455.57537333
v -1279.5157552 1642.06952415 1455.97905984
v -1278.95703936 1642.06952417 1456.45635473
v -1278.33008622 1642.0695242 1456.84014377
v -1277.65113113 1642.06952423 1457.12139374
v -1276.93628737 1642.06952426 1457.2929025
v -1276.20374343 1642.06952429 1457.35064172
v -1275.47107741 1642.06952433 1457.29290243
v -1274.75647781 1642.06952436 1457.12127154
v -1274.0772786 1642.06952439 1456.84014358
v -1273.45081378 1642.06952441 1456.45611035
v -1272.89185384 1642.06952444 1455.97881541
v -1272.4882894 1642.06952446 1455.57537301
v -883.04519119 1642.06954148 1066.13224075
v -882.64174883 1642.0695415 1065.72867628
v -882.16451496 1642.06954152 1065.16983837
v -881.78035972 1642.06954153 1064.54312936
v -881.49910975 1642.06954155 1063.8640522
v -881.32766202 1642.06954155 1063.14945259
v -881.26998383 1642.06954156 1062.41678657
v -881.32766209 1642.06954155 1061.68424263
v -881.49910987 1642.06954155 1060.96952095
v -881.7803599 1642.06954153 1060.29032175
v -882.1645152 1642.06954152 1059.66373485
v -882.64174912 1642.0695415 1059.10477491
v -883.04531359 1642.06954148 1058.70121047
v -1272.48832377 1642.06952446 669.25823433
v -1272.89188824 1642.06952444 668.85473093
v -1273.45084823 1642.06952441 668.37743604
v -1274.07731309 1642.06952439 667.99346389
v -1274.75651232 1642.06952436 667.71215289
v -1275.47111193 1642.06952433 667.54070517
v -1276.20377795 1642.06952429 667.48284387
v -1276.93632189 1642.06952426 667.54058316
v -1277.65116564 1642.06952423 667.71215302
v -1278.3301207 1642.0695242 667.99346408
v -1278.95707381 1642.06952417 668.37725317
v -1279.51578961 1642.06952415 668.85454812
v -1279.91923198 1642.06952413 669.25805155
v -1669.3626964 1642.06950711 1058.70124485
v -1669.76589462 1642.06950709 1059.10480932
v -1670.24343366 1642.06950707 1059.66364723
v -1670.62710063 1642.06950705 1060.29035623
v -1670.90859474 1642.06950704 1060.96943339
v -1671.08010349 1642.06950703 1061.68415508
v -1671.13759858 1642.06950703 1062.41682109
v -1671.08010343 1642.06950703 1063.14948711
v -1670.90859461 1642.06950704 1063.86420878
v -1670.62710044 1642.06950705 1064.54328592
v -1670.24343342 1642.06950707 1065.17011695
v -1669.76589433 1642.06950709 1065.72883275
v -1667.27358485 1642.30192907 1064.04352991
v -1277.83057466 1642.3019461 1453.48662812
v -1277.65381684 1642.30194611 1453.66326386
v -1277.40906585 1642.30194612 1453.87224822
v -1277.13477385 1642.30194613 1454.04033903
v -1276.83741057 1642.30194614 1454.16363003
v -1276.52466642 1642.30194615 1454.23870326
v -1276.20374357 1642.30194617 1454.2639718
v -1275.88306486 1642.30194618 1454.23870323
v -1275.57007658 1642.3019462 1454.16362998
v -1275.27271331 1642.30194621 1454.04033895
v -1274.99854339 1642.30194622 1453.87224811
v -1274.7539145 1642.30194623 1453.66314166
v -1274.57715669 1642.30194624 1453.48650591
v -885.13405848 1642.30196326 1064.04349572
v -884.95742275 1642.30196327 1063.86661583
v -884.74831631 1642.30196328 1063.62223106
v -884.58016447 1642.30196329 1063.34781699
v -884.45705657 1642.30196329 1063.0504537
v -884.38186127 1642.3019633 1062.73770956
v -884.35659273 1642.3019633 1062.4167867
v -884.3818613 1642.3019633 1062.09586385
v -884.45705663 1642.30196329 1061.78311972
v -884.58016455 1642.30196329 1061.48587851
v -884.74831642 1642.30196328 1061.21146445
v -884.95723977 1642.30196327 1060.96683556
v -885.13405862 1642.30196326 1060.78995568
v -1274.57706881 1642.30194624 671.34697954
v -1274.75370456 1642.30194623 671.17028277
v -1274.99833347 1642.30194622 670.96123737
v -1275.27274754 1642.30194621 670.7932076
v -1275.57011083 1642.3019462 670.66997763
v -1275.88309912 1642.30194618 670.59478233
v -1276.20377783 1642.30194617 670.56963586
v -1276.52470068 1642.30194615 670.59478236
v -1276.83744482 1642.30194614 670.66997769
v -1277.13480809 1642.30194613 670.79308561
v -1277.40910008 1642.30194612 670.96123748
v -1277.65385104 1642.30194611 671.17016083
v -1277.83060885 1642.3019461 671.34697968
v -1667.27358499 1642.30192907 1060.78998987
v -1667.45022072 1642.30192907 1060.96674769
v -1667.65920509 1642.30192906 1061.21149868
v -1667.82741797 1642.30192905 1061.48579068
v -1667.95070897 1642.30192904 1061.78315396
v -1668.0257822 1642.30192904 1062.09602018
v -1668.05092867 1642.30192904 1062.41682096
v -1668.02578217 1642.30192904 1062.73774381
v -1667.95070891 1642.30192904 1063.05048795
v -1667.82741789 1642.30192905 1063.34785122
v -1667.65920498 1642.30192906 1063.62226528
v -1667.4502206 1642.30192907 1063.86701625
v -1665.646998 1642.30192915 1062.41682085
v -1276.20374368 1642.30194617 1451.85991907
v -886.76076754 1642.30196319 1062.41678681
v -1276.20377772 1642.30194617 672.9736886
vn 0 0 -1
vn -0.03123 0.03123 -0.99902
vn -0.03123 0.03123 -0.99902
vn -0.04072 0.03896 -0.99841
vn -0.04459 0.03535 -0.99838
vn -0.04894 0.02757 -0.99842
vn -0.05214 0.0194 -0.99845
vn -0.05421 0.01093 -0.99847
vn -0.06072 0 -0.99815
vn -0.05421 -0.01094 -0.99847
vn -0.05215 -0.01939 -0.99845
vn -0.04893 -0.02758 -0.99842
vn -0.04459 -0.03535 -0.99838
vn -0.04072 -0.03896 -0.99841
vn -0.02174 -0.02174 -0.99953
vn -0.03996 -0.03996 -0.9984
vn -0.03896 -0.04072 -0.99841
vn -0.03535 -0.04459 -0.99838
vn -0.02757 -0.04894 -0.99842
vn -0.0194 -0.05215 -0.99845
vn -0.01093 -0.05421 -0.99847
vn 0 -0.06072 -0.99815
vn 0.01093 -0.05421 -0.99847
vn 0.0194 -0.05215 -0.99845
vn 0.02758 -0.04893 -0.99842
vn 0.03534 -0.0446 -0.99838
vn 0.03896 -0.04072 -0.99841
vn 0.02174 -0.02174 -0.99953
vn 0.03996 -0.03996 -0.9984
vn 0.04072 -0.03896 -0.99841
vn 0.04459 -0.03534 -0.99838
vn 0.04894 -0.02757 -0.99842
vn 0.05214 -0.0194 -0.99845
vn 0.05421 -0.01093 -0.99847
vn 0.06072 -0 -0.99815
vn 0.05421 0.01093 -0.99847
vn 0.05215 0.0194 -0.99845
vn 0.04894 0.02756 -0.99842
vn 0.04459 0.03535 -0.99838
vn 0.04072 0.03896 -0.99841
vn 0.03123 0.03123 -0.99902
vn 0.03123 0.03123 -0.99902
vn 0.03895 0.04072 -0.99841
vn 0.03536 0.04458 -0.99838
vn 0.02756 0.04894 -0.99842
vn 0.01941 0.05214 -0.99845
vn 0.01093 0.05421 -0.99847
vn 0 0.06072 -0.99815
vn -0.01093 0.05421 -0.99847
vn -0.01941 0.05214 -0.99845
vn -0.02756 0.04894 -0.99842
vn -0.03536 0.04458 -0.99838
vn -0.03895 0.04072 -0.99841
vn -0.09227 0.09227 -0.99145
vn -0.12891 0.12891 -0.98324
vn -0.12198 0.1146 -0.98589
vn -0.13384 0.10249 -0.98569
vn -0.14642 0.0793 -0.98604
vn -0.15562 0.05494 -0.98629
vn -0.16139 0.02976 -0.98644
vn -0.18238 0 -0.98323
vn -0.16139 -0.02977 -0.98644
vn -0.15561 -0.05492 -0.98629
vn -0.14641 -0.07932 -0.98604
vn -0.13384 -0.1025 -0.98569
vn -0.12198 -0.11457 -0.9859
vn -0.11062 -0.11062 -0.98769
vn -0.11062 -0.11062 -0.98769
vn -0.11458 -0.12198 -0.9859
vn -0.1025 -0.13383 -0.98569
vn -0.07931 -0.14641 -0.98604
vn -0.05494 -0.15562 -0.98629
vn -0.02975 -0.16139 -0.98644
vn 1E-05 -0.18238 -0.98323
vn 0.02975 -0.16139 -0.98644
vn 0.05493 -0.15562 -0.98629
vn 0.07931 -0.14641 -0.98604
vn 0.1025 -0.13383 -0.98569
vn 0.11458 -0.12199 -0.9859
vn 0.09227 -0.09227 -0.99145
vn 0.1289 -0.1289 -0.98324
vn 0.12198 -0.11458 -0.9859
vn 0.13384 -0.1025 -0.98569
vn 0.14641 -0.07932 -0.98604
vn 0.15561 -0.05493 -0.98629
vn 0.16139 -0.02977 -0.98644
vn 0.18238 -1E-05 -0.98323
vn 0.16139 0.02976 -0.98644
vn 0.15561 0.05496 -0.98629
vn 0.14643 0.07929 -0.98604
vn 0.13384 0.1025 -0.98569
vn 0.12199 0.11459 -0.98589
vn 0.09226 0.09226 -0.99145
vn 0.12891 0.12891 -0.98324
vn 0.11457 0.12199 -0.9859
vn 0.1025 0.13383 -0.98569
vn 0.0793 0.14643 -0.98604
vn 0.05495 0.1556 -0.98629
vn 0.02974 0.1614 -0.98644
vn 0 0.18238 -0.98323
vn -0.02974 0.16139 -0.98644
vn -0.05495 0.1556 -0.98629
vn -0.07931 0.14643 -0.98604
vn -0.1025 0.13384 -0.98569
vn -0.11458 0.12199 -0.9859
vn -0.21853 0.21853 -0.95105
vn -0.21852 0.21852 -0.95105
vn -0.22976 0.21352 -0.94954
vn -0.25084 0.18805 -0.94959
vn -0.27405 0.14485 -0.95074
vn -0.29093 0.09937 -0.95157
vn -0.30137 0.05238 -0.95207
vn -0.32584 -1E-05 -0.94542
vn -0.30137 -0.05236 -0.95207
vn -0.29094 -0.09936 -0.95157
vn -0.27406 -0.14486 -0.95074
vn -0.25085 -0.18805 -0.94959
vn -0.22976 -0.21349 -0.94954
vn -0.2185 -0.2185 -0.95106
vn -0.21852 -0.21852 -0.95105
vn -0.2135 -0.22976 -0.94954
vn -0.18804 -0.25085 -0.94959
vn -0.14485 -0.27406 -0.95074
vn -0.09937 -0.29094 -0.95157
vn -0.05237 -0.30137 -0.95207
vn 1E-05 -0.32583 -0.94543
vn 0.05237 -0.30137 -0.95207
vn 0.09936 -0.29094 -0.95157
vn 0.14485 -0.27407 -0.95074
vn 0.18805 -0.25084 -0.94959
vn 0.2135 -0.22976 -0.94954
vn 0.20084 -0.20084 -0.95881
vn 0.23603 -0.23603 -0.94264
vn 0.22975 -0.2135 -0.94954
vn 0.25084 -0.18805 -0.94959
vn 0.27406 -0.14485 -0.95074
vn 0.29094 -0.09936 -0.95157
vn 0.30136 -0.05237 -0.95207
vn 0.32584 -0 -0.94543
vn 0.30137 0.05237 -0.95207
vn 0.29093 0.09938 -0.95157
vn 0.27404 0.14486 -0.95075
vn 0.25084 0.18805 -0.94959
vn 0.22976 0.21351 -0.94954
vn 0.21853 0.21853 -0.95105
vn 0.21852 0.21852 -0.95105
vn 0.21352 0.22976 -0.94954
vn 0.18807 0.25083 -0.94959
vn 0.14485 0.27406 -0.95074
vn 0.09937 0.29094 -0.95157
vn 0.05237 0.30136 -0.95207
vn 0 0.32582 -0.94543
vn -0.05236 0.30136 -0.95207
vn -0.09937 0.29094 -0.95157
vn -0.14485 0.27405 -0.95074
vn -0.18807 0.25083 -0.94959
vn -0.21351 0.22976 -0.94954
vn -0.32096 0.32096 -0.89105
vn -0.32094 0.32094 -0.89107
vn -0.33433 0.3092 -0.89029
vn -0.36467 0.27073 -0.89091
vn -0.3986 0.20825 -0.89317
vn -0.4232 0.14231 -0.89479
vn -0.43829 0.07405 -0.89578
vn -0.46431 -2E-05 -0.88567
vn -0.4383 -0.07403 -0.89578
vn -0.42319 -0.1423 -0.89479
vn -0.39859 -0.20828 -0.89317
vn -0.36469 -0.27073 -0.8909
vn -0.3344 -0.30918 -0.89027
vn -0.30437 -0.30437 -0.90261
vn -0.33735 -0.33735 -0.87885
vn -0.30919 -0.33439 -0.89027
vn -0.27073 -0.3647 -0.8909
vn -0.20828 -0.39859 -0.89317
vn -0.14233 -0.42319 -0.89479
vn -0.07403 -0.4383 -0.89577
vn -1E-05 -0.46432 -0.88567
vn 0.07405 -0.43828 -0.89578
vn 0.14233 -0.42318 -0.8948
vn 0.20827 -0.39859 -0.89317
vn 0.27073 -0.3647 -0.8909
vn 0.3092 -0.33438 -0.89028
vn 0.30437 -0.30437 -0.90262
vn 0.33735 -0.33735 -0.87886
vn 0.33439 -0.30919 -0.89027
vn 0.3647 -0.27073 -0.8909
vn 0.39859 -0.20829 -0.89317
vn 0.42319 -0.14232 -0.89479
vn 0.4383 -0.07405 -0.89578
vn 0.46431 -0 -0.88567
vn 0.43829 0.07405 -0.89578
vn 0.4232 0.14231 -0.89479
vn 0.3986 0.20826 -0.89317
vn 0.36469 0.27071 -0.89091
vn 0.33433 0.3092 -0.89029
vn 0.33733 0.33733 -0.87888
vn 0.30436 0.30436 -0.90262
vn 0.30922 0.33431 -0.89029
vn 0.27072 0.36468 -0.89091
vn 0.20827 0.3986 -0.89316
vn 0.14233 0.42319 -0.89479
vn 0.07405 0.4383 -0.89577
vn 0 0.46433 -0.88566
vn -0.07405 0.4383 -0.89577
vn -0.14232 0.42319 -0.89479
vn -0.20827 0.3986 -0.89316
vn -0.27072 0.36468 -0.89091
vn -0.30921 0.33432 -0.89029
vn -0.40045 0.40045 -0.82419
vn -0.4304 0.4304 -0.79342
vn -0.43189 0.39824 -0.80924
vn -0.47127 0.34778 -0.81052
vn -0.51562 0.26759 -0.81396
vn -0.54784 0.18255 -0.81642
vn -0.56757 0.09426 -0.81791
vn -0.59409 -1E-05 -0.8044
vn -0.56757 -0.09425 -0.81792
vn -0.54784 -0.18253 -0.81643
vn -0.51561 -0.2676 -0.81396
vn -0.47123 -0.34781 -0.81054
vn -0.43189 -0.39825 -0.80924
vn -0.40047 -0.40047 -0.82417
vn -0.4304 -0.4304 -0.79342
vn -0.39824 -0.4319 -0.80924
vn -0.3478 -0.47124 -0.81054
vn -0.26759 -0.51563 -0.81395
vn -0.18255 -0.54785 -0.81642
vn -0.09425 -0.56758 -0.81791
vn -2E-05 -0.59409 -0.8044
vn 0.09424 -0.56758 -0.8179
vn 0.18256 -0.54784 -0.81642
vn 0.26759 -0.51562 -0.81396
vn 0.3478 -0.47124 -0.81054
vn 0.39825 -0.43188 -0.80924
vn 0.41558 -0.41558 -0.80906
vn 0.41556 -0.41556 -0.80909
vn 0.4319 -0.39824 -0.80924
vn 0.47124 -0.34781 -0.81053
vn 0.51561 -0.26761 -0.81396
vn 0.54784 -0.18255 -0.81642
vn 0.56758 -0.09426 -0.81791
vn 0.5941 1E-05 -0.80439
vn 0.56758 0.09425 -0.81791
vn 0.54784 0.18254 -0.81642
vn 0.51562 0.2676 -0.81396
vn 0.47129 0.34778 -0.81052
vn 0.4319 0.39823 -0.80924
vn 0.41555 0.41555 -0.8091
vn 0.41557 0.41557 -0.80908
vn 0.39824 0.43187 -0.80925
vn 0.34776 0.47129 -0.81052
vn 0.26761 0.5156 -0.81397
vn 0.18254 0.54784 -0.81642
vn 0.09425 0.56757 -0.81791
vn 0 0.59409 -0.8044
vn -0.09425 0.56757 -0.81791
vn -0.18254 0.54784 -0.81642
vn -0.2676 0.51561 -0.81396
vn -0.34776 0.47129 -0.81052
vn -0.39825 0.43187 -0.80925
vn -0.49998 0.49998 -0.70714
vn -0.49995 0.49995 -0.70718
vn -0.51946 0.47803 -0.70828
vn -0.56736 0.41702 -0.71007
vn -0.6335 0.31593 -0.7063
vn -0.66757 0.1977 -0.71782
vn -0.68855 0.09065 -0.7195
vn -0.69139 -2E-05 -0.72248
vn -0.68855 -0.09061 -0.71951
vn -0.66756 -0.1977 -0.71783
vn -0.6335 -0.31596 -0.70629
vn -0.56736 -0.41704 -0.71006
vn -0.51943 -0.47805 -0.70828
vn -0.49997 -0.49997 -0.70715
vn -0.49995 -0.49995 -0.70718
vn -0.47806 -0.51942 -0.70828
vn -0.41703 -0.56737 -0.71005
vn -0.31594 -0.6335 -0.7063
vn -0.19772 -0.66755 -0.71783
vn -0.09061 -0.68854 -0.71952
vn 0 -0.6914 -0.72248
vn 0.09061 -0.68855 -0.71951
vn 0.19772 -0.66755 -0.71783
vn 0.31594 -0.6335 -0.7063
vn 0.41703 -0.56737 -0.71006
vn 0.47805 -0.51943 -0.70828
vn 0.49994 -0.49994 -0.70719
vn 0.49997 -0.49997 -0.70715
vn 0.51945 -0.47804 -0.70828
vn 0.56735 -0.41705 -0.71006
vn 0.63349 -0.31596 -0.7063
vn 0.66755 -0.1977 -0.71784
vn 0.68855 -0.09061 -0.71951
vn 0.69139 -2E-05 -0.72248
vn 0.68855 0.09062 -0.71951
vn 0.66756 0.1977 -0.71783
vn 0.6335 0.31595 -0.7063
vn 0.56735 0.41703 -0.71007
vn 0.51947 0.47803 -0.70826
vn 0.49998 0.49998 -0.70713
vn 0.49996 0.49996 -0.70717
vn 0.47803 0.51948 -0.70826
vn 0.41704 0.56734 -0.71007
vn 0.31596 0.63349 -0.7063
vn 0.19768 0.66755 -0.71784
vn 0.09062 0.68854 -0.71951
vn 0 0.69138 -0.72249
vn -0.09062 0.68855 -0.71951
vn -0.19769 0.66755 -0.71784
vn -0.31596 0.63349 -0.7063
vn -0.41703 0.56736 -0.71006
vn -0.47803 0.51947 -0.70826
vn -0.56098 0.56098 -0.60876
vn -0.58275 0.58275 -0.5664
vn -0.60379 0.53911 -0.5872
vn -0.66395 0.45636 -0.59238
vn -0.72892 0.35538 -0.58513
vn -0.762 0.24411 -0.5998
vn -0.78927 0.12173 -0.60186
vn -0.78142 2E-05 -0.62401
vn -0.78928 -0.12172 -0.60185
vn -0.76202 -0.24415 -0.59977
vn -0.72893 -0.3554 -0.58511
vn -0.66395 -0.45636 -0.59237
vn -0.60379 -0.53908 -0.58723
vn -0.58274 -0.58274 -0.56642
vn -0.56097 -0.56097 -0.60878
vn -0.54783 -0.60395 -0.5789
vn -0.45636 -0.66395 -0.59237
vn -0.35541 -0.72892 -0.58512
vn -0.24415 -0.762 -0.59978
vn -0.1217 -0.78928 -0.60185
vn 0 -0.78142 -0.62401
vn 0.1217 -0.78928 -0.60186
vn 0.24414 -0.762 -0.59979
vn 0.35541 -0.72892 -0.58512
vn 0.45636 -0.66395 -0.59237
vn 0.54783 -0.60395 -0.5789
vn 0.56098 -0.56098 -0.60877
vn 0.58274 -0.58274 -0.56641
vn 0.60378 -0.53908 -0.58723
vn 0.66394 -0.45637 -0.59237
vn 0.72891 -0.35543 -0.58511
vn 0.76201 -0.24415 -0.59978
vn 0.78927 -0.1217 -0.60186
vn 0.78141 0 -0.62401
vn 0.78928 0.12171 -0.60185
vn 0.76201 0.24415 -0.59978
vn 0.72893 0.35538 -0.58513
vn 0.66394 0.45636 -0.59238
vn 0.60378 0.53911 -0.5872
vn 0.5721 0.5721 -0.58771
vn 0.57207 0.57207 -0.58778
vn 0.54785 0.60395 -0.57888
vn 0.45636 0.66394 -0.59239
vn 0.3554 0.72892 -0.58512
vn 0.24414 0.76201 -0.59978
vn 0.1217 0.78929 -0.60184
vn 0 0.78143 -0.624
vn -0.1217 0.78929 -0.60184
vn -0.24414 0.76201 -0.59978
vn -0.35539 0.72892 -0.58513
vn -0.45636 0.66394 -0.59239
vn -0.54783 0.60396 -0.57889
vn -0.63003 0.63003 -0.45402
vn -0.6301 0.6301 -0.45382
vn -0.65932 0.60176 -0.45075
vn -0.72072 0.52051 -0.45785
vn -0.7912 0.40027 -0.46236
vn -0.84245 0.27102 -0.46564
vn -0.87343 0.13575 -0.46764
vn -0.87047 -0 -0.49222
vn -0.87344 -0.13578 -0.46762
vn -0.84246 -0.27102 -0.46563
vn -0.79121 -0.40028 -0.46234
vn -0.72075 -0.52046 -0.45787
vn -0.65933 -0.60174 -0.45077
vn -0.63824 -0.63824 -0.43046
vn -0.62141 -0.62141 -0.47717
vn -0.60928 -0.66567 -0.43089
vn -0.52046 -0.72074 -0.45789
vn -0.40027 -0.79121 -0.46235
vn -0.27104 -0.84246 -0.46563
vn -0.13575 -0.87345 -0.46762
vn 0 -0.87048 -0.49221
vn 0.13575 -0.87344 -0.46762
vn 0.27104 -0.84246 -0.46562
vn 0.40027 -0.79121 -0.46235
vn 0.52045 -0.72074 -0.45788
vn 0.60928 -0.66567 -0.43088
vn 0.62141 -0.62141 -0.47718
vn 0.63824 -0.63824 -0.43047
vn 0.65933 -0.60174 -0.45077
vn 0.72074 -0.52046 -0.45788
vn 0.79121 -0.4003 -0.46234
vn 0.84246 -0.27105 -0.46562
vn 0.87344 -0.13576 -0.46762
vn 0.87047 1E-05 -0.49222
vn 0.87344 0.13575 -0.46763
vn 0.84245 0.27103 -0.46564
vn 0.79121 0.40026 -0.46237
vn 0.72072 0.52051 -0.45785
vn 0.65931 0.60177 -0.45076
vn 0.62148 0.62148 -0.47699
vn 0.63818 0.63818 -0.43064
vn 0.60929 0.66566 -0.43088
vn 0.52051 0.72073 -0.45785
vn 0.40028 0.79121 -0.46236
vn 0.27101 0.84245 -0.46565
vn 0.13575 0.87344 -0.46763
vn 0 0.87047 -0.49223
vn -0.13575 0.87344 -0.46763
vn -0.27101 0.84245 -0.46565
vn -0.40028 0.7912 -0.46236
vn -0.5205 0.72073 -0.45786
vn -0.60929 0.66566 -0.43088
vn -0.66658 0.66658 -0.33367
vn -0.67797 0.67797 -0.28412
vn -0.70291 0.64218 -0.30581
vn -0.76961 0.55703 -0.31212
vn -0.84625 0.42922 -0.31564
vn -0.90217 0.29126 -0.31821
vn -0.9361 0.14647 -0.31979
vn -0.93819 -1E-05 -0.34612
vn -0.9361 -0.14649 -0.31979
vn -0.90216 -0.29129 -0.31821
vn -0.84626 -0.4292 -0.31565
vn -0.76964 -0.55698 -0.31214
vn -0.70292 -0.64218 -0.30579
vn -0.678 -0.678 -0.28398
vn -0.66653 -0.66653 -0.33386
vn -0.64729 -0.7072 -0.2844
vn -0.55701 -0.76963 -0.31211
vn -0.4292 -0.84625 -0.31566
vn -0.29128 -0.90216 -0.31823
vn -0.14647 -0.9361 -0.3198
vn 0 -0.93818 -0.34614
vn 0.14647 -0.9361 -0.3198
vn 0.29128 -0.90216 -0.31822
vn 0.42919 -0.84626 -0.31566
vn 0.55701 -0.76963 -0.3121
vn 0.6399 -0.71032 -0.2932
vn 0.66657 -0.66657 -0.33372
vn 0.67798 -0.67798 -0.28404
vn 0.7012 -0.64843 -0.29641
vn 0.76963 -0.55699 -0.31214
vn 0.84626 -0.4292 -0.31566
vn 0.90216 -0.2913 -0.3182
vn 0.9361 -0.14649 -0.31978
vn 0.93818 0 -0.34614
vn 0.93609 0.14647 -0.31982
vn 0.90216 0.29128 -0.31821
vn 0.84626 0.42921 -0.31563
vn 0.76961 0.55702 -0.31212
vn 0.70291 0.64218 -0.30582
vn 0.66658 0.66658 -0.33368
vn 0.67795 0.67795 -0.2842
vn 0.64729 0.7072 -0.28442
vn 0.55702 0.76962 -0.31212
vn 0.42923 0.84625 -0.31563
vn 0.29128 0.90217 -0.31819
vn 0.14647 0.9361 -0.31978
vn 0 0.93819 -0.34612
vn -0.14647 0.9361 -0.31979
vn -0.29128 0.90217 -0.31819
vn -0.42922 0.84626 -0.31563
vn -0.55701 0.76962 -0.31212
vn -0.63992 0.7103 -0.29321
vn -0.69529 0.69529 -0.18208
vn -0.70106 0.70106 -0.13047
vn -0.72927 0.66687 -0.15315
vn -0.79937 0.57968 -0.15807
vn -0.87993 0.44735 -0.16
vn -0.93886 0.3041 -0.16145
vn -0.97472 0.15346 -0.16236
vn -0.98186 -1E-05 -0.1896
vn -0.97472 -0.15345 -0.16238
vn -0.93885 -0.30411 -0.16148
vn -0.87993 -0.44733 -0.16003
vn -0.79937 -0.57968 -0.15806
vn -0.72927 -0.66687 -0.15312
vn -0.69842 -0.69842 -0.15627
vn -0.69839 -0.69839 -0.15652
vn -0.66936 -0.73134 -0.13079
vn -0.57968 -0.79936 -0.15808
vn -0.44736 -0.87992 -0.16003
vn -0.30409 -0.93886 -0.16149
vn -0.15346 -0.97472 -0.16238
vn 0 -0.98186 -0.1896
vn 0.15346 -0.97472 -0.16237
vn 0.30409 -0.93886 -0.16149
vn 0.44736 -0.87992 -0.16002
vn 0.57968 -0.79936 -0.15808
vn 0.67207 -0.72644 -0.14357
vn 0.69527 -0.69527 -0.18221
vn 0.70104 -0.70104 -0.13067
vn 0.73133 -0.66937 -0.13077
vn 0.79938 -0.57966 -0.15807
vn 0.87993 -0.44734 -0.16002
vn 0.93885 -0.3041 -0.16149
vn 0.97472 -0.15348 -0.16237
vn 0.98186 -3E-05 -0.18961
vn 0.97472 0.15349 -0.16237
vn 0.93885 0.30413 -0.16144
vn 0.87994 0.44734 -0.16
vn 0.79937 0.57967 -0.15808
vn 0.72927 0.66687 -0.15315
vn 0.69529 0.69529 -0.18209
vn 0.70105 0.70105 -0.13061
vn 0.66292 0.73553 -0.13976
vn 0.57968 0.79936 -0.15809
vn 0.44733 0.87994 -0.16001
vn 0.30413 0.93885 -0.16145
vn 0.15344 0.97472 -0.16241
vn 0 0.98186 -0.18961
vn -0.15344 0.97472 -0.16242
vn -0.30413 0.93885 -0.16145
vn -0.44732 0.87994 -0.16001
vn -0.57968 0.79936 -0.15808
vn -0.66689 0.72925 -0.15315
vn -0.70642 0.70642 -0.04417
vn -0.70642 0.70642 -0.04418
vn -0.72783 0.68433 -0.04423
vn -0.7926 0.6081 -0.0447
vn -0.87795 0.47661 -0.04526
vn -0.94168 0.3334 -0.04571
vn -0.98223 0.18198 -0.04597
vn -0.99861 0.00971 -0.05176
vn -0.98615 -0.15933 -0.04601
vn -0.94909 -0.31166 -0.0457
vn -0.88868 -0.45629 -0.04527
vn -0.80638 -0.5897 -0.04471
vn -0.73597 -0.67567 -0.04263
vn -0.70598 -0.70598 -0.05645
vn -0.70677 -0.70677 -0.03087
vn -0.67992 -0.73234 -0.03725
vn -0.60811 -0.79259 -0.04472
vn -0.47662 -0.87794 -0.04529
vn -0.33339 -0.94168 -0.04571
vn -0.18196 -0.98223 -0.046
vn -0.00969 -0.99861 -0.05175
vn 0.15931 -0.98616 -0.04601
vn 0.31163 -0.9491 -0.04573
vn 0.45629 -0.88868 -0.0453
vn 0.5897 -0.80638 -0.04474
vn 0.67486 -0.7373 -0.03087
vn 0.70641 -0.70641 -0.04422
vn 0.70641 -0.70641 -0.04426
vn 0.73731 -0.67485 -0.03086
vn 0.80639 -0.58969 -0.04471
vn 0.88868 -0.45629 -0.04527
vn 0.94909 -0.31166 -0.04571
vn 0.98615 -0.15934 -0.04601
vn 0.99861 0.00968 -0.05176
vn 0.98222 0.18203 -0.04597
vn 0.94167 0.33341 -0.0457
vn 0.87796 0.47659 -0.04526
vn 0.7926 0.6081 -0.0447
vn 0.72784 0.68432 -0.04424
vn 0.70642 0.70642 -0.04418
vn 0.70642 0.70642 -0.0441
vn 0.67572 0.73593 -0.0426
vn 0.58971 0.80638 -0.04473
vn 0.45625 0.8887 -0.04528
vn 0.31168 0.94909 -0.04568
vn 0.15939 0.98614 -0.04602
vn -0.00969 0.99861 -0.05182
vn -0.18206 0.98221 -0.046
vn -0.33341 0.94167 -0.04567
vn -0.47656 0.87797 -0.04527
vn -0.60813 0.79258 -0.04472
vn -0.68433 0.72783 -0.04425
vn -0.70711 0.70711 0
vn -0.70711 0.70711 0
vn -0.72884 0.68468 0
vn -0.79389 0.60806 0
vn -0.87925 0.47636 0
vn -0.94293 0.33298 0
vn -0.98342 0.18135 0
vn -0.99968 0.02532 0
vn -0.99133 -0.13141 0
vn -0.95856 -0.2849 0
vn -0.9022 -0.43131 0
vn -0.82363 -0.56713 0
vn -0.74569 -0.6663 0
vn -0.70711 -0.70711 0
vn -0.68467 -0.72886 0
vn -0.60808 -0.79388 0
vn -0.47637 -0.87925 0
vn -0.33296 -0.94294 0
vn -0.18134 -0.98342 0
vn -0.02528 -0.99968 0
vn 0.13138 -0.99133 0
vn 0.28486 -0.95857 0
vn 0.43131 -0.90221 0
vn 0.56714 -0.82362 0
vn 0.67519 -0.73765 0
vn 0.70711 -0.70711 0
vn 0.70711 -0.70711 0
vn 0.73766 -0.67517 0
vn 0.82363 -0.56712 0
vn 0.9022 -0.43133 0
vn 0.95856 -0.28488 0
vn 0.99132 -0.13144 0
vn 0.99968 0.0253 0
vn 0.98341 0.1814 0
vn 0.94293 0.33298 0
vn 0.87926 0.47634 0
vn 0.79389 0.60806 0
vn 0.72885 0.68467 0
vn 0.70711 0.70711 0
vn 0.70711 0.70711 0
vn 0.66636 0.74563 0
vn 0.56713 0.82363 0
vn 0.43125 0.90223 0
vn 0.28494 0.95855 0
vn 0.13147 0.99132 0
vn -0.02529 0.99968 0
vn -0.18147 0.9834 0
vn -0.33298 0.94294 0
vn -0.4763 0.87928 0
vn -0.60809 0.79387 0
vn -0.68467 0.72885 0
vn -0.70711 0.70711 0
vn -0.74566 0.66633 0
vn -0.82363 0.56713 0
vn -0.9022 0.43132 0
vn -0.95857 0.28486 0
vn -0.99133 0.13142 0
vn -0.99968 -0.02526 0
vn -0.98341 -0.18139 0
vn -0.94293 -0.33299 0
vn -0.87925 -0.47636 0
vn -0.7939 -0.60805 0
vn -0.72887 -0.68465 0
vn -0.66632 -0.74567 0
vn -0.56715 -0.82361 0
vn -0.4313 -0.90221 0
vn -0.28486 -0.95857 0
vn -0.13138 -0.99133 0
vn 0.02528 -0.99968 0
vn 0.18134 -0.98342 0
vn 0.33297 -0.94294 0
vn 0.47636 -0.87925 0
vn 0.60807 -0.79388 0
vn 0.70711 -0.70711 0
vn 0.79389 -0.60806 0
vn 0.87925 -0.47636 0
vn 0.94293 -0.333 0
vn 0.98341 -0.18138 0
vn 0.99968 -0.0253 0
vn 0.99132 0.13145 0
vn 0.95856 0.2849 0
vn 0.90221 0.43129 0
vn 0.82364 0.56712 0
vn 0.74566 0.66632 0
vn 0.70711 0.70711 0
vn 0.70711 0.70711 0
vn 0.68467 0.72885 0
vn 0.6081 0.79386 0
vn 0.47631 0.87928 0
vn 0.33298 0.94294 0
vn 0.18147 0.9834 0
vn 0.02529 0.99968 0
vn -0.13147 0.99132 0
vn -0.28495 0.95854 0
vn -0.43124 0.90224 0
vn -0.56713 0.82363 0
vn -0.66635 0.74564 0
vn -0.70677 0.70677 0.03074
vn -0.70598 0.70598 0.05642
vn -0.73595 0.6757 0.0426
vn -0.80639 0.58969 0.04471
vn -0.88868 0.45629 0.04527
vn -0.9491 0.31163 0.04572
vn -0.98615 0.15934 0.04599
vn -0.99861 -0.00968 0.05176
vn -0.98222 -0.18199 0.04599
vn -0.94167 -0.33341 0.04568
vn -0.87795 -0.47661 0.04525
vn -0.7926 -0.6081 0.04469
vn -0.72785 -0.68431 0.04426
vn -0.70642 -0.70642 0.0442
vn -0.70642 -0.70642 0.04419
vn -0.66973 -0.74175 0.0356
vn -0.58971 -0.80637 0.04474
vn -0.45629 -0.88868 0.0453
vn -0.31163 -0.9491 0.04573
vn -0.15931 -0.98616 0.04601
vn 0.00969 -0.99861 0.05175
vn 0.18196 -0.98223 0.04599
vn 0.33339 -0.94168 0.04571
vn 0.47662 -0.87794 0.04528
vn 0.60811 -0.79259 0.04472
vn 0.67452 -0.73692 0.04436
vn 0.70598 -0.70598 0.05646
vn 0.70677 -0.70677 0.03082
vn 0.73694 -0.67451 0.04434
vn 0.7926 -0.6081 0.04469
vn 0.87795 -0.47661 0.04525
vn 0.94167 -0.33342 0.0457
vn 0.98222 -0.18199 0.046
vn 0.99861 -0.00971 0.05176
vn 0.98615 0.15938 0.04598
vn 0.94909 0.31166 0.04572
vn 0.88869 0.45627 0.04528
vn 0.80639 0.58969 0.04471
vn 0.73595 0.67569 0.0426
vn 0.70598 0.70598 0.05642
vn 0.70677 0.70677 0.03078
vn 0.68433 0.72783 0.04423
vn 0.60813 0.79258 0.04472
vn 0.47657 0.87797 0.04526
vn 0.33341 0.94168 0.04566
vn 0.18206 0.98221 0.046
vn 0.00969 0.99861 0.05182
vn -0.15939 0.98614 0.04602
vn -0.31169 0.94909 0.04568
vn -0.45623 0.88871 0.04528
vn -0.58971 0.80638 0.04473
vn -0.67571 0.73594 0.04261
vn -0.70106 0.70106 0.13046
vn -0.69529 0.69529 0.18209
vn -0.72927 0.66686 0.15315
vn -0.79937 0.57968 0.15807
vn -0.87993 0.44735 0.16
vn -0.93886 0.3041 0.16145
vn -0.97472 0.15346 0.16236
vn -0.98186 -1E-05 0.1896
vn -0.97472 -0.15344 0.16238
vn -0.93885 -0.30411 0.16148
vn -0.87994 -0.44733 0.16003
vn -0.79937 -0.57968 0.15806
vn -0.72927 -0.66687 0.15312
vn -0.69842 -0.69842 0.15627
vn -0.69839 -0.69839 0.15652
vn -0.66936 -0.73134 0.13079
vn -0.57968 -0.79936 0.15808
vn -0.44735 -0.87992 0.16003
vn -0.30409 -0.93886 0.16149
vn -0.15345 -0.97472 0.16238
vn 0 -0.98186 0.18961
vn 0.15346 -0.97472 0.16237
vn 0.30409 -0.93886 0.16149
vn 0.44735 -0.87992 0.16002
vn 0.57968 -0.79936 0.15808
vn 0.67207 -0.72644 0.14357
vn 0.69527 -0.69527 0.18221
vn 0.70104 -0.70104 0.13067
vn 0.73133 -0.66937 0.13076
vn 0.79938 -0.57966 0.15807
vn 0.87993 -0.44734 0.16002
vn 0.93885 -0.3041 0.16149
vn 0.97472 -0.15347 0.16237
vn 0.98186 -3E-05 0.18962
vn 0.97472 0.15348 0.16237
vn 0.93885 0.30413 0.16144
vn 0.87994 0.44733 0.16
vn 0.79937 0.57967 0.15808
vn 0.72927 0.66687 0.15315
vn 0.69529 0.69529 0.18209
vn 0.70105 0.70105 0.1306
vn 0.66292 0.73553 0.13976
vn 0.57968 0.79936 0.15809
vn 0.44733 0.87994 0.16001
vn 0.30412 0.93885 0.16145
vn 0.15344 0.97472 0.16241
vn 0 0.98186 0.18962
vn -0.15344 0.97472 0.16242
vn -0.30413 0.93885 0.16145
vn -0.44732 0.87994 0.16001
vn -0.57968 0.79936 0.15808
vn -0.66689 0.72925 0.15315
vn -0.67796 0.67796 0.28413
vn -0.66658 0.66658 0.33367
vn -0.70291 0.64218 0.30582
vn -0.76961 0.55703 0.31213
vn -0.84625 0.42922 0.31565
vn -0.90216 0.29126 0.31822
vn -0.9361 0.14647 0.3198
vn -0.93819 -1E-05 0.34612
vn -0.93609 -0.14649 0.3198
vn -0.90216 -0.29129 0.31822
vn -0.84625 -0.4292 0.31566
vn -0.76964 -0.55698 0.31215
vn -0.70292 -0.64218 0.3058
vn -0.67799 -0.67799 0.28399
vn -0.66653 -0.66653 0.33387
vn -0.64729 -0.7072 0.28441
vn -0.55701 -0.76963 0.31212
vn -0.42919 -0.84625 0.31567
vn -0.29128 -0.90216 0.31824
vn -0.14647 -0.93609 0.31981
vn 0 -0.93818 0.34615
vn 0.14647 -0.93609 0.31981
vn 0.29128 -0.90216 0.31823
vn 0.42919 -0.84625 0.31567
vn 0.55701 -0.76963 0.31211
vn 0.6399 -0.71032 0.29321
vn 0.66657 -0.66657 0.33373
vn 0.67798 -0.67798 0.28405
vn 0.7012 -0.64843 0.29642
vn 0.76963 -0.55698 0.31215
vn 0.84625 -0.4292 0.31567
vn 0.90216 -0.29129 0.31821
vn 0.93609 -0.14649 0.31979
vn 0.93818 0 0.34615
vn 0.93609 0.14647 0.31983
vn 0.90216 0.29128 0.31822
vn 0.84625 0.42921 0.31564
vn 0.76961 0.55702 0.31213
vn 0.7029 0.64218 0.30583
vn 0.66658 0.66658 0.33369
vn 0.67795 0.67795 0.28421
vn 0.64728 0.70719 0.28443
vn 0.55702 0.76961 0.31213
vn 0.42922 0.84625 0.31564
vn 0.29128 0.90216 0.3182
vn 0.14647 0.9361 0.31979
vn 0 0.93819 0.34613
vn -0.14647 0.9361 0.3198
vn -0.29128 0.90217 0.3182
vn -0.42922 0.84625 0.31563
vn -0.55701 0.76962 0.31213
vn -0.63992 0.7103 0.29322
vn -0.63819 0.63819 0.43062
vn -0.62149 0.62149 0.47698
vn -0.65932 0.60176 0.45075
vn -0.72072 0.52051 0.45785
vn -0.7912 0.40027 0.46236
vn -0.84245 0.27102 0.46564
vn -0.87343 0.13575 0.46764
vn -0.87047 -0 0.49222
vn -0.87344 -0.13578 0.46762
vn -0.84246 -0.27102 0.46563
vn -0.79121 -0.40028 0.46234
vn -0.72075 -0.52046 0.45787
vn -0.65933 -0.60174 0.45077
vn -0.63824 -0.63824 0.43046
vn -0.62141 -0.62141 0.47717
vn -0.60928 -0.66567 0.43089
vn -0.52046 -0.72074 0.45789
vn -0.40027 -0.79121 0.46235
vn -0.27104 -0.84246 0.46563
vn -0.13575 -0.87345 0.46762
vn 0 -0.87048 0.49221
vn 0.13575 -0.87344 0.46762
vn 0.27104 -0.84246 0.46562
vn 0.40027 -0.79121 0.46235
vn 0.52045 -0.72074 0.45788
vn 0.60928 -0.66567 0.43088
vn 0.62141 -0.62141 0.47718
vn 0.63824 -0.63824 0.43047
vn 0.65933 -0.60174 0.45077
vn 0.72074 -0.52046 0.45788
vn 0.79121 -0.4003 0.46234
vn 0.84246 -0.27105 0.46562
vn 0.87344 -0.13576 0.46762
vn 0.87047 1E-05 0.49222
vn 0.87344 0.13575 0.46763
vn 0.84245 0.27103 0.46564
vn 0.79121 0.40026 0.46237
vn 0.72072 0.52051 0.45785
vn 0.65931 0.60177 0.45076
vn 0.62148 0.62148 0.47699
vn 0.63818 0.63818 0.43064
vn 0.60929 0.66566 0.43088
vn 0.52051 0.72073 0.45785
vn 0.40028 0.79121 0.46236
vn 0.27101 0.84245 0.46565
vn 0.13575 0.87344 0.46763
vn 0 0.87047 0.49223
vn -0.13575 0.87344 0.46763
vn -0.27101 0.84245 0.46565
vn -0.40028 0.7912 0.46236
vn -0.5205 0.72073 0.45786
vn -0.60929 0.66566 0.43088
vn -0.57206 0.57206 0.58779
vn -0.5721 0.5721 0.58771
vn -0.60379 0.53911 0.5872
vn -0.66395 0.45636 0.59238
vn -0.72892 0.35538 0.58513
vn -0.762 0.24411 0.5998
vn -0.78927 0.12173 0.60186
vn -0.78142 2E-05 0.62401
vn -0.78928 -0.12172 0.60185
vn -0.76202 -0.24415 0.59977
vn -0.72893 -0.3554 0.58511
vn -0.66395 -0.45636 0.59237
vn -0.60379 -0.53908 0.58723
vn -0.58274 -0.58274 0.56642
vn -0.56097 -0.56097 0.60878
vn -0.54783 -0.60395 0.5789
vn -0.45636 -0.66395 0.59237
vn -0.35541 -0.72892 0.58512
vn -0.24415 -0.762 0.59978
vn -0.1217 -0.78928 0.60185
vn 0 -0.78142 0.62401
vn 0.1217 -0.78928 0.60186
vn 0.24414 -0.762 0.59979
vn 0.35541 -0.72892 0.58512
vn 0.45636 -0.66395 0.59237
vn 0.54783 -0.60395 0.5789
vn 0.56098 -0.56098 0.60877
vn 0.58274 -0.58274 0.56641
vn 0.60378 -0.53908 0.58723
vn 0.66394 -0.45637 0.59237
vn 0.72891 -0.35543 0.58511
vn 0.76201 -0.24415 0.59978
vn 0.78927 -0.1217 0.60186
vn 0.78141 0 0.62401
vn 0.78928 0.12171 0.60185
vn 0.76201 0.24415 0.59978
vn 0.72893 0.35538 0.58513
vn 0.66394 0.45636 0.59238
vn 0.60378 0.53911 0.5872
vn 0.5721 0.5721 0.58771
vn 0.57207 0.57207 0.58778
vn 0.54785 0.60395 0.57888
vn 0.45636 0.66394 0.59239
vn 0.3554 0.72892 0.58512
vn 0.24414 0.76201 0.59978
vn 0.1217 0.78929 0.60184
vn 0 0.78143 0.624
vn -0.1217 0.78929 0.60184
vn -0.24414 0.76201 0.59978
vn -0.35539 0.72892 0.58513
vn -0.45636 0.66394 0.59239
vn -0.54783 0.60396 0.57889
vn -0.49997 0.49997 0.70715
vn -0.49995 0.49995 0.70718
vn -0.51945 0.47802 0.70828
vn -0.56735 0.41702 0.71008
vn -0.63349 0.31593 0.70631
vn -0.66756 0.1977 0.71783
vn -0.68855 0.09064 0.7195
vn -0.69138 -2E-05 0.72249
vn -0.68854 -0.09061 0.71952
vn -0.66755 -0.1977 0.71784
vn -0.63349 -0.31596 0.7063
vn -0.56735 -0.41704 0.71007
vn -0.51942 -0.47804 0.70829
vn -0.49996 -0.49996 0.70716
vn -0.49995 -0.49995 0.70718
vn -0.47806 -0.51942 0.70829
vn -0.41703 -0.56736 0.71006
vn -0.31594 -0.63349 0.70631
vn -0.19772 -0.66754 0.71784
vn -0.09061 -0.68853 0.71952
vn 0 -0.69139 0.72248
vn 0.09061 -0.68854 0.71951
vn 0.19772 -0.66755 0.71784
vn 0.31594 -0.63349 0.70631
vn 0.41703 -0.56736 0.71006
vn 0.47805 -0.51942 0.70829
vn 0.49993 -0.49993 0.7072
vn 0.49996 -0.49996 0.70716
vn 0.51944 -0.47803 0.70829
vn 0.56735 -0.41704 0.71007
vn 0.63348 -0.31596 0.70631
vn 0.66754 -0.1977 0.71785
vn 0.68854 -0.0906 0.71952
vn 0.69138 -2E-05 0.72249
vn 0.68854 0.09062 0.71952
vn 0.66755 0.1977 0.71784
vn 0.63349 0.31595 0.7063
vn 0.56734 0.41703 0.71008
vn 0.51947 0.47802 0.70827
vn 0.49998 0.49998 0.70714
vn 0.49995 0.49995 0.70718
vn 0.47802 0.51947 0.70827
vn 0.41703 0.56734 0.71008
vn 0.31596 0.63348 0.70631
vn 0.19768 0.66754 0.71785
vn 0.09062 0.68854 0.71952
vn 0 0.69137 0.7225
vn -0.09062 0.68854 0.71952
vn -0.19768 0.66754 0.71785
vn -0.31596 0.63349 0.7063
vn -0.41703 0.56735 0.71007
vn -0.47803 0.51947 0.70827
vn -0.43039 0.43039 0.79343
vn -0.40045 0.40045 0.82418
vn -0.43189 0.39824 0.80925
vn -0.47127 0.34778 0.81052
vn -0.51562 0.26759 0.81396
vn -0.54784 0.18255 0.81642
vn -0.56757 0.09425 0.81791
vn -0.59408 -1E-05 0.8044
vn -0.56757 -0.09425 0.81792
vn -0.54784 -0.18253 0.81643
vn -0.51561 -0.2676 0.81396
vn -0.47123 -0.3478 0.81054
vn -0.43189 -0.39825 0.80924
vn -0.40047 -0.40047 0.82416
vn -0.4304 -0.4304 0.79342
vn -0.39824 -0.4319 0.80924
vn -0.3478 -0.47124 0.81054
vn -0.26759 -0.51563 0.81396
vn -0.18255 -0.54785 0.81642
vn -0.09424 -0.56758 0.81791
vn -2E-05 -0.59408 0.8044
vn 0.09424 -0.56758 0.81791
vn 0.18256 -0.54784 0.81642
vn 0.26759 -0.51562 0.81396
vn 0.34779 -0.47124 0.81054
vn 0.39825 -0.43188 0.80924
vn 0.41558 -0.41558 0.80906
vn 0.41556 -0.41556 0.80909
vn 0.4319 -0.39824 0.80924
vn 0.47124 -0.34781 0.81053
vn 0.51561 -0.2676 0.81396
vn 0.54784 -0.18255 0.81642
vn 0.56758 -0.09426 0.81791
vn 0.59409 1E-05 0.8044
vn 0.56758 0.09425 0.81791
vn 0.54784 0.18254 0.81642
vn 0.51562 0.2676 0.81396
vn 0.47129 0.34777 0.81052
vn 0.4319 0.39823 0.80924
vn 0.41555 0.41555 0.8091
vn 0.41557 0.41557 0.80908
vn 0.39824 0.43187 0.80925
vn 0.34776 0.47129 0.81052
vn 0.26761 0.5156 0.81397
vn 0.18254 0.54784 0.81643
vn 0.09424 0.56757 0.81791
vn 0 0.59408 0.80441
vn -0.09424 0.56757 0.81791
vn -0.18254 0.54784 0.81642
vn -0.2676 0.51561 0.81396
vn -0.34776 0.47129 0.81052
vn -0.39825 0.43187 0.80925
vn -0.32098 0.32098 0.89104
vn -0.32095 0.32095 0.89105
vn -0.33435 0.30922 0.89028
vn -0.36469 0.27075 0.89089
vn -0.39862 0.20827 0.89315
vn -0.42322 0.14232 0.89478
vn -0.43831 0.07405 0.89577
vn -0.46433 -2E-05 0.88566
vn -0.43832 -0.07404 0.89576
vn -0.42322 -0.14231 0.89478
vn -0.39861 -0.2083 0.89315
vn -0.36471 -0.27075 0.89089
vn -0.33442 -0.3092 0.89026
vn -0.32098 -0.32098 0.89104
vn -0.321 -0.321 0.89102
vn -0.30921 -0.33441 0.89026
vn -0.27075 -0.36472 0.89088
vn -0.20829 -0.39861 0.89315
vn -0.14233 -0.42321 0.89478
vn -0.07404 -0.43832 0.89576
vn -1E-05 -0.46434 0.88566
vn 0.07405 -0.4383 0.89577
vn 0.14233 -0.42321 0.89478
vn 0.20828 -0.39861 0.89316
vn 0.27074 -0.36472 0.89088
vn 0.30921 -0.3344 0.89026
vn 0.30439 -0.30439 0.9026
vn 0.33737 -0.33737 0.87884
vn 0.33441 -0.3092 0.89026
vn 0.36472 -0.27075 0.89089
vn 0.39861 -0.2083 0.89315
vn 0.42321 -0.14233 0.89478
vn 0.43832 -0.07405 0.89576
vn 0.46434 -0 0.88566
vn 0.43832 0.07405 0.89577
vn 0.42322 0.14232 0.89478
vn 0.39862 0.20828 0.89315
vn 0.36471 0.27073 0.89089
vn 0.33434 0.30922 0.89028
vn 0.33734 0.33734 0.87886
vn 0.30438 0.30438 0.90261
vn 0.30924 0.33433 0.89028
vn 0.27073 0.3647 0.8909
vn 0.20828 0.39863 0.89315
vn 0.14234 0.42321 0.89478
vn 0.07406 0.43832 0.89576
vn 0 0.46435 0.88565
vn -0.07405 0.43832 0.89576
vn -0.14233 0.42321 0.89478
vn -0.20828 0.39862 0.89315
vn -0.27074 0.3647 0.8909
vn -0.30923 0.33434 0.89028
vn -0.21852 0.21852 0.95105
vn -0.21851 0.21851 0.95106
vn -0.22975 0.21351 0.94954
vn -0.25083 0.18805 0.94959
vn -0.27404 0.14485 0.95075
vn -0.29092 0.09937 0.95157
vn -0.30136 0.05238 0.95207
vn -0.32585 -1E-05 0.94542
vn -0.30136 -0.05236 0.95207
vn -0.29093 -0.09936 0.95157
vn -0.27405 -0.14486 0.95074
vn -0.25084 -0.18804 0.94959
vn -0.22975 -0.21348 0.94955
vn -0.23603 -0.23603 0.94264
vn -0.20082 -0.20082 0.95882
vn -0.21349 -0.22975 0.94955
vn -0.18804 -0.25084 0.94959
vn -0.14485 -0.27406 0.95074
vn -0.09937 -0.29093 0.95157
vn -0.05237 -0.30136 0.95207
vn 1E-05 -0.32583 0.94543
vn 0.05237 -0.30136 0.95207
vn 0.09935 -0.29093 0.95157
vn 0.14484 -0.27406 0.95074
vn 0.18805 -0.25083 0.94959
vn 0.21349 -0.22975 0.94955
vn 0.20082 -0.20082 0.95882
vn 0.23603 -0.23603 0.94264
vn 0.22974 -0.21349 0.94955
vn 0.25083 -0.18805 0.94959
vn 0.27405 -0.14485 0.95074
vn 0.29093 -0.09936 0.95157
vn 0.30135 -0.05237 0.95207
vn 0.32584 -0 0.94543
vn 0.30136 0.05237 0.95207
vn 0.29092 0.09938 0.95157
vn 0.27404 0.14485 0.95075
vn 0.25083 0.18804 0.94959
vn 0.22975 0.2135 0.94954
vn 0.21852 0.21852 0.95105
vn 0.21851 0.21851 0.95106
vn 0.21351 0.22975 0.94954
vn 0.18806 0.25082 0.94959
vn 0.14485 0.27405 0.95075
vn 0.09937 0.29093 0.95157
vn 0.05236 0.30135 0.95207
vn 0 0.32583 0.94543
vn -0.05236 0.30135 0.95207
vn -0.09937 0.29093 0.95157
vn -0.14485 0.27404 0.95075
vn -0.18806 0.25082 0.94959
vn -0.21351 0.22976 0.94954
vn -0.12888 0.12888 0.98325
vn -0.09225 0.09225 0.99145
vn -0.12195 0.11457 0.9859
vn -0.13381 0.10247 0.98569
vn -0.14639 0.07928 0.98604
vn -0.15558 0.05493 0.98629
vn -0.16135 0.02975 0.98645
vn -0.18233 0 0.98324
vn -0.16135 -0.02976 0.98645
vn -0.15558 -0.05491 0.9863
vn -0.14638 -0.07931 0.98604
vn -0.13381 -0.10247 0.9857
vn -0.12195 -0.11455 0.9859
vn -0.1106 -0.1106 0.98769
vn -0.11059 -0.11059 0.98769
vn -0.11456 -0.12196 0.9859
vn -0.10247 -0.1338 0.9857
vn -0.07929 -0.14638 0.98605
vn -0.05493 -0.15558 0.98629
vn -0.02975 -0.16135 0.98645
vn 1E-05 -0.18234 0.98324
vn 0.02974 -0.16136 0.98645
vn 0.05492 -0.15559 0.98629
vn 0.0793 -0.14638 0.98605
vn 0.10247 -0.1338 0.9857
vn 0.11455 -0.12196 0.9859
vn 0.09225 -0.09225 0.99145
vn 0.12887 -0.12887 0.98325
vn 0.12196 -0.11455 0.9859
vn 0.13381 -0.10247 0.9857
vn 0.14638 -0.0793 0.98605
vn 0.15558 -0.05491 0.9863
vn 0.16136 -0.02976 0.98645
vn 0.18233 -1E-05 0.98324
vn 0.16135 0.02975 0.98645
vn 0.15557 0.05495 0.98629
vn 0.1464 0.07928 0.98604
vn 0.13381 0.10247 0.98569
vn 0.12197 0.11456 0.9859
vn 0.09225 0.09225 0.99145
vn 0.12888 0.12888 0.98325
vn 0.11455 0.12197 0.9859
vn 0.10248 0.1338 0.9857
vn 0.07929 0.1464 0.98604
vn 0.05494 0.15556 0.9863
vn 0.02973 0.16136 0.98645
vn 0 0.18233 0.98324
vn -0.02973 0.16136 0.98645
vn -0.05494 0.15557 0.9863
vn -0.07929 0.14639 0.98604
vn -0.10248 0.13381 0.98569
vn -0.11455 0.12196 0.9859
vn -0.03123 0.03123 0.99902
vn -0.03123 0.03123 0.99902
vn -0.04072 0.03896 0.99841
vn -0.04459 0.03535 0.99838
vn -0.04894 0.02757 0.99842
vn -0.05214 0.0194 0.99845
vn -0.05421 0.01093 0.99847
vn -0.06072 0 0.99815
vn -0.05421 -0.01094 0.99847
vn -0.05215 -0.01939 0.99845
vn -0.04893 -0.02758 0.99842
vn -0.04459 -0.03535 0.99838
vn -0.04072 -0.03896 0.99841
vn -0.02174 -0.02174 0.99953
vn -0.03996 -0.03996 0.9984
vn -0.03896 -0.04072 0.99841
vn -0.03535 -0.04459 0.99838
vn -0.02757 -0.04894 0.99842
vn -0.0194 -0.05215 0.99845
vn -0.01093 -0.05421 0.99847
vn 0 -0.06072 0.99815
vn 0.01093 -0.05421 0.99847
vn 0.0194 -0.05215 0.99845
vn 0.02758 -0.04893 0.99842
vn 0.03534 -0.0446 0.99838
vn 0.03896 -0.04072 0.99841
vn 0.02174 -0.02174 0.99953
vn 0.03996 -0.03996 0.9984
vn 0.04072 -0.03896 0.99841
vn 0.04459 -0.03534 0.99838
vn 0.04894 -0.02757 0.99842
vn 0.05214 -0.0194 0.99845
vn 0.05421 -0.01093 0.99847
vn 0.06072 -0 0.99815
vn 0.05421 0.01093 0.99847
vn 0.05215 0.0194 0.99845
vn 0.04894 0.02756 0.99842
vn 0.04459 0.03535 0.99838
vn 0.04072 0.03896 0.99841
vn 0.03123 0.03123 0.99902
vn 0.03123 0.03123 0.99902
vn 0.03895 0.04072 0.99841
vn 0.03536 0.04458 0.99838
vn 0.02756 0.04894 0.99842
vn 0.01941 0.05214 0.99845
vn 0.01093 0.05421 0.99847
vn 0 0.06072 0.99815
vn -0.01093 0.05421 0.99847
vn -0.01941 0.05214 0.99845
vn -0.02756 0.04894 0.99842
vn -0.03536 0.04458 0.99838
vn -0.03895 0.04072 0.99841
vn 0 0 1
usemtl mat6
f 4889//4548 4890//4548 4891//4548
f 4889//4548 4892//4548 4890//4548
f 4893//4549 4891//4548 4894//4550
f 4893//4549 4889//4548 4891//4548
f 4894//4550 4891//4548 4895//4551
f 4895//4551 4891//4548 4896//4552
f 4896//4552 4891//4548 4897//4553
f 4897//4553 4891//4548 4898//4554
f 4898//4554 4891//4548 4899//4555
f 4899//4555 4891//4548 4900//4556
f 4891//4548 4901//4557 4900//4556
f 4891//4548 4902//4558 4901//4557
f 4891//4548 4903//4559 4902//4558
f 4891//4548 4904//4560 4903//4559
f 4891//4548 4905//4561 4904//4560
f 4891//4548 4906//4562 4905//4561
f 4891//4548 4890//4548 4906//4562
f 4890//4548 4907//4563 4906//4562
f 4890//4548 4908//4564 4907//4563
f 4890//4548 4909//4565 4908//4564
f 4890//4548 4910//4566 4909//4565
f 4890//4548 4911//4567 4910//4566
f 4890//4548 4912//4568 4911//4567
f 4890//4548 4913//4569 4912//4568
f 4890//4548 4914//4570 4913//4569
f 4915//4571 4914//4570 4890//4548
f 4916//4572 4915//4571 4890//4548
f 4917//4573 4916//4572 4890//4548
f 4918//4574 4917//4573 4890//4548
f 4919//4575 4918//4574 4890//4548
f 4892//4548 4919//4575 4890//4548
f 4892//4548 4920//4576 4919//4575
f 4921//4577 4920//4576 4892//4548
f 4922//4578 4921//4577 4892//4548
f 4923//4579 4922//4578 4892//4548
f 4924//4580 4923//4579 4892//4548
f 4925//4581 4924//4580 4892//4548
f 4926//4582 4925//4581 4892//4548
f 4927//4583 4926//4582 4892//4548
f 4928//4584 4927//4583 4892//4548
f 4929//4585 4928//4584 4892//4548
f 4930//4586 4929//4585 4892//4548
f 4931//4587 4930//4586 4892//4548
f 4932//4588 4931//4587 4892//4548
f 4933//4589 4892//4548 4889//4548
f 4932//4588 4892//4548 4933//4589
f 4934//4590 4933//4589 4889//4548
f 4935//4591 4934//4590 4889//4548
f 4936//4592 4935//4591 4889//4548
f 4937//4593 4936//4592 4889//4548
f 4938//4594 4937//4593 4889//4548
f 4939//4595 4938//4594 4889//4548
f 4939//4595 4889//4548 4940//4596
f 4940//4596 4889//4548 4941//4597
f 4941//4597 4889//4548 4942//4598
f 4942//4598 4889//4548 4943//4599
f 4943//4599 4889//4548 4944//4600
f 4944//4600 4889//4548 4893//4549
f 4945//4601 4946//4602 4893//4549
f 4945//4601 4893//4549 4894//4550
f 4945//4601 4894//4550 4895//4551
f 4947//4603 4945//4601 4895//4551
f 4947//4603 4895//4551 4896//4552
f 4948//4604 4947//4603 4896//4552
f 4948//4604 4896//4552 4897//4553
f 4949//4605 4948//4604 4897//4553
f 4949//4605 4897//4553 4898//4554
f 4950//4606 4949//4605 4898//4554
f 4950//4606 4898//4554 4899//4555
f 4951//4607 4950//4606 4899//4555
f 4951//4607 4899//4555 4900//4556
f 4952//4608 4951//4607 4900//4556
f 4953//4609 4952//4608 4900//4556
f 4901//4557 4953//4609 4900//4556
f 4954//4610 4953//4609 4901//4557
f 4902//4558 4954//4610 4901//4557
f 4955//4611 4954//4610 4902//4558
f 4903//4559 4955//4611 4902//4558
f 4956//4612 4955//4611 4903//4559
f 4904//4560 4956//4612 4903//4559
f 4957//4613 4956//4612 4904//4560
f 4905//4561 4957//4613 4904//4560
f 4958//4614 4957//4613 4905//4561
f 4906//4562 4958//4614 4905//4561
f 4907//4563 4958//4614 4906//4562
f 4959//4615 4958//4614 4907//4563
f 4908//4564 4959//4615 4907//4563
f 4960//4616 4959//4615 4908//4564
f 4909//4565 4960//4616 4908//4564
f 4961//4617 4960//4616 4909//4565
f 4910//4566 4961//4617 4909//4565
f 4962//4618 4961//4617 4910//4566
f 4911//4567 4962//4618 4910//4566
f 4963//4619 4962//4618 4911//4567
f 4912//4568 4963//4619 4911//4567
f 4964//4620 4963//4619 4912//4568
f 4913//4569 4964//4620 4912//4568
f 4965//4621 4964//4620 4913//4569
f 4966//4622 4965//4621 4913//4569
f 4914//4570 4966//4622 4913//4569
f 4967//4623 4966//4622 4914//4570
f 4915//4571 4967//4623 4914//4570
f 4968//4624 4967//4623 4915//4571
f 4916//4572 4968//4624 4915//4571
f 4969//4625 4968//4624 4916//4572
f 4917//4573 4969//4625 4916//4572
f 4970//4626 4969//4625 4917//4573
f 4918//4574 4970//4626 4917//4573
f 4919//4575 4971//4627 4918//4574
f 4971//4627 4970//4626 4918//4574
f 4920//4576 4971//4627 4919//4575
f 4972//4628 4971//4627 4920//4576
f 4921//4577 4972//4628 4920//4576
f 4973//4629 4972//4628 4921//4577
f 4922//4578 4973//4629 4921//4577
f 4974//4630 4973//4629 4922//4578
f 4923//4579 4974//4630 4922//4578
f 4975//4631 4974//4630 4923//4579
f 4924//4580 4975//4631 4923//4579
f 4976//4632 4975//4631 4924//4580
f 4925//4581 4976//4632 4924//4580
f 4977//4633 4976//4632 4925//4581
f 4926//4582 4977//4633 4925//4581
f 4978//4634 4977//4633 4926//4582
f 4979//4635 4926//4582 4927//4583
f 4979//4635 4978//4634 4926//4582
f 4980//4636 4927//4583 4928//4584
f 4980//4636 4979//4635 4927//4583
f 4981//4637 4928//4584 4929//4585
f 4981//4637 4980//4636 4928//4584
f 4982//4638 4929//4585 4930//4586
f 4982//4638 4981//4637 4929//4585
f 4983//4639 4930//4586 4931//4587
f 4983//4639 4982//4638 4930//4586
f 4984//4640 4931//4587 4932//4588
f 4984//4640 4983//4639 4931//4587
f 4984//4640 4932//4588 4933//4589
f 4985//4641 4984//4640 4933//4589
f 4985//4641 4933//4589 4934//4590
f 4986//4642 4985//4641 4934//4590
f 4986//4642 4934//4590 4935//4591
f 4987//4643 4986//4642 4935//4591
f 4987//4643 4935//4591 4936//4592
f 4988//4644 4987//4643 4936//4592
f 4988//4644 4936//4592 4937//4593
f 4989//4645 4988//4644 4937//4593
f 4989//4645 4937//4593 4938//4594
f 4990//4646 4989//4645 4938//4594
f 4990//4646 4938//4594 4939//4595
f 4991//4647 4990//4646 4939//4595
f 4992//4648 4939//4595 4940//4596
f 4992//4648 4991//4647 4939//4595
f 4993//4649 4940//4596 4941//4597
f 4993//4649 4992//4648 4940//4596
f 4994//4650 4941//4597 4942//4598
f 4994//4650 4993//4649 4941//4597
f 4995//4651 4942//4598 4943//4599
f 4995//4651 4994//4650 4942//4598
f 4996//4652 4943//4599 4944//4600
f 4996//4652 4995//4651 4943//4599
f 4946//4602 4944//4600 4893//4549
f 4946//4602 4996//4652 4944//4600
f 4997//4653 4998//4654 4946//4602
f 4997//4653 4946//4602 4945//4601
f 4997//4653 4945//4601 4947//4603
f 4999//4655 4997//4653 4947//4603
f 4999//4655 4947//4603 4948//4604
f 5000//4656 4999//4655 4948//4604
f 5000//4656 4948//4604 4949//4605
f 5001//4657 5000//4656 4949//4605
f 5001//4657 4949//4605 4950//4606
f 5002//4658 5001//4657 4950//4606
f 5002//4658 4950//4606 4951//4607
f 5003//4659 5002//4658 4951//4607
f 5003//4659 4951//4607 4952//4608
f 5004//4660 5003//4659 4952//4608
f 5005//4661 5004//4660 4952//4608
f 4953//4609 5005//4661 4952//4608
f 5006//4662 5005//4661 4953//4609
f 4954//4610 5006//4662 4953//4609
f 5007//4663 5006//4662 4954//4610
f 4955//4611 5007//4663 4954//4610
f 5008//4664 5007//4663 4955//4611
f 4956//4612 5008//4664 4955//4611
f 5009//4665 5008//4664 4956//4612
f 4957//4613 5009//4665 4956//4612
f 5010//4666 5009//4665 4957//4613
f 4958//4614 5010//4666 4957//4613
f 5011//4667 5010//4666 4958//4614
f 4959//4615 5011//4667 4958//4614
f 4960//4616 5011//4667 4959//4615
f 5012//4668 5011//4667 4960//4616
f 4961//4617 5012//4668 4960//4616
f 5013//4669 5012//4668 4961//4617
f 4962//4618 5013//4669 4961//4617
f 5014//4670 5013//4669 4962//4618
f 4963//4619 5014//4670 4962//4618
f 5015//4671 5014//4670 4963//4619
f 4964//4620 5015//4671 4963//4619
f 5016//4672 5015//4671 4964//4620
f 4965//4621 5016//4672 4964//4620
f 5017//4673 5016//4672 4965//4621
f 5018//4674 5017//4673 4965//4621
f 4966//4622 5018//4674 4965//4621
f 5019//4675 5018//4674 4966//4622
f 4967//4623 5019//4675 4966//4622
f 5020//4676 5019//4675 4967//4623
f 4968//4624 5020//4676 4967//4623
f 5021//4677 5020//4676 4968//4624
f 4969//4625 5021//4677 4968//4624
f 5022//4678 5021//4677 4969//4625
f 4970//4626 5022//4678 4969//4625
f 4971//4627 5023//4679 4970//4626
f 5023//4679 5022//4678 4970//4626
f 4972//4628 5023//4679 4971//4627
f 5024//4680 5023//4679 4972//4628
f 4973//4629 5024//4680 4972//4628
f 5025//4681 5024//4680 4973//4629
f 4974//4630 5025//4681 4973//4629
f 5026//4682 5025//4681 4974//4630
f 4975//4631 5026//4682 4974//4630
f 5027//4683 5026//4682 4975//4631
f 4976//4632 5027//4683 4975//4631
f 5028//4684 5027//4683 4976//4632
f 4977//4633 5028//4684 4976//4632
f 5029//4685 5028//4684 4977//4633
f 4978//4634 5029//4685 4977//4633
f 5030//4686 5029//4685 4978//4634
f 5031//4687 4978//4634 4979//4635
f 5031//4687 5030//4686 4978//4634
f 5032//4688 4979//4635 4980//4636
f 5032//4688 5031//4687 4979//4635
f 5033//4689 4980//4636 4981//4637
f 5033//4689 5032//4688 4980//4636
f 5034//4690 4981//4637 4982//4638
f 5034//4690 5033//4689 4981//4637
f 5035//4691 4982//4638 4983//4639
f 5035//4691 5034//4690 4982//4638
f 5036//4692 4983//4639 4984//4640
f 5036//4692 5035//4691 4983//4639
f 5036//4692 4984//4640 4985//4641
f 5037//4693 5036//4692 4985//4641
f 5037//4693 4985//4641 4986//4642
f 5038//4694 5037//4693 4986//4642
f 5038//4694 4986//4642 4987//4643
f 5039//4695 5038//4694 4987//4643
f 5039//4695 4987//4643 4988//4644
f 5040//4696 5039//4695 4988//4644
f 5040//4696 4988//4644 4989//4645
f 5041//4697 5040//4696 4989//4645
f 5041//4697 4989//4645 4990//4646
f 5042//4698 5041//4697 4990//4646
f 5042//4698 4990//4646 4991//4647
f 5043//4699 5042//4698 4991//4647
f 5044//4700 4991//4647 4992//4648
f 5044//4700 5043//4699 4991//4647
f 5045//4701 4992//4648 4993//4649
f 5045//4701 5044//4700 4992//4648
f 5046//4702 4993//4649 4994//4650
f 5046//4702 5045//4701 4993//4649
f 5047//4703 4994//4650 4995//4651
f 5047//4703 5046//4702 4994//4650
f 5048//4704 4995//4651 4996//4652
f 5048//4704 5047//4703 4995//4651
f 4998//4654 4996//4652 4946//4602
f 4998//4654 5048//4704 4996//4652
f 5049//4705 4998//4654 4997//4653
f 5050//4706 5049//4705 4997//4653
f 5050//4706 4997//4653 4999//4655
f 5051//4707 5050//4706 4999//4655
f 5051//4707 4999//4655 5000//4656
f 5052//4708 5051//4707 5000//4656
f 5052//4708 5000//4656 5001//4657
f 5053//4709 5052//4708 5001//4657
f 5053//4709 5001//4657 5002//4658
f 5054//4710 5053//4709 5002//4658
f 5054//4710 5002//4658 5003//4659
f 5055//4711 5054//4710 5003//4659
f 5055//4711 5003//4659 5004//4660
f 5056//4712 5055//4711 5004//4660
f 5057//4713 5056//4712 5004//4660
f 5005//4661 5057//4713 5004//4660
f 5058//4714 5057//4713 5005//4661
f 5006//4662 5058//4714 5005//4661
f 5059//4715 5058//4714 5006//4662
f 5007//4663 5059//4715 5006//4662
f 5060//4716 5059//4715 5007//4663
f 5008//4664 5060//4716 5007//4663
f 5061//4717 5060//4716 5008//4664
f 5009//4665 5061//4717 5008//4664
f 5062//4718 5061//4717 5009//4665
f 5010//4666 5062//4718 5009//4665
f 5011//4667 5062//4718 5010//4666
f 5063//4719 5062//4718 5011//4667
f 5012//4668 5063//4719 5011//4667
f 5064//4720 5063//4719 5012//4668
f 5013//4669 5064//4720 5012//4668
f 5065//4721 5064//4720 5013//4669
f 5014//4670 5065//4721 5013//4669
f 5066//4722 5065//4721 5014//4670
f 5015//4671 5066//4722 5014//4670
f 5067//4723 5066//4722 5015//4671
f 5016//4672 5067//4723 5015//4671
f 5068//4724 5067//4723 5016//4672
f 5017//4673 5068//4724 5016//4672
f 5069//4725 5068//4724 5017//4673
f 5070//4726 5069//4725 5017//4673
f 5018//4674 5070//4726 5017//4673
f 5071//4727 5070//4726 5018//4674
f 5019//4675 5071//4727 5018//4674
f 5072//4728 5071//4727 5019//4675
f 5020//4676 5072//4728 5019//4675
f 5073//4729 5072//4728 5020//4676
f 5021//4677 5073//4729 5020//4676
f 5074//4730 5073//4729 5021//4677
f 5022//4678 5074//4730 5021//4677
f 5023//4679 5075//4731 5022//4678
f 5075//4731 5074//4730 5022//4678
f 5024//4680 5075//4731 5023//4679
f 5076//4732 5075//4731 5024//4680
f 5025//4681 5076//4732 5024//4680
f 5077//4733 5076//4732 5025//4681
f 5026//4682 5077//4733 5025//4681
f 5078//4734 5077//4733 5026//4682
f 5027//4683 5078//4734 5026//4682
f 5079//4735 5078//4734 5027//4683
f 5028//4684 5079//4735 5027//4683
f 5080//4736 5079//4735 5028//4684
f 5029//4685 5080//4736 5028//4684
f 5081//4737 5080//4736 5029//4685
f 5030//4686 5081//4737 5029//4685
f 5082//4738 5081//4737 5030//4686
f 5083//4739 5030//4686 5031//4687
f 5083//4739 5082//4738 5030//4686
f 5084//4740 5031//4687 5032//4688
f 5084//4740 5083//4739 5031//4687
f 5085//4741 5032//4688 5033//4689
f 5085//4741 5084//4740 5032//4688
f 5086//4742 5033//4689 5034//4690
f 5086//4742 5085//4741 5033//4689
f 5087//4743 5034//4690 5035//4691
f 5087//4743 5086//4742 5034//4690
f 5088//4744 5035//4691 5036//4692
f 5088//4744 5087//4743 5035//4691
f 5089//4745 5036//4692 5037//4693
f 5089//4745 5088//4744 5036//4692
f 5089//4745 5037//4693 5038//4694
f 5090//4746 5089//4745 5038//4694
f 5090//4746 5038//4694 5039//4695
f 5091//4747 5090//4746 5039//4695
f 5091//4747 5039//4695 5040//4696
f 5092//4748 5091//4747 5040//4696
f 5092//4748 5040//4696 5041//4697
f 5093//4749 5092//4748 5041//4697
f 5093//4749 5041//4697 5042//4698
f 5094//4750 5093//4749 5042//4698
f 5094//4750 5042//4698 5043//4699
f 5095//4751 5094//4750 5043//4699
f 5096//4752 5043//4699 5044//4700
f 5096//4752 5095//4751 5043//4699
f 5097//4753 5044//4700 5045//4701
f 5097//4753 5096//4752 5044//4700
f 5098//4754 5045//4701 5046//4702
f 5098//4754 5097//4753 5045//4701
f 5099//4755 5046//4702 5047//4703
f 5099//4755 5098//4754 5046//4702
f 5100//4756 5047//4703 5048//4704
f 5100//4756 5099//4755 5047//4703
f 5049//4705 5048//4704 4998//4654
f 5049//4705 5100//4756 5048//4704
f 5101//4757 5102//4758 5049//4705
f 5101//4757 5049//4705 5050//4706
f 5101//4757 5050//4706 5051//4707
f 5103//4759 5101//4757 5051//4707
f 5103//4759 5051//4707 5052//4708
f 5104//4760 5103//4759 5052//4708
f 5104//4760 5052//4708 5053//4709
f 5105//4761 5104//4760 5053//4709
f 5105//4761 5053//4709 5054//4710
f 5106//4762 5105//4761 5054//4710
f 5106//4762 5054//4710 5055//4711
f 5107//4763 5106//4762 5055//4711
f 5107//4763 5055//4711 5056//4712
f 5108//4764 5107//4763 5056//4712
f 5109//4765 5108//4764 5056//4712
f 5057//4713 5109//4765 5056//4712
f 5110//4766 5109//4765 5057//4713
f 5058//4714 5110//4766 5057//4713
f 5111//4767 5110//4766 5058//4714
f 5059//4715 5111//4767 5058//4714
f 5112//4768 5111//4767 5059//4715
f 5060//4716 5112//4768 5059//4715
f 5113//4769 5112//4768 5060//4716
f 5061//4717 5113//4769 5060//4716
f 5114//4770 5113//4769 5061//4717
f 5062//4718 5114//4770 5061//4717
f 5063//4719 5114//4770 5062//4718
f 5115//4771 5114//4770 5063//4719
f 5064//4720 5115//4771 5063//4719
f 5116//4772 5115//4771 5064//4720
f 5065//4721 5116//4772 5064//4720
f 5117//4773 5116//4772 5065//4721
f 5066//4722 5117//4773 5065//4721
f 5118//4774 5117//4773 5066//4722
f 5067//4723 5118//4774 5066//4722
f 5119//4775 5118//4774 5067//4723
f 5068//4724 5119//4775 5067//4723
f 5120//4776 5119//4775 5068//4724
f 5069//4725 5120//4776 5068//4724
f 5121//4777 5120//4776 5069//4725
f 5122//4778 5121//4777 5069//4725
f 5070//4726 5122//4778 5069//4725
f 5123//4779 5122//4778 5070//4726
f 5071//4727 5123//4779 5070//4726
f 5124//4780 5123//4779 5071//4727
f 5072//4728 5124//4780 5071//4727
f 5125//4781 5124//4780 5072//4728
f 5073//4729 5125//4781 5072//4728
f 5126//4782 5125//4781 5073//4729
f 5074//4730 5126//4782 5073//4729
f 5075//4731 5127//4783 5074//4730
f 5127//4783 5126//4782 5074//4730
f 5076//4732 5127//4783 5075//4731
f 5128//4784 5127//4783 5076//4732
f 5077//4733 5128//4784 5076//4732
f 5129//4785 5128//4784 5077//4733
f 5078//4734 5129//4785 5077//4733
f 5130//4786 5129//4785 5078//4734
f 5079//4735 5130//4786 5078//4734
f 5131//4787 5130//4786 5079//4735
f 5080//4736 5131//4787 5079//4735
f 5132//4788 5131//4787 5080//4736
f 5081//4737 5132//4788 5080//4736
f 5133//4789 5132//4788 5081//4737
f 5082//4738 5133//4789 5081//4737
f 5134//4790 5133//4789 5082//4738
f 5135//4791 5082//4738 5083//4739
f 5135//4791 5134//4790 5082//4738
f 5136//4792 5083//4739 5084//4740
f 5136//4792 5135//4791 5083//4739
f 5137//4793 5084//4740 5085//4741
f 5137//4793 5136//4792 5084//4740
f 5138//4794 5085//4741 5086//4742
f 5138//4794 5137//4793 5085//4741
f 5139//4795 5086//4742 5087//4743
f 5139//4795 5138//4794 5086//4742
f 5140//4796 5087//4743 5088//4744
f 5140//4796 5139//4795 5087//4743
f 5141//4797 5088//4744 5089//4745
f 5141//4797 5140//4796 5088//4744
f 5141//4797 5089//4745 5090//4746
f 5142//4798 5141//4797 5090//4746
f 5142//4798 5090//4746 5091//4747
f 5143//4799 5142//4798 5091//4747
f 5143//4799 5091//4747 5092//4748
f 5144//4800 5143//4799 5092//4748
f 5144//4800 5092//4748 5093//4749
f 5145//4801 5144//4800 5093//4749
f 5145//4801 5093//4749 5094//4750
f 5146//4802 5145//4801 5094//4750
f 5146//4802 5094//4750 5095//4751
f 5147//4803 5146//4802 5095//4751
f 5148//4804 5095//4751 5096//4752
f 5148//4804 5147//4803 5095//4751
f 5149//4805 5096//4752 5097//4753
f 5149//4805 5148//4804 5096//4752
f 5150//4806 5097//4753 5098//4754
f 5150//4806 5149//4805 5097//4753
f 5151//4807 5098//4754 5099//4755
f 5151//4807 5150//4806 5098//4754
f 5152//4808 5099//4755 5100//4756
f 5152//4808 5151//4807 5099//4755
f 5102//4758 5100//4756 5049//4705
f 5102//4758 5152//4808 5100//4756
f 5153//4809 5154//4810 5102//4758
f 5153//4809 5102//4758 5101//4757
f 5153//4809 5101//4757 5103//4759
f 5155//4811 5153//4809 5103//4759
f 5155//4811 5103//4759 5104//4760
f 5156//4812 5155//4811 5104//4760
f 5156//4812 5104//4760 5105//4761
f 5157//4813 5156//4812 5105//4761
f 5157//4813 5105//4761 5106//4762
f 5158//4814 5157//4813 5106//4762
f 5158//4814 5106//4762 5107//4763
f 5159//4815 5158//4814 5107//4763
f 5159//4815 5107//4763 5108//4764
f 5160//4816 5159//4815 5108//4764
f 5161//4817 5160//4816 5108//4764
f 5109//4765 5161//4817 5108//4764
f 5162//4818 5161//4817 5109//4765
f 5110//4766 5162//4818 5109//4765
f 5163//4819 5162//4818 5110//4766
f 5111//4767 5163//4819 5110//4766
f 5164//4820 5163//4819 5111//4767
f 5112//4768 5164//4820 5111//4767
f 5165//4821 5164//4820 5112//4768
f 5113//4769 5165//4821 5112//4768
f 5166//4822 5165//4821 5113//4769
f 5114//4770 5166//4822 5113//4769
f 5115//4771 5166//4822 5114//4770
f 5167//4823 5166//4822 5115//4771
f 5116//4772 5167//4823 5115//4771
f 5168//4824 5167//4823 5116//4772
f 5117//4773 5168//4824 5116//4772
f 5169//4825 5168//4824 5117//4773
f 5118//4774 5169//4825 5117//4773
f 5170//4826 5169//4825 5118//4774
f 5119//4775 5170//4826 5118//4774
f 5171//4827 5170//4826 5119//4775
f 5120//4776 5171//4827 5119//4775
f 5172//4828 5171//4827 5120//4776
f 5121//4777 5172//4828 5120//4776
f 5173//4829 5172//4828 5121//4777
f 5174//4830 5173//4829 5121//4777
f 5122//4778 5174//4830 5121//4777
f 5175//4831 5174//4830 5122//4778
f 5123//4779 5175//4831 5122//4778
f 5176//4832 5175//4831 5123//4779
f 5124//4780 5176//4832 5123//4779
f 5177//4833 5176//4832 5124//4780
f 5125//4781 5177//4833 5124//4780
f 5178//4834 5177//4833 5125//4781
f 5126//4782 5178//4834 5125//4781
f 5127//4783 5179//4835 5126//4782
f 5179//4835 5178//4834 5126//4782
f 5128//4784 5180//4836 5127//4783
f 5180//4836 5179//4835 5127//4783
f 5129//4785 5180//4836 5128//4784
f 5181//4837 5180//4836 5129//4785
f 5130//4786 5181//4837 5129//4785
f 5182//4838 5181//4837 5130//4786
f 5131//4787 5182//4838 5130//4786
f 5183//4839 5182//4838 5131//4787
f 5132//4788 5183//4839 5131//4787
f 5184//4840 5183//4839 5132//4788
f 5133//4789 5184//4840 5132//4788
f 5185//4841 5184//4840 5133//4789
f 5134//4790 5185//4841 5133//4789
f 5186//4842 5185//4841 5134//4790
f 5187//4843 5134//4790 5135//4791
f 5187//4843 5186//4842 5134//4790
f 5188//4844 5135//4791 5136//4792
f 5188//4844 5187//4843 5135//4791
f 5189//4845 5136//4792 5137//4793
f 5189//4845 5188//4844 5136//4792
f 5190//4846 5137//4793 5138//4794
f 5190//4846 5189//4845 5137//4793
f 5191//4847 5138//4794 5139//4795
f 5191//4847 5190//4846 5138//4794
f 5192//4848 5139//4795 5140//4796
f 5192//4848 5191//4847 5139//4795
f 5192//4848 5140//4796 5141//4797
f 5193//4849 5192//4848 5141//4797
f 5193//4849 5141//4797 5142//4798
f 5194//4850 5193//4849 5142//4798
f 5194//4850 5142//4798 5143//4799
f 5195//4851 5194//4850 5143//4799
f 5195//4851 5143//4799 5144//4800
f 5196//4852 5195//4851 5144//4800
f 5196//4852 5144//4800 5145//4801
f 5197//4853 5196//4852 5145//4801
f 5197//4853 5145//4801 5146//4802
f 5198//4854 5197//4853 5146//4802
f 5198//4854 5146//4802 5147//4803
f 5199//4855 5198//4854 5147//4803
f 5200//4856 5147//4803 5148//4804
f 5200//4856 5199//4855 5147//4803
f 5201//4857 5148//4804 5149//4805
f 5201//4857 5200//4856 5148//4804
f 5202//4858 5149//4805 5150//4806
f 5202//4858 5201//4857 5149//4805
f 5203//4859 5150//4806 5151//4807
f 5203//4859 5202//4858 5150//4806
f 5204//4860 5151//4807 5152//4808
f 5204//4860 5203//4859 5151//4807
f 5154//4810 5152//4808 5102//4758
f 5154//4810 5204//4860 5152//4808
f 5205//4861 5154//4810 5153//4809
f 5206//4862 5205//4861 5153//4809
f 5206//4862 5153//4809 5155//4811
f 5207//4863 5206//4862 5155//4811
f 5207//4863 5155//4811 5156//4812
f 5208//4864 5207//4863 5156//4812
f 5208//4864 5156//4812 5157//4813
f 5209//4865 5208//4864 5157//4813
f 5210//4866 5209//4865 5157//4813
f 5210//4866 5157//4813 5158//4814
f 5211//4867 5210//4866 5158//4814
f 5211//4867 5158//4814 5159//4815
f 5212//4868 5211//4867 5159//4815
f 5212//4868 5159//4815 5160//4816
f 5161//4817 5212//4868 5160//4816
f 5213//4869 5212//4868 5161//4817
f 5162//4818 5213//4869 5161//4817
f 5214//4870 5213//4869 5162//4818
f 5163//4819 5214//4870 5162//4818
f 5215//4871 5214//4870 5163//4819
f 5216//4872 5215//4871 5163//4819
f 5164//4820 5216//4872 5163//4819
f 5217//4873 5216//4872 5164//4820
f 5165//4821 5217//4873 5164//4820
f 5218//4874 5217//4873 5165//4821
f 5166//4822 5218//4874 5165//4821
f 5219//4875 5218//4874 5166//4822
f 5167//4823 5219//4875 5166//4822
f 5168//4824 5219//4875 5167//4823
f 5220//4876 5219//4875 5168//4824
f 5169//4825 5220//4876 5168//4824
f 5221//4877 5220//4876 5169//4825
f 5170//4826 5221//4877 5169//4825
f 5222//4878 5221//4877 5170//4826
f 5223//4879 5222//4878 5170//4826
f 5171//4827 5223//4879 5170//4826
f 5224//4880 5223//4879 5171//4827
f 5172//4828 5224//4880 5171//4827
f 5225//4881 5224//4880 5172//4828
f 5173//4829 5225//4881 5172//4828
f 5174//4830 5225//4881 5173//4829
f 5226//4882 5225//4881 5174//4830
f 5175//4831 5226//4882 5174//4830
f 5227//4883 5226//4882 5175//4831
f 5176//4832 5227//4883 5175//4831
f 5228//4884 5227//4883 5176//4832
f 5229//4885 5228//4884 5176//4832
f 5177//4833 5229//4885 5176//4832
f 5230//4886 5229//4885 5177//4833
f 5178//4834 5230//4886 5177//4833
f 5179//4835 5231//4887 5178//4834
f 5231//4887 5230//4886 5178//4834
f 5180//4836 5231//4887 5179//4835
f 5232//4888 5231//4887 5180//4836
f 5181//4837 5232//4888 5180//4836
f 5233//4889 5232//4888 5181//4837
f 5182//4838 5233//4889 5181//4837
f 5234//4890 5233//4889 5182//4838
f 5183//4839 5234//4890 5182//4838
f 5235//4891 5234//4890 5183//4839
f 5184//4840 5236//4892 5183//4839
f 5236//4892 5235//4891 5183//4839
f 5185//4841 5237//4893 5184//4840
f 5237//4893 5236//4892 5184//4840
f 5186//4842 5238//4894 5185//4841
f 5238//4894 5237//4893 5185//4841
f 5238//4894 5186//4842 5187//4843
f 5239//4895 5238//4894 5187//4843
f 5239//4895 5187//4843 5188//4844
f 5240//4896 5239//4895 5188//4844
f 5240//4896 5188//4844 5189//4845
f 5241//4897 5240//4896 5189//4845
f 5242//4898 5189//4845 5190//4846
f 5242//4898 5241//4897 5189//4845
f 5243//4899 5190//4846 5191//4847
f 5243//4899 5242//4898 5190//4846
f 5244//4900 5191//4847 5192//4848
f 5244//4900 5243//4899 5191//4847
f 5245//4901 5192//4848 5193//4849
f 5245//4901 5244//4900 5192//4848
f 5245//4901 5193//4849 5194//4850
f 5246//4902 5245//4901 5194//4850
f 5246//4902 5194//4850 5195//4851
f 5247//4903 5246//4902 5195//4851
f 5247//4903 5195//4851 5196//4852
f 5248//4904 5247//4903 5196//4852
f 5249//4905 5196//4852 5197//4853
f 5249//4905 5248//4904 5196//4852
f 5250//4906 5197//4853 5198//4854
f 5250//4906 5249//4905 5197//4853
f 5251//4907 5198//4854 5199//4855
f 5251//4907 5250//4906 5198//4854
f 5251//4907 5199//4855 5200//4856
f 5252//4908 5251//4907 5200//4856
f 5252//4908 5200//4856 5201//4857
f 5253//4909 5252//4908 5201//4857
f 5253//4909 5201//4857 5202//4858
f 5254//4910 5253//4909 5202//4858
f 5255//4911 5202//4858 5203//4859
f 5255//4911 5254//4910 5202//4858
f 5256//4912 5203//4859 5204//4860
f 5256//4912 5255//4911 5203//4859
f 5205//4861 5204//4860 5154//4810
f 5205//4861 5256//4912 5204//4860
f 5257//4913 5205//4861 5206//4862
f 5258//4914 5257//4913 5206//4862
f 5259//4915 5258//4914 5206//4862
f 5259//4915 5206//4862 5207//4863
f 5260//4916 5259//4915 5207//4863
f 5260//4916 5207//4863 5208//4864
f 5261//4917 5260//4916 5208//4864
f 5261//4917 5208//4864 5209//4865
f 5262//4918 5261//4917 5209//4865
f 5262//4918 5209//4865 5210//4866
f 5263//4919 5262//4918 5210//4866
f 5263//4919 5210//4866 5211//4867
f 5264//4920 5263//4919 5211//4867
f 5264//4920 5211//4867 5212//4868
f 5213//4869 5264//4920 5212//4868
f 5265//4921 5264//4920 5213//4869
f 5214//4870 5265//4921 5213//4869
f 5266//4922 5265//4921 5214//4870
f 5215//4871 5266//4922 5214//4870
f 5267//4923 5266//4922 5215//4871
f 5216//4872 5267//4923 5215//4871
f 5268//4924 5267//4923 5216//4872
f 5217//4873 5268//4924 5216//4872
f 5269//4925 5268//4924 5217//4873
f 5218//4874 5269//4925 5217//4873
f 5270//4926 5269//4925 5218//4874
f 5271//4927 5270//4926 5218//4874
f 5219//4875 5271//4927 5218//4874
f 5220//4876 5271//4927 5219//4875
f 5272//4928 5271//4927 5220//4876
f 5273//4929 5272//4928 5220//4876
f 5221//4877 5273//4929 5220//4876
f 5274//4930 5273//4929 5221//4877
f 5222//4878 5274//4930 5221//4877
f 5275//4931 5274//4930 5222//4878
f 5223//4879 5275//4931 5222//4878
f 5276//4932 5275//4931 5223//4879
f 5224//4880 5276//4932 5223//4879
f 5277//4933 5276//4932 5224//4880
f 5225//4881 5277//4933 5224//4880
f 5226//4882 5277//4933 5225//4881
f 5278//4934 5277//4933 5226//4882
f 5227//4883 5278//4934 5226//4882
f 5279//4935 5278//4934 5227//4883
f 5228//4884 5279//4935 5227//4883
f 5280//4936 5279//4935 5228//4884
f 5229//4885 5280//4936 5228//4884
f 5281//4937 5280//4936 5229//4885
f 5230//4886 5281//4937 5229//4885
f 5282//4938 5281//4937 5230//4886
f 5231//4887 5283//4939 5230//4886
f 5283//4939 5282//4938 5230//4886
f 5232//4888 5283//4939 5231//4887
f 5284//4940 5283//4939 5232//4888
f 5285//4941 5284//4940 5232//4888
f 5233//4889 5285//4941 5232//4888
f 5234//4890 5286//4942 5233//4889
f 5286//4942 5285//4941 5233//4889
f 5235//4891 5287//4943 5234//4890
f 5287//4943 5286//4942 5234//4890
f 5236//4892 5288//4944 5235//4891
f 5288//4944 5287//4943 5235//4891
f 5237//4893 5289//4945 5236//4892
f 5289//4945 5288//4944 5236//4892
f 5238//4894 5290//4946 5237//4893
f 5290//4946 5289//4945 5237//4893
f 5290//4946 5238//4894 5239//4895
f 5291//4947 5290//4946 5239//4895
f 5291//4947 5239//4895 5240//4896
f 5292//4948 5291//4947 5240//4896
f 5292//4948 5240//4896 5241//4897
f 5293//4949 5292//4948 5241//4897
f 5293//4949 5241//4897 5242//4898
f 5294//4950 5293//4949 5242//4898
f 5294//4950 5242//4898 5243//4899
f 5295//4951 5294//4950 5243//4899
f 5295//4951 5243//4899 5244//4900
f 5296//4952 5295//4951 5244//4900
f 5296//4952 5244//4900 5245//4901
f 5297//4953 5296//4952 5245//4901
f 5297//4953 5245//4901 5246//4902
f 5298//4954 5297//4953 5246//4902
f 5299//4955 5246//4902 5247//4903
f 5299//4955 5298//4954 5246//4902
f 5300//4956 5247//4903 5248//4904
f 5300//4956 5299//4955 5247//4903
f 5301//4957 5248//4904 5249//4905
f 5301//4957 5300//4956 5248//4904
f 5302//4958 5249//4905 5250//4906
f 5302//4958 5301//4957 5249//4905
f 5303//4959 5250//4906 5251//4907
f 5303//4959 5302//4958 5250//4906
f 5303//4959 5251//4907 5252//4908
f 5304//4960 5303//4959 5252//4908
f 5304//4960 5252//4908 5253//4909
f 5305//4961 5304//4960 5253//4909
f 5305//4961 5253//4909 5254//4910
f 5306//4962 5305//4961 5254//4910
f 5306//4962 5254//4910 5255//4911
f 5307//4963 5306//4962 5255//4911
f 5307//4963 5255//4911 5256//4912
f 5308//4964 5307//4963 5256//4912
f 5257//4913 5256//4912 5205//4861
f 5257//4913 5308//4964 5256//4912
f 5309//4965 5310//4966 5257//4913
f 5309//4965 5257//4913 5258//4914
f 5311//4967 5309//4965 5258//4914
f 5311//4967 5258//4914 5259//4915
f 5312//4968 5311//4967 5259//4915
f 5312//4968 5259//4915 5260//4916
f 5313//4969 5312//4968 5260//4916
f 5313//4969 5260//4916 5261//4917
f 5314//4970 5313//4969 5261//4917
f 5314//4970 5261//4917 5262//4918
f 5315//4971 5314//4970 5262//4918
f 5315//4971 5262//4918 5263//4919
f 5316//4972 5315//4971 5263//4919
f 5316//4972 5263//4919 5264//4920
f 5265//4921 5316//4972 5264//4920
f 5317//4973 5316//4972 5265//4921
f 5266//4922 5317//4973 5265//4921
f 5318//4974 5317//4973 5266//4922
f 5267//4923 5318//4974 5266//4922
f 5319//4975 5318//4974 5267//4923
f 5268//4924 5319//4975 5267//4923
f 5320//4976 5319//4975 5268//4924
f 5269//4925 5320//4976 5268//4924
f 5321//4977 5320//4976 5269//4925
f 5270//4926 5321//4977 5269//4925
f 5322//4978 5321//4977 5270//4926
f 5323//4979 5322//4978 5270//4926
f 5271//4927 5323//4979 5270//4926
f 5272//4928 5323//4979 5271//4927
f 5324//4980 5323//4979 5272//4928
f 5325//4981 5324//4980 5272//4928
f 5273//4929 5325//4981 5272//4928
f 5326//4982 5325//4981 5273//4929
f 5274//4930 5326//4982 5273//4929
f 5327//4983 5326//4982 5274//4930
f 5275//4931 5327//4983 5274//4930
f 5328//4984 5327//4983 5275//4931
f 5276//4932 5328//4984 5275//4931
f 5329//4985 5328//4984 5276//4932
f 5277//4933 5329//4985 5276//4932
f 5278//4934 5329//4985 5277//4933
f 5330//4986 5329//4985 5278//4934
f 5279//4935 5330//4986 5278//4934
f 5331//4987 5330//4986 5279//4935
f 5280//4936 5331//4987 5279//4935
f 5332//4988 5331//4987 5280//4936
f 5281//4937 5332//4988 5280//4936
f 5333//4989 5332//4988 5281//4937
f 5282//4938 5333//4989 5281//4937
f 5334//4990 5333//4989 5282//4938
f 5283//4939 5335//4991 5282//4938
f 5335//4991 5334//4990 5282//4938
f 5284//4940 5335//4991 5283//4939
f 5336//4992 5335//4991 5284//4940
f 5337//4993 5336//4992 5284//4940
f 5285//4941 5337//4993 5284//4940
f 5286//4942 5338//4994 5285//4941
f 5338//4994 5337//4993 5285//4941
f 5287//4943 5339//4995 5286//4942
f 5339//4995 5338//4994 5286//4942
f 5288//4944 5340//4996 5287//4943
f 5340//4996 5339//4995 5287//4943
f 5289//4945 5341//4997 5288//4944
f 5341//4997 5340//4996 5288//4944
f 5290//4946 5342//4998 5289//4945
f 5342//4998 5341//4997 5289//4945
f 5342//4998 5290//4946 5291//4947
f 5343//4999 5342//4998 5291//4947
f 5343//4999 5291//4947 5292//4948
f 5344//5000 5343//4999 5292//4948
f 5344//5000 5292//4948 5293//4949
f 5345//5001 5344//5000 5293//4949
f 5345//5001 5293//4949 5294//4950
f 5346//5002 5345//5001 5294//4950
f 5346//5002 5294//4950 5295//4951
f 5347//5003 5346//5002 5295//4951
f 5347//5003 5295//4951 5296//4952
f 5348//5004 5347//5003 5296//4952
f 5348//5004 5296//4952 5297//4953
f 5349//5005 5348//5004 5297//4953
f 5349//5005 5297//4953 5298//4954
f 5350//5006 5349//5005 5298//4954
f 5351//5007 5298//4954 5299//4955
f 5351//5007 5350//5006 5298//4954
f 5352//5008 5299//4955 5300//4956
f 5352//5008 5351//5007 5299//4955
f 5353//5009 5300//4956 5301//4957
f 5353//5009 5352//5008 5300//4956
f 5354//5010 5301//4957 5302//4958
f 5354//5010 5353//5009 5301//4957
f 5355//5011 5302//4958 5303//4959
f 5355//5011 5354//5010 5302//4958
f 5355//5011 5303//4959 5304//4960
f 5356//5012 5355//5011 5304//4960
f 5356//5012 5304//4960 5305//4961
f 5357//5013 5356//5012 5305//4961
f 5357//5013 5305//4961 5306//4962
f 5358//5014 5357//5013 5306//4962
f 5358//5014 5306//4962 5307//4963
f 5359//5015 5358//5014 5307//4963
f 5359//5015 5307//4963 5308//4964
f 5360//5016 5359//5015 5308//4964
f 5310//4966 5308//4964 5257//4913
f 5310//4966 5360//5016 5308//4964
f 5361//5017 5362//5018 5310//4966
f 5361//5017 5310//4966 5309//4965
f 5363//5019 5361//5017 5309//4965
f 5363//5019 5309//4965 5311//4967
f 5364//5020 5363//5019 5311//4967
f 5364//5020 5311//4967 5312//4968
f 5365//5021 5364//5020 5312//4968
f 5365//5021 5312//4968 5313//4969
f 5366//5022 5365//5021 5313//4969
f 5366//5022 5313//4969 5314//4970
f 5367//5023 5366//5022 5314//4970
f 5367//5023 5314//4970 5315//4971
f 5368//5024 5367//5023 5315//4971
f 5368//5024 5315//4971 5316//4972
f 5317//4973 5368//5024 5316//4972
f 5369//5025 5368//5024 5317//4973
f 5318//4974 5369//5025 5317//4973
f 5370//5026 5369//5025 5318//4974
f 5319//4975 5370//5026 5318//4974
f 5371//5027 5370//5026 5319//4975
f 5320//4976 5371//5027 5319//4975
f 5372//5028 5371//5027 5320//4976
f 5321//4977 5372//5028 5320//4976
f 5373//5029 5372//5028 5321//4977
f 5322//4978 5373//5029 5321//4977
f 5374//5030 5373//5029 5322//4978
f 5375//5031 5374//5030 5322//4978
f 5323//4979 5375//5031 5322//4978
f 5324//4980 5375//5031 5323//4979
f 5376//5032 5375//5031 5324//4980
f 5377//5033 5376//5032 5324//4980
f 5325//4981 5377//5033 5324//4980
f 5378//5034 5377//5033 5325//4981
f 5326//4982 5378//5034 5325//4981
f 5379//5035 5378//5034 5326//4982
f 5327//4983 5379//5035 5326//4982
f 5380//5036 5379//5035 5327//4983
f 5328//4984 5380//5036 5327//4983
f 5381//5037 5380//5036 5328//4984
f 5329//4985 5381//5037 5328//4984
f 5330//4986 5381//5037 5329//4985
f 5382//5038 5381//5037 5330//4986
f 5331//4987 5382//5038 5330//4986
f 5383//5039 5382//5038 5331//4987
f 5332//4988 5383//5039 5331//4987
f 5384//5040 5383//5039 5332//4988
f 5333//4989 5384//5040 5332//4988
f 5385//5041 5384//5040 5333//4989
f 5334//4990 5385//5041 5333//4989
f 5386//5042 5385//5041 5334//4990
f 5335//4991 5386//5042 5334//4990
f 5387//5043 5386//5042 5335//4991
f 5336//4992 5387//5043 5335//4991
f 5388//5044 5387//5043 5336//4992
f 5337//4993 5388//5044 5336//4992
f 5389//5045 5388//5044 5337//4993
f 5338//4994 5390//5046 5337//4993
f 5390//5046 5389//5045 5337//4993
f 5339//4995 5391//5047 5338//4994
f 5391//5047 5390//5046 5338//4994
f 5340//4996 5392//5048 5339//4995
f 5392//5048 5391//5047 5339//4995
f 5341//4997 5393//5049 5340//4996
f 5393//5049 5392//5048 5340//4996
f 5342//4998 5394//5050 5341//4997
f 5394//5050 5393//5049 5341//4997
f 5394//5050 5342//4998 5343//4999
f 5395//5051 5394//5050 5343//4999
f 5395//5051 5343//4999 5344//5000
f 5396//5052 5395//5051 5344//5000
f 5396//5052 5344//5000 5345//5001
f 5397//5053 5396//5052 5345//5001
f 5397//5053 5345//5001 5346//5002
f 5398//5054 5397//5053 5346//5002
f 5398//5054 5346//5002 5347//5003
f 5399//5055 5398//5054 5347//5003
f 5399//5055 5347//5003 5348//5004
f 5400//5056 5399//5055 5348//5004
f 5400//5056 5348//5004 5349//5005
f 5401//5057 5400//5056 5349//5005
f 5401//5057 5349//5005 5350//5006
f 5402//5058 5401//5057 5350//5006
f 5403//5059 5350//5006 5351//5007
f 5403//5059 5402//5058 5350//5006
f 5404//5060 5351//5007 5352//5008
f 5404//5060 5403//5059 5351//5007
f 5405//5061 5352//5008 5353//5009
f 5405//5061 5404//5060 5352//5008
f 5406//5062 5353//5009 5354//5010
f 5406//5062 5405//5061 5353//5009
f 5407//5063 5354//5010 5355//5011
f 5407//5063 5406//5062 5354//5010
f 5407//5063 5355//5011 5356//5012
f 5408//5064 5407//5063 5356//5012
f 5408//5064 5356//5012 5357//5013
f 5409//5065 5408//5064 5357//5013
f 5409//5065 5357//5013 5358//5014
f 5410//5066 5409//5065 5358//5014
f 5410//5066 5358//5014 5359//5015
f 5411//5067 5410//5066 5359//5015
f 5411//5067 5359//5015 5360//5016
f 5412//5068 5411//5067 5360//5016
f 5412//5068 5360//5016 5310//4966
f 5362//5018 5412//5068 5310//4966
f 5413//5069 5414//5070 5362//5018
f 5413//5069 5362//5018 5361//5017
f 5415//5071 5413//5069 5361//5017
f 5415//5071 5361//5017 5363//5019
f 5416//5072 5415//5071 5363//5019
f 5416//5072 5363//5019 5364//5020
f 5417//5073 5416//5072 5364//5020
f 5417//5073 5364//5020 5365//5021
f 5418//5074 5417//5073 5365//5021
f 5418//5074 5365//5021 5366//5022
f 5419//5075 5418//5074 5366//5022
f 5419//5075 5366//5022 5367//5023
f 5420//5076 5419//5075 5367//5023
f 5420//5076 5367//5023 5368//5024
f 5369//5025 5420//5076 5368//5024
f 5421//5077 5420//5076 5369//5025
f 5370//5026 5421//5077 5369//5025
f 5422//5078 5421//5077 5370//5026
f 5371//5027 5422//5078 5370//5026
f 5423//5079 5422//5078 5371//5027
f 5372//5028 5423//5079 5371//5027
f 5424//5080 5423//5079 5372//5028
f 5373//5029 5424//5080 5372//5028
f 5425//5081 5424//5080 5373//5029
f 5374//5030 5425//5081 5373//5029
f 5426//5082 5425//5081 5374//5030
f 5375//5031 5426//5082 5374//5030
f 5427//5083 5426//5082 5375//5031
f 5376//5032 5427//5083 5375//5031
f 5428//5084 5427//5083 5376//5032
f 5429//5085 5428//5084 5376//5032
f 5377//5033 5429//5085 5376//5032
f 5430//5086 5429//5085 5377//5033
f 5378//5034 5430//5086 5377//5033
f 5431//5087 5430//5086 5378//5034
f 5379//5035 5431//5087 5378//5034
f 5432//5088 5431//5087 5379//5035
f 5380//5036 5432//5088 5379//5035
f 5433//5089 5432//5088 5380//5036
f 5381//5037 5433//5089 5380//5036
f 5382//5038 5433//5089 5381//5037
f 5434//5090 5433//5089 5382//5038
f 5383//5039 5434//5090 5382//5038
f 5435//5091 5434//5090 5383//5039
f 5384//5040 5435//5091 5383//5039
f 5436//5092 5435//5091 5384//5040
f 5385//5041 5436//5092 5384//5040
f 5437//5093 5436//5092 5385//5041
f 5386//5042 5437//5093 5385//5041
f 5438//5094 5437//5093 5386//5042
f 5387//5043 5439//5095 5386//5042
f 5439//5095 5438//5094 5386//5042
f 5388//5044 5439//5095 5387//5043
f 5440//5096 5439//5095 5388//5044
f 5389//5045 5440//5096 5388//5044
f 5441//5097 5440//5096 5389//5045
f 5390//5046 5442//5098 5389//5045
f 5442//5098 5441//5097 5389//5045
f 5391//5047 5443//5099 5390//5046
f 5443//5099 5442//5098 5390//5046
f 5392//5048 5444//5100 5391//5047
f 5444//5100 5443//5099 5391//5047
f 5393//5049 5445//5101 5392//5048
f 5445//5101 5444//5100 5392//5048
f 5394//5050 5446//5102 5393//5049
f 5446//5102 5445//5101 5393//5049
f 5446//5102 5394//5050 5395//5051
f 5447//5103 5446//5102 5395//5051
f 5447//5103 5395//5051 5396//5052
f 5448//5104 5447//5103 5396//5052
f 5448//5104 5396//5052 5397//5053
f 5449//5105 5448//5104 5397//5053
f 5449//5105 5397//5053 5398//5054
f 5450//5106 5449//5105 5398//5054
f 5450//5106 5398//5054 5399//5055
f 5451//5107 5450//5106 5399//5055
f 5451//5107 5399//5055 5400//5056
f 5452//5108 5451//5107 5400//5056
f 5452//5108 5400//5056 5401//5057
f 5453//5109 5452//5108 5401//5057
f 5454//5110 5401//5057 5402//5058
f 5454//5110 5453//5109 5401//5057
f 5455//5111 5402//5058 5403//5059
f 5455//5111 5454//5110 5402//5058
f 5456//5112 5403//5059 5404//5060
f 5456//5112 5455//5111 5403//5059
f 5457//5113 5404//5060 5405//5061
f 5457//5113 5456//5112 5404//5060
f 5458//5114 5405//5061 5406//5062
f 5458//5114 5457//5113 5405//5061
f 5459//5115 5406//5062 5407//5063
f 5459//5115 5458//5114 5406//5062
f 5459//5115 5407//5063 5408//5064
f 5460//5116 5459//5115 5408//5064
f 5460//5116 5408//5064 5409//5065
f 5461//5117 5460//5116 5409//5065
f 5461//5117 5409//5065 5410//5066
f 5462//5118 5461//5117 5410//5066
f 5462//5118 5410//5066 5411//5067
f 5463//5119 5462//5118 5411//5067
f 5463//5119 5411//5067 5412//5068
f 5464//5120 5463//5119 5412//5068
f 5464//5120 5412//5068 5362//5018
f 5414//5070 5464//5120 5362//5018
f 5465//5121 5414//5070 5413//5069
f 5466//5122 5465//5121 5413//5069
f 5466//5122 5413//5069 5415//5071
f 5467//5123 5466//5122 5415//5071
f 5467//5123 5415//5071 5416//5072
f 5468//5124 5467//5123 5416//5072
f 5468//5124 5416//5072 5417//5073
f 5469//5125 5468//5124 5417//5073
f 5469//5125 5417//5073 5418//5074
f 5470//5126 5469//5125 5418//5074
f 5470//5126 5418//5074 5419//5075
f 5471//5127 5470//5126 5419//5075
f 5471//5127 5419//5075 5420//5076
f 5472//5128 5471//5127 5420//5076
f 5421//5077 5472//5128 5420//5076
f 5473//5129 5472//5128 5421//5077
f 5422//5078 5473//5129 5421//5077
f 5474//5130 5473//5129 5422//5078
f 5423//5079 5474//5130 5422//5078
f 5475//5131 5474//5130 5423//5079
f 5424//5080 5475//5131 5423//5079
f 5476//5132 5475//5131 5424//5080
f 5425//5081 5476//5132 5424//5080
f 5477//5133 5476//5132 5425//5081
f 5426//5082 5477//5133 5425//5081
f 5478//5134 5477//5133 5426//5082
f 5427//5083 5478//5134 5426//5082
f 5479//5134 5478//5134 5427//5083
f 5428//5084 5479//5134 5427//5083
f 5480//5135 5479//5134 5428//5084
f 5429//5085 5480//5135 5428//5084
f 5481//5136 5480//5135 5429//5085
f 5430//5086 5481//5136 5429//5085
f 5482//5137 5481//5136 5430//5086
f 5431//5087 5482//5137 5430//5086
f 5483//5138 5482//5137 5431//5087
f 5432//5088 5483//5138 5431//5087
f 5484//5139 5483//5138 5432//5088
f 5433//5089 5484//5139 5432//5088
f 5485//5140 5484//5139 5433//5089
f 5434//5090 5485//5140 5433//5089
f 5486//5141 5485//5140 5434//5090
f 5435//5091 5486//5141 5434//5090
f 5487//5142 5486//5141 5435//5091
f 5436//5092 5487//5142 5435//5091
f 5488//5143 5487//5142 5436//5092
f 5437//5093 5488//5143 5436//5092
f 5489//5144 5488//5143 5437//5093
f 5438//5094 5489//5144 5437//5093
f 5490//5145 5489//5144 5438//5094
f 5439//5095 5491//5146 5438//5094
f 5491//5146 5490//5145 5438//5094
f 5440//5096 5492//5147 5439//5095
f 5492//5147 5491//5146 5439//5095
f 5441//5097 5492//5147 5440//5096
f 5493//5148 5492//5147 5441//5097
f 5442//5098 5494//5149 5441//5097
f 5494//5149 5493//5148 5441//5097
f 5443//5099 5495//5150 5442//5098
f 5495//5150 5494//5149 5442//5098
f 5444//5100 5496//5151 5443//5099
f 5496//5151 5495//5150 5443//5099
f 5445//5101 5497//5152 5444//5100
f 5497//5152 5496//5151 5444//5100
f 5446//5102 5498//5153 5445//5101
f 5498//5153 5497//5152 5445//5101
f 5499//5154 5446//5102 5447//5103
f 5499//5154 5498//5153 5446//5102
f 5500//5155 5447//5103 5448//5104
f 5500//5155 5499//5154 5447//5103
f 5501//5156 5448//5104 5449//5105
f 5501//5156 5500//5155 5448//5104
f 5502//5157 5449//5105 5450//5106
f 5502//5157 5501//5156 5449//5105
f 5503//5158 5450//5106 5451//5107
f 5503//5158 5502//5157 5450//5106
f 5504//5159 5451//5107 5452//5108
f 5504//5159 5503//5158 5451//5107
f 5505//5160 5452//5108 5453//5109
f 5505//5160 5504//5159 5452//5108
f 5506//5161 5453//5109 5454//5110
f 5506//5161 5505//5160 5453//5109
f 5507//5162 5454//5110 5455//5111
f 5507//5162 5506//5161 5454//5110
f 5508//5163 5455//5111 5456//5112
f 5508//5163 5507//5162 5455//5111
f 5509//5164 5456//5112 5457//5113
f 5509//5164 5508//5163 5456//5112
f 5510//5165 5457//5113 5458//5114
f 5510//5165 5509//5164 5457//5113
f 5511//5166 5458//5114 5459//5115
f 5511//5166 5510//5165 5458//5114
f 5512//5167 5459//5115 5460//5116
f 5512//5167 5511//5166 5459//5115
f 5513//5168 5460//5116 5461//5117
f 5513//5168 5512//5167 5460//5116
f 5514//5169 5461//5117 5462//5118
f 5514//5169 5513//5168 5461//5117
f 5515//5170 5462//5118 5463//5119
f 5515//5170 5514//5169 5462//5118
f 5516//5171 5463//5119 5464//5120
f 5516//5171 5515//5170 5463//5119
f 5465//5121 5464//5120 5414//5070
f 5465//5121 5516//5171 5464//5120
f 5517//5121 5465//5121 5466//5122
f 5518//5172 5517//5121 5466//5122
f 5518//5172 5466//5122 5467//5123
f 5519//5173 5518//5172 5467//5123
f 5519//5173 5467//5123 5468//5124
f 5520//5174 5519//5173 5468//5124
f 5520//5174 5468//5124 5469//5125
f 5521//5175 5520//5174 5469//5125
f 5521//5175 5469//5125 5470//5126
f 5522//5176 5521//5175 5470//5126
f 5522//5176 5470//5126 5471//5127
f 5523//5177 5522//5176 5471//5127
f 5523//5177 5471//5127 5472//5128
f 5524//5178 5523//5177 5472//5128
f 5473//5129 5524//5178 5472//5128
f 5525//5179 5524//5178 5473//5129
f 5474//5130 5525//5179 5473//5129
f 5526//5180 5525//5179 5474//5130
f 5475//5131 5526//5180 5474//5130
f 5527//5181 5526//5180 5475//5131
f 5476//5132 5527//5181 5475//5131
f 5528//5182 5527//5181 5476//5132
f 5477//5133 5528//5182 5476//5132
f 5529//5183 5528//5182 5477//5133
f 5478//5134 5529//5183 5477//5133
f 5530//5134 5529//5183 5478//5134
f 5479//5134 5530//5134 5478//5134
f 5531//5134 5530//5134 5479//5134
f 5480//5135 5531//5134 5479//5134
f 5532//5184 5531//5134 5480//5135
f 5481//5136 5532//5184 5480//5135
f 5533//5185 5532//5184 5481//5136
f 5482//5137 5533//5185 5481//5136
f 5534//5186 5533//5185 5482//5137
f 5483//5138 5534//5186 5482//5137
f 5535//5187 5534//5186 5483//5138
f 5484//5139 5535//5187 5483//5138
f 5536//5188 5535//5187 5484//5139
f 5485//5140 5536//5188 5484//5139
f 5537//5189 5536//5188 5485//5140
f 5486//5141 5537//5189 5485//5140
f 5538//5190 5537//5189 5486//5141
f 5487//5142 5538//5190 5486//5141
f 5539//5191 5538//5190 5487//5142
f 5488//5143 5539//5191 5487//5142
f 5540//5192 5539//5191 5488//5143
f 5489//5144 5540//5192 5488//5143
f 5541//5193 5540//5192 5489//5144
f 5490//5145 5541//5193 5489//5144
f 5542//5145 5541//5193 5490//5145
f 5491//5146 5543//5194 5490//5145
f 5543//5194 5542//5145 5490//5145
f 5492//5147 5544//5147 5491//5146
f 5544//5147 5543//5194 5491//5146
f 5493//5148 5544//5147 5492//5147
f 5545//5148 5544//5147 5493//5148
f 5494//5149 5546//5195 5493//5148
f 5546//5195 5545//5148 5493//5148
f 5495//5150 5547//5196 5494//5149
f 5547//5196 5546//5195 5494//5149
f 5496//5151 5548//5197 5495//5150
f 5548//5197 5547//5196 5495//5150
f 5497//5152 5549//5198 5496//5151
f 5549//5198 5548//5197 5496//5151
f 5498//5153 5550//5199 5497//5152
f 5550//5199 5549//5198 5497//5152
f 5551//5200 5498//5153 5499//5154
f 5551//5200 5550//5199 5498//5153
f 5552//5201 5499//5154 5500//5155
f 5552//5201 5551//5200 5499//5154
f 5553//5202 5500//5155 5501//5156
f 5553//5202 5552//5201 5500//5155
f 5554//5203 5501//5156 5502//5157
f 5554//5203 5553//5202 5501//5156
f 5555//5204 5502//5157 5503//5158
f 5555//5204 5554//5203 5502//5157
f 5556//5205 5503//5158 5504//5159
f 5556//5205 5555//5204 5503//5158
f 5557//5206 5504//5159 5505//5160
f 5557//5206 5556//5205 5504//5159
f 5558//5207 5505//5160 5506//5161
f 5558//5207 5557//5206 5505//5160
f 5559//5208 5506//5161 5507//5162
f 5559//5208 5558//5207 5506//5161
f 5560//5209 5507//5162 5508//5163
f 5560//5209 5559//5208 5507//5162
f 5561//5210 5508//5163 5509//5164
f 5561//5210 5560//5209 5508//5163
f 5562//5211 5509//5164 5510//5165
f 5562//5211 5561//5210 5509//5164
f 5563//5212 5510//5165 5511//5166
f 5563//5212 5562//5211 5510//5165
f 5564//5213 5511//5166 5512//5167
f 5564//5213 5563//5212 5511//5166
f 5565//5214 5512//5167 5513//5168
f 5565//5214 5564//5213 5512//5167
f 5566//5215 5513//5168 5514//5169
f 5566//5215 5565//5214 5513//5168
f 5567//5216 5514//5169 5515//5170
f 5567//5216 5566//5215 5514//5169
f 5568//5217 5515//5170 5516//5171
f 5568//5217 5567//5216 5515//5170
f 5517//5121 5516//5171 5465//5121
f 5517//5121 5568//5217 5516//5171
f 5569//5218 5517//5121 5518//5172
f 5570//5219 5569//5218 5518//5172
f 5570//5219 5518//5172 5519//5173
f 5571//5220 5570//5219 5519//5173
f 5571//5220 5519//5173 5520//5174
f 5572//5221 5571//5220 5520//5174
f 5572//5221 5520//5174 5521//5175
f 5573//5222 5572//5221 5521//5175
f 5573//5222 5521//5175 5522//5176
f 5574//5223 5573//5222 5522//5176
f 5574//5223 5522//5176 5523//5177
f 5575//5224 5574//5223 5523//5177
f 5575//5224 5523//5177 5524//5178
f 5576//5225 5575//5224 5524//5178
f 5525//5179 5576//5225 5524//5178
f 5577//5226 5576//5225 5525//5179
f 5526//5180 5577//5226 5525//5179
f 5578//5227 5577//5226 5526//5180
f 5527//5181 5578//5227 5526//5180
f 5579//5228 5578//5227 5527//5181
f 5528//5182 5579//5228 5527//5181
f 5580//5229 5579//5228 5528//5182
f 5529//5183 5580//5229 5528//5182
f 5581//5230 5580//5229 5529//5183
f 5530//5134 5581//5230 5529//5183
f 5582//5231 5581//5230 5530//5134
f 5531//5134 5582//5231 5530//5134
f 5583//5232 5582//5231 5531//5134
f 5532//5184 5583//5232 5531//5134
f 5584//5233 5583//5232 5532//5184
f 5533//5185 5584//5233 5532//5184
f 5585//5234 5584//5233 5533//5185
f 5534//5186 5585//5234 5533//5185
f 5586//5235 5585//5234 5534//5186
f 5535//5187 5586//5235 5534//5186
f 5587//5236 5586//5235 5535//5187
f 5536//5188 5587//5236 5535//5187
f 5588//5237 5587//5236 5536//5188
f 5537//5189 5588//5237 5536//5188
f 5589//5238 5588//5237 5537//5189
f 5538//5190 5589//5238 5537//5189
f 5590//5239 5589//5238 5538//5190
f 5539//5191 5590//5239 5538//5190
f 5591//5240 5590//5239 5539//5191
f 5540//5192 5591//5240 5539//5191
f 5592//5241 5591//5240 5540//5192
f 5541//5193 5592//5241 5540//5192
f 5593//5242 5592//5241 5541//5193
f 5542//5145 5593//5242 5541//5193
f 5594//5243 5593//5242 5542//5145
f 5543//5194 5595//5244 5542//5145
f 5595//5244 5594//5243 5542//5145
f 5544//5147 5596//5245 5543//5194
f 5596//5245 5595//5244 5543//5194
f 5545//5148 5596//5245 5544//5147
f 5597//5246 5596//5245 5545//5148
f 5546//5195 5598//5247 5545//5148
f 5598//5247 5597//5246 5545//5148
f 5547//5196 5599//5248 5546//5195
f 5599//5248 5598//5247 5546//5195
f 5548//5197 5600//5249 5547//5196
f 5600//5249 5599//5248 5547//5196
f 5549//5198 5601//5250 5548//5197
f 5601//5250 5600//5249 5548//5197
f 5550//5199 5602//5251 5549//5198
f 5602//5251 5601//5250 5549//5198
f 5603//5252 5550//5199 5551//5200
f 5603//5252 5602//5251 5550//5199
f 5604//5253 5551//5200 5552//5201
f 5604//5253 5603//5252 5551//5200
f 5605//5254 5552//5201 5553//5202
f 5605//5254 5604//5253 5552//5201
f 5606//5255 5553//5202 5554//5203
f 5606//5255 5605//5254 5553//5202
f 5607//5256 5554//5203 5555//5204
f 5607//5256 5606//5255 5554//5203
f 5608//5257 5555//5204 5556//5205
f 5608//5257 5607//5256 5555//5204
f 5609//5258 5556//5205 5557//5206
f 5609//5258 5608//5257 5556//5205
f 5610//5259 5557//5206 5558//5207
f 5610//5259 5609//5258 5557//5206
f 5611//5260 5558//5207 5559//5208
f 5611//5260 5610//5259 5558//5207
f 5612//5261 5559//5208 5560//5209
f 5612//5261 5611//5260 5559//5208
f 5613//5262 5560//5209 5561//5210
f 5613//5262 5612//5261 5560//5209
f 5614//5263 5561//5210 5562//5211
f 5614//5263 5613//5262 5561//5210
f 5615//5264 5562//5211 5563//5212
f 5615//5264 5614//5263 5562//5211
f 5616//5265 5563//5212 5564//5213
f 5616//5265 5615//5264 5563//5212
f 5617//5266 5564//5213 5565//5214
f 5617//5266 5616//5265 5564//5213
f 5618//5267 5565//5214 5566//5215
f 5618//5267 5617//5266 5565//5214
f 5619//5268 5566//5215 5567//5216
f 5619//5268 5618//5267 5566//5215
f 5620//5269 5567//5216 5568//5217
f 5620//5269 5619//5268 5567//5216
f 5569//5218 5568//5217 5517//5121
f 5569//5218 5620//5269 5568//5217
f 5621//5270 5569//5218 5570//5219
f 5622//5271 5621//5270 5570//5219
f 5622//5271 5570//5219 5571//5220
f 5623//5272 5622//5271 5571//5220
f 5623//5272 5571//5220 5572//5221
f 5624//5273 5623//5272 5572//5221
f 5624//5273 5572//5221 5573//5222
f 5625//5274 5624//5273 5573//5222
f 5625//5274 5573//5222 5574//5223
f 5626//5275 5625//5274 5574//5223
f 5626//5275 5574//5223 5575//5224
f 5627//5276 5626//5275 5575//5224
f 5627//5276 5575//5224 5576//5225
f 5628//5277 5627//5276 5576//5225
f 5629//5278 5628//5277 5576//5225
f 5577//5226 5629//5278 5576//5225
f 5630//5279 5629//5278 5577//5226
f 5578//5227 5630//5279 5577//5226
f 5631//5280 5630//5279 5578//5227
f 5579//5228 5631//5280 5578//5227
f 5632//5281 5631//5280 5579//5228
f 5580//5229 5632//5281 5579//5228
f 5633//5282 5632//5281 5580//5229
f 5581//5230 5633//5282 5580//5229
f 5634//5283 5633//5282 5581//5230
f 5582//5231 5634//5283 5581//5230
f 5635//5284 5634//5283 5582//5231
f 5583//5232 5635//5284 5582//5231
f 5636//5285 5635//5284 5583//5232
f 5584//5233 5636//5285 5583//5232
f 5585//5234 5636//5285 5584//5233
f 5637//5286 5636//5285 5585//5234
f 5586//5235 5637//5286 5585//5234
f 5638//5287 5637//5286 5586//5235
f 5587//5236 5638//5287 5586//5235
f 5639//5288 5638//5287 5587//5236
f 5588//5237 5639//5288 5587//5236
f 5640//5289 5639//5288 5588//5237
f 5589//5238 5640//5289 5588//5237
f 5641//5290 5640//5289 5589//5238
f 5642//5291 5641//5290 5589//5238
f 5590//5239 5642//5291 5589//5238
f 5643//5292 5642//5291 5590//5239
f 5591//5240 5643//5292 5590//5239
f 5644//5293 5643//5292 5591//5240
f 5592//5241 5644//5293 5591//5240
f 5645//5294 5644//5293 5592//5241
f 5593//5242 5645//5294 5592//5241
f 5646//5295 5645//5294 5593//5242
f 5594//5243 5646//5295 5593//5242
f 5595//5244 5646//5295 5594//5243
f 5647//5296 5646//5295 5595//5244
f 5596//5245 5648//5297 5595//5244
f 5648//5297 5647//5296 5595//5244
f 5649//5298 5648//5297 5596//5245
f 5597//5246 5649//5298 5596//5245
f 5598//5247 5649//5298 5597//5246
f 5650//5299 5649//5298 5598//5247
f 5599//5248 5650//5299 5598//5247
f 5651//5300 5650//5299 5599//5248
f 5600//5249 5651//5300 5599//5248
f 5652//5301 5651//5300 5600//5249
f 5601//5250 5652//5301 5600//5249
f 5653//5302 5652//5301 5601//5250
f 5602//5251 5653//5302 5601//5250
f 5654//5303 5653//5302 5602//5251
f 5655//5304 5602//5251 5603//5252
f 5655//5304 5654//5303 5602//5251
f 5656//5305 5603//5252 5604//5253
f 5656//5305 5655//5304 5603//5252
f 5657//5306 5604//5253 5605//5254
f 5657//5306 5656//5305 5604//5253
f 5658//5307 5605//5254 5606//5255
f 5658//5307 5657//5306 5605//5254
f 5659//5308 5606//5255 5607//5256
f 5659//5308 5658//5307 5606//5255
f 5660//5309 5607//5256 5608//5257
f 5660//5309 5659//5308 5607//5256
f 5661//5310 5608//5257 5609//5258
f 5661//5310 5660//5309 5608//5257
f 5661//5310 5609//5258 5610//5259
f 5662//5311 5661//5310 5610//5259
f 5662//5311 5610//5259 5611//5260
f 5663//5312 5662//5311 5611//5260
f 5663//5312 5611//5260 5612//5261
f 5664//5313 5663//5312 5612//5261
f 5664//5313 5612//5261 5613//5262
f 5665//5314 5664//5313 5613//5262
f 5665//5314 5613//5262 5614//5263
f 5666//5315 5665//5314 5614//5263
f 5666//5315 5614//5263 5615//5264
f 5667//5316 5666//5315 5615//5264
f 5668//5317 5615//5264 5616//5265
f 5668//5317 5667//5316 5615//5264
f 5669//5318 5616//5265 5617//5266
f 5669//5318 5668//5317 5616//5265
f 5670//5319 5617//5266 5618//5267
f 5670//5319 5669//5318 5617//5266
f 5671//5320 5618//5267 5619//5268
f 5671//5320 5670//5319 5618//5267
f 5672//5321 5619//5268 5620//5269
f 5672//5321 5671//5320 5619//5268
f 5621//5270 5620//5269 5569//5218
f 5621//5270 5672//5321 5620//5269
f 5673//5322 5621//5270 5622//5271
f 5674//5323 5673//5322 5622//5271
f 5674//5323 5622//5271 5623//5272
f 5675//5324 5674//5323 5623//5272
f 5675//5324 5623//5272 5624//5273
f 5676//5325 5675//5324 5624//5273
f 5676//5325 5624//5273 5625//5274
f 5677//5326 5676//5325 5625//5274
f 5677//5326 5625//5274 5626//5275
f 5678//5327 5677//5326 5626//5275
f 5678//5327 5626//5275 5627//5276
f 5679//5328 5678//5327 5627//5276
f 5679//5328 5627//5276 5628//5277
f 5680//5329 5679//5328 5628//5277
f 5681//5330 5680//5329 5628//5277
f 5629//5278 5681//5330 5628//5277
f 5682//5331 5681//5330 5629//5278
f 5630//5279 5682//5331 5629//5278
f 5683//5332 5682//5331 5630//5279
f 5631//5280 5683//5332 5630//5279
f 5684//5333 5683//5332 5631//5280
f 5632//5281 5684//5333 5631//5280
f 5685//5334 5684//5333 5632//5281
f 5633//5282 5685//5334 5632//5281
f 5686//5335 5685//5334 5633//5282
f 5634//5283 5686//5335 5633//5282
f 5635//5284 5686//5335 5634//5283
f 5687//5336 5686//5335 5635//5284
f 5688//5337 5687//5336 5635//5284
f 5636//5285 5688//5337 5635//5284
f 5637//5286 5688//5337 5636//5285
f 5689//5338 5688//5337 5637//5286
f 5638//5287 5689//5338 5637//5286
f 5690//5339 5689//5338 5638//5287
f 5639//5288 5690//5339 5638//5287
f 5691//5340 5690//5339 5639//5288
f 5640//5289 5691//5340 5639//5288
f 5692//5341 5691//5340 5640//5289
f 5641//5290 5692//5341 5640//5289
f 5693//5342 5692//5341 5641//5290
f 5694//5343 5693//5342 5641//5290
f 5642//5291 5694//5343 5641//5290
f 5695//5344 5694//5343 5642//5291
f 5643//5292 5695//5344 5642//5291
f 5696//5345 5695//5344 5643//5292
f 5644//5293 5696//5345 5643//5292
f 5697//5346 5696//5345 5644//5293
f 5645//5294 5697//5346 5644//5293
f 5698//5347 5697//5346 5645//5294
f 5646//5295 5698//5347 5645//5294
f 5647//5296 5699//5348 5646//5295
f 5699//5348 5698//5347 5646//5295
f 5648//5297 5700//5349 5647//5296
f 5700//5349 5699//5348 5647//5296
f 5701//5350 5700//5349 5648//5297
f 5649//5298 5701//5350 5648//5297
f 5650//5299 5701//5350 5649//5298
f 5702//5351 5701//5350 5650//5299
f 5651//5300 5702//5351 5650//5299
f 5703//5352 5702//5351 5651//5300
f 5652//5301 5703//5352 5651//5300
f 5704//5353 5703//5352 5652//5301
f 5653//5302 5704//5353 5652//5301
f 5705//5354 5704//5353 5653//5302
f 5654//5303 5705//5354 5653//5302
f 5706//5355 5705//5354 5654//5303
f 5707//5356 5654//5303 5655//5304
f 5707//5356 5706//5355 5654//5303
f 5708//5357 5655//5304 5656//5305
f 5708//5357 5707//5356 5655//5304
f 5709//5358 5656//5305 5657//5306
f 5709//5358 5708//5357 5656//5305
f 5710//5359 5657//5306 5658//5307
f 5710//5359 5709//5358 5657//5306
f 5711//5360 5658//5307 5659//5308
f 5711//5360 5710//5359 5658//5307
f 5712//5361 5659//5308 5660//5309
f 5712//5361 5711//5360 5659//5308
f 5713//5362 5660//5309 5661//5310
f 5713//5362 5712//5361 5660//5309
f 5714//5363 5661//5310 5662//5311
f 5714//5363 5713//5362 5661//5310
f 5714//5363 5662//5311 5663//5312
f 5715//5364 5714//5363 5663//5312
f 5715//5364 5663//5312 5664//5313
f 5716//5365 5715//5364 5664//5313
f 5716//5365 5664//5313 5665//5314
f 5717//5366 5716//5365 5665//5314
f 5717//5366 5665//5314 5666//5315
f 5718//5367 5717//5366 5666//5315
f 5718//5367 5666//5315 5667//5316
f 5719//5368 5718//5367 5667//5316
f 5720//5369 5667//5316 5668//5317
f 5720//5369 5719//5368 5667//5316
f 5721//5370 5668//5317 5669//5318
f 5721//5370 5720//5369 5668//5317
f 5722//5371 5669//5318 5670//5319
f 5722//5371 5721//5370 5669//5318
f 5723//5372 5670//5319 5671//5320
f 5723//5372 5722//5371 5670//5319
f 5724//5373 5671//5320 5672//5321
f 5724//5373 5723//5372 5671//5320
f 5673//5322 5672//5321 5621//5270
f 5673//5322 5724//5373 5672//5321
f 5725//5374 5673//5322 5674//5323
f 5726//5375 5725//5374 5674//5323
f 5726//5375 5674//5323 5675//5324
f 5727//5376 5726//5375 5675//5324
f 5727//5376 5675//5324 5676//5325
f 5728//5377 5727//5376 5676//5325
f 5728//5377 5676//5325 5677//5326
f 5729//5378 5728//5377 5677//5326
f 5729//5378 5677//5326 5678//5327
f 5730//5379 5729//5378 5678//5327
f 5730//5379 5678//5327 5679//5328
f 5731//5380 5730//5379 5679//5328
f 5731//5380 5679//5328 5680//5329
f 5732//5381 5731//5380 5680//5329
f 5733//5382 5732//5381 5680//5329
f 5681//5330 5733//5382 5680//5329
f 5734//5383 5733//5382 5681//5330
f 5682//5331 5734//5383 5681//5330
f 5735//5384 5734//5383 5682//5331
f 5683//5332 5735//5384 5682//5331
f 5736//5385 5735//5384 5683//5332
f 5684//5333 5736//5385 5683//5332
f 5737//5386 5736//5385 5684//5333
f 5685//5334 5737//5386 5684//5333
f 5738//5387 5737//5386 5685//5334
f 5686//5335 5738//5387 5685//5334
f 5687//5336 5738//5387 5686//5335
f 5739//5388 5738//5387 5687//5336
f 5740//5389 5739//5388 5687//5336
f 5688//5337 5740//5389 5687//5336
f 5689//5338 5740//5389 5688//5337
f 5741//5390 5740//5389 5689//5338
f 5690//5339 5741//5390 5689//5338
f 5742//5391 5741//5390 5690//5339
f 5691//5340 5742//5391 5690//5339
f 5743//5392 5742//5391 5691//5340
f 5692//5341 5743//5392 5691//5340
f 5744//5393 5743//5392 5692//5341
f 5693//5342 5744//5393 5692//5341
f 5745//5394 5744//5393 5693//5342
f 5746//5395 5745//5394 5693//5342
f 5694//5343 5746//5395 5693//5342
f 5747//5396 5746//5395 5694//5343
f 5695//5344 5747//5396 5694//5343
f 5748//5397 5747//5396 5695//5344
f 5696//5345 5748//5397 5695//5344
f 5749//5398 5748//5397 5696//5345
f 5697//5346 5749//5398 5696//5345
f 5750//5399 5749//5398 5697//5346
f 5698//5347 5750//5399 5697//5346
f 5699//5348 5750//5399 5698//5347
f 5751//5400 5750//5399 5699//5348
f 5700//5349 5752//5401 5699//5348
f 5752//5401 5751//5400 5699//5348
f 5701//5350 5752//5401 5700//5349
f 5753//5402 5752//5401 5701//5350
f 5702//5351 5753//5402 5701//5350
f 5754//5403 5753//5402 5702//5351
f 5703//5352 5754//5403 5702//5351
f 5755//5404 5754//5403 5703//5352
f 5704//5353 5755//5404 5703//5352
f 5756//5405 5755//5404 5704//5353
f 5705//5354 5756//5405 5704//5353
f 5757//5406 5756//5405 5705//5354
f 5706//5355 5757//5406 5705//5354
f 5758//5407 5757//5406 5706//5355
f 5759//5408 5706//5355 5707//5356
f 5759//5408 5758//5407 5706//5355
f 5760//5409 5707//5356 5708//5357
f 5760//5409 5759//5408 5707//5356
f 5761//5410 5708//5357 5709//5358
f 5761//5410 5760//5409 5708//5357
f 5762//5411 5709//5358 5710//5359
f 5762//5411 5761//5410 5709//5358
f 5763//5412 5710//5359 5711//5360
f 5763//5412 5762//5411 5710//5359
f 5764//5413 5711//5360 5712//5361
f 5764//5413 5763//5412 5711//5360
f 5765//5414 5712//5361 5713//5362
f 5765//5414 5764//5413 5712//5361
f 5766//5415 5713//5362 5714//5363
f 5766//5415 5765//5414 5713//5362
f 5766//5415 5714//5363 5715//5364
f 5767//5416 5766//5415 5715//5364
f 5767//5416 5715//5364 5716//5365
f 5768//5417 5767//5416 5716//5365
f 5768//5417 5716//5365 5717//5366
f 5769//5418 5768//5417 5717//5366
f 5769//5418 5717//5366 5718//5367
f 5770//5419 5769//5418 5718//5367
f 5770//5419 5718//5367 5719//5368
f 5771//5420 5770//5419 5719//5368
f 5772//5421 5719//5368 5720//5369
f 5772//5421 5771//5420 5719//5368
f 5773//5422 5720//5369 5721//5370
f 5773//5422 5772//5421 5720//5369
f 5774//5423 5721//5370 5722//5371
f 5774//5423 5773//5422 5721//5370
f 5775//5424 5722//5371 5723//5372
f 5775//5424 5774//5423 5722//5371
f 5776//5425 5723//5372 5724//5373
f 5776//5425 5775//5424 5723//5372
f 5776//5425 5724//5373 5673//5322
f 5725//5374 5776//5425 5673//5322
f 5777//5426 5725//5374 5726//5375
f 5778//5427 5777//5426 5726//5375
f 5778//5427 5726//5375 5727//5376
f 5779//5428 5778//5427 5727//5376
f 5779//5428 5727//5376 5728//5377
f 5780//5429 5779//5428 5728//5377
f 5780//5429 5728//5377 5729//5378
f 5781//5430 5780//5429 5729//5378
f 5781//5430 5729//5378 5730//5379
f 5782//5431 5781//5430 5730//5379
f 5782//5431 5730//5379 5731//5380
f 5783//5432 5782//5431 5731//5380
f 5783//5432 5731//5380 5732//5381
f 5784//5433 5783//5432 5732//5381
f 5785//5434 5784//5433 5732//5381
f 5733//5382 5785//5434 5732//5381
f 5786//5435 5785//5434 5733//5382
f 5734//5383 5786//5435 5733//5382
f 5787//5436 5786//5435 5734//5383
f 5735//5384 5787//5436 5734//5383
f 5788//5437 5787//5436 5735//5384
f 5736//5385 5788//5437 5735//5384
f 5789//5438 5788//5437 5736//5385
f 5737//5386 5789//5438 5736//5385
f 5790//5439 5789//5438 5737//5386
f 5738//5387 5790//5439 5737//5386
f 5739//5388 5790//5439 5738//5387
f 5791//5440 5790//5439 5739//5388
f 5792//5441 5791//5440 5739//5388
f 5740//5389 5792//5441 5739//5388
f 5741//5390 5792//5441 5740//5389
f 5793//5442 5792//5441 5741//5390
f 5742//5391 5793//5442 5741//5390
f 5794//5443 5793//5442 5742//5391
f 5743//5392 5794//5443 5742//5391
f 5795//5444 5794//5443 5743//5392
f 5744//5393 5795//5444 5743//5392
f 5796//5445 5795//5444 5744//5393
f 5745//5394 5796//5445 5744//5393
f 5797//5446 5796//5445 5745//5394
f 5798//5447 5797//5446 5745//5394
f 5746//5395 5798//5447 5745//5394
f 5799//5448 5798//5447 5746//5395
f 5747//5396 5799//5448 5746//5395
f 5800//5449 5799//5448 5747//5396
f 5748//5397 5800//5449 5747//5396
f 5801//5450 5800//5449 5748//5397
f 5749//5398 5801//5450 5748//5397
f 5802//5451 5801//5450 5749//5398
f 5750//5399 5802//5451 5749//5398
f 5751//5400 5802//5451 5750//5399
f 5803//5452 5802//5451 5751//5400
f 5752//5401 5804//5453 5751//5400
f 5804//5453 5803//5452 5751//5400
f 5753//5402 5804//5453 5752//5401
f 5805//5454 5804//5453 5753//5402
f 5754//5403 5805//5454 5753//5402
f 5806//5455 5805//5454 5754//5403
f 5755//5404 5806//5455 5754//5403
f 5807//5456 5806//5455 5755//5404
f 5756//5405 5807//5456 5755//5404
f 5808//5457 5807//5456 5756//5405
f 5757//5406 5808//5457 5756//5405
f 5809//5458 5808//5457 5757//5406
f 5758//5407 5809//5458 5757//5406
f 5810//5459 5809//5458 5758//5407
f 5811//5460 5758//5407 5759//5408
f 5811//5460 5810//5459 5758//5407
f 5812//5461 5759//5408 5760//5409
f 5812//5461 5811//5460 5759//5408
f 5813//5462 5760//5409 5761//5410
f 5813//5462 5812//5461 5760//5409
f 5814//5463 5761//5410 5762//5411
f 5814//5463 5813//5462 5761//5410
f 5815//5464 5762//5411 5763//5412
f 5815//5464 5814//5463 5762//5411
f 5816//5465 5763//5412 5764//5413
f 5816//5465 5815//5464 5763//5412
f 5817//5466 5764//5413 5765//5414
f 5817//5466 5816//5465 5764//5413
f 5818//5467 5765//5414 5766//5415
f 5818//5467 5817//5466 5765//5414
f 5818//5467 5766//5415 5767//5416
f 5819//5468 5818//5467 5767//5416
f 5819//5468 5767//5416 5768//5417
f 5820//5469 5819//5468 5768//5417
f 5820//5469 5768//5417 5769//5418
f 5821//5470 5820//5469 5769//5418
f 5821//5470 5769//5418 5770//5419
f 5822//5471 5821//5470 5770//5419
f 5822//5471 5770//5419 5771//5420
f 5823//5472 5822//5471 5771//5420
f 5824//5473 5771//5420 5772//5421
f 5824//5473 5823//5472 5771//5420
f 5825//5474 5772//5421 5773//5422
f 5825//5474 5824//5473 5772//5421
f 5826//5475 5773//5422 5774//5423
f 5826//5475 5825//5474 5773//5422
f 5827//5476 5774//5423 5775//5424
f 5827//5476 5826//5475 5774//5423
f 5828//5477 5775//5424 5776//5425
f 5828//5477 5827//5476 5775//5424
f 5828//5477 5776//5425 5725//5374
f 5777//5426 5828//5477 5725//5374
f 5829//5478 5830//5479 5777//5426
f 5829//5478 5777//5426 5778//5427
f 5831//5480 5829//5478 5778//5427
f 5831//5480 5778//5427 5779//5428
f 5832//5481 5831//5480 5779//5428
f 5832//5481 5779//5428 5780//5429
f 5833//5482 5832//5481 5780//5429
f 5833//5482 5780//5429 5781//5430
f 5833//5482 5781//5430 5782//5431
f 5834//5483 5833//5482 5782//5431
f 5834//5483 5782//5431 5783//5432
f 5835//5484 5834//5483 5783//5432
f 5835//5484 5783//5432 5784//5433
f 5836//5485 5835//5484 5784//5433
f 5837//5486 5836//5485 5784//5433
f 5785//5434 5837//5486 5784//5433
f 5838//5487 5837//5486 5785//5434
f 5786//5435 5838//5487 5785//5434
f 5839//5488 5838//5487 5786//5435
f 5787//5436 5839//5488 5786//5435
f 5788//5437 5839//5488 5787//5436
f 5840//5489 5839//5488 5788//5437
f 5789//5438 5840//5489 5788//5437
f 5841//5490 5840//5489 5789//5438
f 5790//5439 5841//5490 5789//5438
f 5842//5491 5841//5490 5790//5439
f 5791//5440 5842//5491 5790//5439
f 5843//5492 5842//5491 5791//5440
f 5844//5493 5843//5492 5791//5440
f 5792//5441 5844//5493 5791//5440
f 5845//5494 5844//5493 5792//5441
f 5793//5442 5845//5494 5792//5441
f 5846//5495 5845//5494 5793//5442
f 5794//5443 5846//5495 5793//5442
f 5795//5444 5846//5495 5794//5443
f 5847//5496 5846//5495 5795//5444
f 5796//5445 5847//5496 5795//5444
f 5848//5497 5847//5496 5796//5445
f 5797//5446 5848//5497 5796//5445
f 5849//5498 5848//5497 5797//5446
f 5850//5499 5849//5498 5797//5446
f 5798//5447 5850//5499 5797//5446
f 5851//5500 5850//5499 5798//5447
f 5799//5448 5851//5500 5798//5447
f 5852//5501 5851//5500 5799//5448
f 5800//5449 5852//5501 5799//5448
f 5801//5450 5852//5501 5800//5449
f 5853//5502 5852//5501 5801//5450
f 5802//5451 5853//5502 5801//5450
f 5854//5503 5853//5502 5802//5451
f 5803//5452 5854//5503 5802//5451
f 5855//5504 5854//5503 5803//5452
f 5804//5453 5856//5505 5803//5452
f 5856//5505 5855//5504 5803//5452
f 5857//5506 5856//5505 5804//5453
f 5805//5454 5857//5506 5804//5453
f 5806//5455 5858//5507 5805//5454
f 5858//5507 5857//5506 5805//5454
f 5807//5456 5859//5508 5806//5455
f 5859//5508 5858//5507 5806//5455
f 5808//5457 5859//5508 5807//5456
f 5860//5509 5859//5508 5808//5457
f 5809//5458 5860//5509 5808//5457
f 5861//5510 5860//5509 5809//5458
f 5810//5459 5861//5510 5809//5458
f 5862//5511 5861//5510 5810//5459
f 5863//5512 5810//5459 5811//5460
f 5863//5512 5862//5511 5810//5459
f 5864//5513 5811//5460 5812//5461
f 5864//5513 5863//5512 5811//5460
f 5865//5514 5812//5461 5813//5462
f 5865//5514 5864//5513 5812//5461
f 5865//5514 5813//5462 5814//5463
f 5866//5515 5865//5514 5814//5463
f 5866//5515 5814//5463 5815//5464
f 5867//5516 5866//5515 5815//5464
f 5867//5516 5815//5464 5816//5465
f 5868//5517 5867//5516 5816//5465
f 5868//5517 5816//5465 5817//5466
f 5869//5518 5868//5517 5817//5466
f 5870//5519 5817//5466 5818//5467
f 5870//5519 5869//5518 5817//5466
f 5871//5520 5818//5467 5819//5468
f 5871//5520 5870//5519 5818//5467
f 5872//5521 5819//5468 5820//5469
f 5872//5521 5871//5520 5819//5468
f 5872//5521 5820//5469 5821//5470
f 5873//5522 5872//5521 5821//5470
f 5873//5522 5821//5470 5822//5471
f 5874//5523 5873//5522 5822//5471
f 5874//5523 5822//5471 5823//5472
f 5875//5524 5874//5523 5823//5472
f 5876//5525 5823//5472 5824//5473
f 5876//5525 5875//5524 5823//5472
f 5877//5526 5824//5473 5825//5474
f 5877//5526 5876//5525 5824//5473
f 5878//5527 5825//5474 5826//5475
f 5878//5527 5877//5526 5825//5474
f 5878//5527 5826//5475 5827//5476
f 5879//5528 5878//5527 5827//5476
f 5879//5528 5827//5476 5828//5477
f 5880//5529 5879//5528 5828//5477
f 5880//5529 5828//5477 5777//5426
f 5830//5479 5880//5529 5777//5426
f 5881//5530 5830//5479 5829//5478
f 5882//5531 5881//5530 5829//5478
f 5883//5532 5882//5531 5829//5478
f 5883//5532 5829//5478 5831//5480
f 5884//5533 5883//5532 5831//5480
f 5884//5533 5831//5480 5832//5481
f 5885//5534 5884//5533 5832//5481
f 5885//5534 5832//5481 5833//5482
f 5886//5535 5885//5534 5833//5482
f 5886//5535 5833//5482 5834//5483
f 5887//5536 5886//5535 5834//5483
f 5887//5536 5834//5483 5835//5484
f 5888//5537 5887//5536 5835//5484
f 5888//5537 5835//5484 5836//5485
f 5837//5486 5888//5537 5836//5485
f 5889//5538 5888//5537 5837//5486
f 5838//5487 5889//5538 5837//5486
f 5890//5539 5889//5538 5838//5487
f 5839//5488 5890//5539 5838//5487
f 5891//5540 5890//5539 5839//5488
f 5840//5489 5891//5540 5839//5488
f 5892//5541 5891//5540 5840//5489
f 5841//5490 5892//5541 5840//5489
f 5893//5542 5892//5541 5841//5490
f 5842//5491 5893//5542 5841//5490
f 5894//5543 5893//5542 5842//5491
f 5895//5544 5894//5543 5842//5491
f 5843//5492 5895//5544 5842//5491
f 5896//5545 5895//5544 5843//5492
f 5844//5493 5896//5545 5843//5492
f 5897//5546 5896//5545 5844//5493
f 5845//5494 5897//5546 5844//5493
f 5898//5547 5897//5546 5845//5494
f 5846//5495 5898//5547 5845//5494
f 5899//5548 5898//5547 5846//5495
f 5847//5496 5899//5548 5846//5495
f 5900//5549 5899//5548 5847//5496
f 5848//5497 5900//5549 5847//5496
f 5901//5550 5900//5549 5848//5497
f 5849//5498 5901//5550 5848//5497
f 5850//5499 5901//5550 5849//5498
f 5902//5551 5901//5550 5850//5499
f 5851//5500 5902//5551 5850//5499
f 5903//5552 5902//5551 5851//5500
f 5852//5501 5903//5552 5851//5500
f 5904//5553 5903//5552 5852//5501
f 5853//5502 5904//5553 5852//5501
f 5905//5554 5904//5553 5853//5502
f 5854//5503 5905//5554 5853//5502
f 5906//5555 5905//5554 5854//5503
f 5855//5504 5906//5555 5854//5503
f 5907//5556 5906//5555 5855//5504
f 5856//5505 5907//5556 5855//5504
f 5908//5557 5907//5556 5856//5505
f 5909//5558 5908//5557 5856//5505
f 5857//5506 5909//5558 5856//5505
f 5858//5507 5910//5559 5857//5506
f 5910//5559 5909//5558 5857//5506
f 5859//5508 5911//5560 5858//5507
f 5911//5560 5910//5559 5858//5507
f 5860//5509 5912//5561 5859//5508
f 5912//5561 5911//5560 5859//5508
f 5861//5510 5913//5562 5860//5509
f 5913//5562 5912//5561 5860//5509
f 5862//5511 5914//5563 5861//5510
f 5914//5563 5913//5562 5861//5510
f 5914//5563 5862//5511 5863//5512
f 5915//5564 5914//5563 5863//5512
f 5915//5564 5863//5512 5864//5513
f 5916//5565 5915//5564 5864//5513
f 5916//5565 5864//5513 5865//5514
f 5917//5566 5916//5565 5865//5514
f 5917//5566 5865//5514 5866//5515
f 5918//5567 5917//5566 5866//5515
f 5918//5567 5866//5515 5867//5516
f 5919//5568 5918//5567 5867//5516
f 5919//5568 5867//5516 5868//5517
f 5920//5569 5919//5568 5868//5517
f 5921//5570 5868//5517 5869//5518
f 5921//5570 5920//5569 5868//5517
f 5922//5571 5869//5518 5870//5519
f 5922//5571 5921//5570 5869//5518
f 5923//5572 5870//5519 5871//5520
f 5923//5572 5922//5571 5870//5519
f 5924//5573 5871//5520 5872//5521
f 5924//5573 5923//5572 5871//5520
f 5925//5574 5872//5521 5873//5522
f 5925//5574 5924//5573 5872//5521
f 5926//5575 5873//5522 5874//5523
f 5926//5575 5925//5574 5873//5522
f 5927//5576 5874//5523 5875//5524
f 5927//5576 5926//5575 5874//5523
f 5927//5576 5875//5524 5876//5525
f 5928//5577 5927//5576 5876//5525
f 5928//5577 5876//5525 5877//5526
f 5929//5578 5928//5577 5877//5526
f 5929//5578 5877//5526 5878//5527
f 5930//5579 5929//5578 5878//5527
f 5930//5579 5878//5527 5879//5528
f 5931//5580 5930//5579 5879//5528
f 5931//5580 5879//5528 5880//5529
f 5932//5581 5931//5580 5880//5529
f 5932//5581 5880//5529 5830//5479
f 5881//5530 5932//5581 5830//5479
f 5933//5582 5881//5530 5882//5531
f 5934//5583 5933//5582 5882//5531
f 5935//5584 5934//5583 5882//5531
f 5935//5584 5882//5531 5883//5532
f 5936//5585 5935//5584 5883//5532
f 5936//5585 5883//5532 5884//5533
f 5937//5586 5936//5585 5884//5533
f 5937//5586 5884//5533 5885//5534
f 5938//5587 5937//5586 5885//5534
f 5938//5587 5885//5534 5886//5535
f 5939//5588 5938//5587 5886//5535
f 5939//5588 5886//5535 5887//5536
f 5940//5589 5939//5588 5887//5536
f 5940//5589 5887//5536 5888//5537
f 5889//5538 5940//5589 5888//5537
f 5941//5590 5940//5589 5889//5538
f 5890//5539 5941//5590 5889//5538
f 5942//5591 5941//5590 5890//5539
f 5891//5540 5942//5591 5890//5539
f 5943//5592 5942//5591 5891//5540
f 5892//5541 5943//5592 5891//5540
f 5944//5593 5943//5592 5892//5541
f 5893//5542 5944//5593 5892//5541
f 5945//5594 5944//5593 5893//5542
f 5894//5543 5945//5594 5893//5542
f 5946//5595 5945//5594 5894//5543
f 5947//5596 5946//5595 5894//5543
f 5895//5544 5947//5596 5894//5543
f 5948//5597 5947//5596 5895//5544
f 5896//5545 5948//5597 5895//5544
f 5949//5598 5948//5597 5896//5545
f 5897//5546 5949//5598 5896//5545
f 5950//5599 5949//5598 5897//5546
f 5898//5547 5950//5599 5897//5546
f 5951//5600 5950//5599 5898//5547
f 5899//5548 5951//5600 5898//5547
f 5952//5601 5951//5600 5899//5548
f 5900//5549 5952//5601 5899//5548
f 5953//5602 5952//5601 5900//5549
f 5901//5550 5953//5602 5900//5549
f 5902//5551 5953//5602 5901//5550
f 5954//5603 5953//5602 5902//5551
f 5903//5552 5954//5603 5902//5551
f 5955//5604 5954//5603 5903//5552
f 5904//5553 5955//5604 5903//5552
f 5956//5605 5955//5604 5904//5553
f 5905//5554 5956//5605 5904//5553
f 5957//5606 5956//5605 5905//5554
f 5906//5555 5957//5606 5905//5554
f 5958//5607 5957//5606 5906//5555
f 5907//5556 5958//5607 5906//5555
f 5959//5608 5958//5607 5907//5556
f 5908//5557 5960//5609 5907//5556
f 5960//5609 5959//5608 5907//5556
f 5961//5610 5960//5609 5908//5557
f 5909//5558 5961//5610 5908//5557
f 5910//5559 5962//5611 5909//5558
f 5962//5611 5961//5610 5909//5558
f 5911//5560 5963//5612 5910//5559
f 5963//5612 5962//5611 5910//5559
f 5912//5561 5964//5613 5911//5560
f 5964//5613 5963//5612 5911//5560
f 5913//5562 5965//5614 5912//5561
f 5965//5614 5964//5613 5912//5561
f 5914//5563 5966//5615 5913//5562
f 5966//5615 5965//5614 5913//5562
f 5966//5615 5914//5563 5915//5564
f 5967//5616 5966//5615 5915//5564
f 5967//5616 5915//5564 5916//5565
f 5968//5617 5967//5616 5916//5565
f 5968//5617 5916//5565 5917//5566
f 5969//5618 5968//5617 5917//5566
f 5969//5618 5917//5566 5918//5567
f 5970//5619 5969//5618 5918//5567
f 5970//5619 5918//5567 5919//5568
f 5971//5620 5970//5619 5919//5568
f 5971//5620 5919//5568 5920//5569
f 5972//5621 5971//5620 5920//5569
f 5972//5621 5920//5569 5921//5570
f 5973//5622 5972//5621 5921//5570
f 5974//5623 5921//5570 5922//5571
f 5974//5623 5973//5622 5921//5570
f 5975//5624 5922//5571 5923//5572
f 5975//5624 5974//5623 5922//5571
f 5976//5625 5923//5572 5924//5573
f 5976//5625 5975//5624 5923//5572
f 5977//5626 5924//5573 5925//5574
f 5977//5626 5976//5625 5924//5573
f 5978//5627 5925//5574 5926//5575
f 5978//5627 5977//5626 5925//5574
f 5979//5628 5926//5575 5927//5576
f 5979//5628 5978//5627 5926//5575
f 5979//5628 5927//5576 5928//5577
f 5980//5629 5979//5628 5928//5577
f 5980//5629 5928//5577 5929//5578
f 5981//5630 5980//5629 5929//5578
f 5981//5630 5929//5578 5930//5579
f 5982//5631 5981//5630 5930//5579
f 5982//5631 5930//5579 5931//5580
f 5983//5632 5982//5631 5931//5580
f 5983//5632 5931//5580 5932//5581
f 5984//5633 5983//5632 5932//5581
f 5984//5633 5932//5581 5881//5530
f 5933//5582 5984//5633 5881//5530
f 5985//5634 5986//5635 5933//5582
f 5985//5634 5933//5582 5934//5583
f 5987//5636 5985//5634 5934//5583
f 5987//5636 5934//5583 5935//5584
f 5988//5637 5987//5636 5935//5584
f 5988//5637 5935//5584 5936//5585
f 5989//5638 5988//5637 5936//5585
f 5989//5638 5936//5585 5937//5586
f 5990//5639 5989//5638 5937//5586
f 5990//5639 5937//5586 5938//5587
f 5991//5640 5990//5639 5938//5587
f 5991//5640 5938//5587 5939//5588
f 5992//5641 5991//5640 5939//5588
f 5992//5641 5939//5588 5940//5589
f 5941//5590 5992//5641 5940//5589
f 5993//5642 5992//5641 5941//5590
f 5942//5591 5993//5642 5941//5590
f 5994//5643 5993//5642 5942//5591
f 5943//5592 5994//5643 5942//5591
f 5995//5644 5994//5643 5943//5592
f 5944//5593 5995//5644 5943//5592
f 5996//5645 5995//5644 5944//5593
f 5945//5594 5996//5645 5944//5593
f 5997//5646 5996//5645 5945//5594
f 5946//5595 5997//5646 5945//5594
f 5998//5647 5997//5646 5946//5595
f 5947//5596 5998//5647 5946//5595
f 5999//5648 5998//5647 5947//5596
f 6000//5649 5999//5648 5947//5596
f 5948//5597 6000//5649 5947//5596
f 6001//5650 6000//5649 5948//5597
f 5949//5598 6001//5650 5948//5597
f 6002//5651 6001//5650 5949//5598
f 5950//5599 6002//5651 5949//5598
f 6003//5652 6002//5651 5950//5599
f 5951//5600 6003//5652 5950//5599
f 6004//5653 6003//5652 5951//5600
f 5952//5601 6004//5653 5951//5600
f 6005//5654 6004//5653 5952//5601
f 5953//5602 6005//5654 5952//5601
f 5954//5603 6005//5654 5953//5602
f 6006//5655 6005//5654 5954//5603
f 5955//5604 6006//5655 5954//5603
f 6007//5656 6006//5655 5955//5604
f 5956//5605 6007//5656 5955//5604
f 6008//5657 6007//5656 5956//5605
f 5957//5606 6008//5657 5956//5605
f 6009//5658 6008//5657 5957//5606
f 5958//5607 6009//5658 5957//5606
f 6010//5659 6009//5658 5958//5607
f 5959//5608 6010//5659 5958//5607
f 6011//5660 6010//5659 5959//5608
f 5960//5609 6012//5661 5959//5608
f 6012//5661 6011//5660 5959//5608
f 6013//5662 6012//5661 5960//5609
f 5961//5610 6013//5662 5960//5609
f 5962//5611 6014//5663 5961//5610
f 6014//5663 6013//5662 5961//5610
f 5963//5612 6015//5664 5962//5611
f 6015//5664 6014//5663 5962//5611
f 5964//5613 6016//5665 5963//5612
f 6016//5665 6015//5664 5963//5612
f 5965//5614 6017//5666 5964//5613
f 6017//5666 6016//5665 5964//5613
f 5966//5615 6018//5667 5965//5614
f 6018//5667 6017//5666 5965//5614
f 6018//5667 5966//5615 5967//5616
f 6019//5668 6018//5667 5967//5616
f 6019//5668 5967//5616 5968//5617
f 6020//5669 6019//5668 5968//5617
f 6020//5669 5968//5617 5969//5618
f 6021//5670 6020//5669 5969//5618
f 6021//5670 5969//5618 5970//5619
f 6022//5671 6021//5670 5970//5619
f 6022//5671 5970//5619 5971//5620
f 6023//5672 6022//5671 5971//5620
f 6023//5672 5971//5620 5972//5621
f 6024//5673 6023//5672 5972//5621
f 6024//5673 5972//5621 5973//5622
f 6025//5674 6024//5673 5973//5622
f 6026//5675 5973//5622 5974//5623
f 6026//5675 6025//5674 5973//5622
f 6027//5676 5974//5623 5975//5624
f 6027//5676 6026//5675 5974//5623
f 6028//5677 5975//5624 5976//5625
f 6028//5677 6027//5676 5975//5624
f 6029//5678 5976//5625 5977//5626
f 6029//5678 6028//5677 5976//5625
f 6030//5679 5977//5626 5978//5627
f 6030//5679 6029//5678 5977//5626
f 6031//5680 5978//5627 5979//5628
f 6031//5680 6030//5679 5978//5627
f 6031//5680 5979//5628 5980//5629
f 6032//5681 6031//5680 5980//5629
f 6032//5681 5980//5629 5981//5630
f 6033//5682 6032//5681 5981//5630
f 6033//5682 5981//5630 5982//5631
f 6034//5683 6033//5682 5982//5631
f 6034//5683 5982//5631 5983//5632
f 6035//5684 6034//5683 5983//5632
f 6035//5684 5983//5632 5984//5633
f 6036//5685 6035//5684 5984//5633
f 6036//5685 5984//5633 5933//5582
f 5986//5635 6036//5685 5933//5582
f 6037//5686 5986//5635 5985//5634
f 6038//5687 6037//5686 5985//5634
f 6039//5688 6038//5687 5985//5634
f 6039//5688 5985//5634 5987//5636
f 6040//5689 6039//5688 5987//5636
f 6040//5689 5987//5636 5988//5637
f 6041//5690 6040//5689 5988//5637
f 6041//5690 5988//5637 5989//5638
f 6042//5691 6041//5690 5989//5638
f 6042//5691 5989//5638 5990//5639
f 6043//5692 6042//5691 5990//5639
f 6043//5692 5990//5639 5991//5640
f 6044//5693 6043//5692 5991//5640
f 6044//5693 5991//5640 5992//5641
f 5993//5642 6044//5693 5992//5641
f 6045//5694 6044//5693 5993//5642
f 5994//5643 6045//5694 5993//5642
f 6046//5695 6045//5694 5994//5643
f 5995//5644 6046//5695 5994//5643
f 6047//5696 6046//5695 5995//5644
f 5996//5645 6047//5696 5995//5644
f 6048//5697 6047//5696 5996//5645
f 5997//5646 6048//5697 5996//5645
f 6049//5698 6048//5697 5997//5646
f 5998//5647 6049//5698 5997//5646
f 6050//5699 6049//5698 5998//5647
f 5999//5648 6050//5699 5998//5647
f 6051//5700 6050//5699 5999//5648
f 6052//5701 6051//5700 5999//5648
f 6000//5649 6052//5701 5999//5648
f 6053//5702 6052//5701 6000//5649
f 6001//5650 6053//5702 6000//5649
f 6054//5703 6053//5702 6001//5650
f 6002//5651 6054//5703 6001//5650
f 6055//5704 6054//5703 6002//5651
f 6003//5652 6055//5704 6002//5651
f 6056//5705 6055//5704 6003//5652
f 6004//5653 6056//5705 6003//5652
f 6057//5706 6056//5705 6004//5653
f 6005//5654 6057//5706 6004//5653
f 6006//5655 6057//5706 6005//5654
f 6058//5707 6057//5706 6006//5655
f 6007//5656 6058//5707 6006//5655
f 6059//5708 6058//5707 6007//5656
f 6008//5657 6059//5708 6007//5656
f 6060//5709 6059//5708 6008//5657
f 6009//5658 6060//5709 6008//5657
f 6061//5710 6060//5709 6009//5658
f 6010//5659 6061//5710 6009//5658
f 6062//5711 6061//5710 6010//5659
f 6011//5660 6062//5711 6010//5659
f 6063//5712 6062//5711 6011//5660
f 6012//5661 6064//5713 6011//5660
f 6064//5713 6063//5712 6011//5660
f 6065//5714 6064//5713 6012//5661
f 6013//5662 6065//5714 6012//5661
f 6014//5663 6066//5715 6013//5662
f 6066//5715 6065//5714 6013//5662
f 6015//5664 6067//5716 6014//5663
f 6067//5716 6066//5715 6014//5663
f 6016//5665 6068//5717 6015//5664
f 6068//5717 6067//5716 6015//5664
f 6017//5666 6069//5718 6016//5665
f 6069//5718 6068//5717 6016//5665
f 6018//5667 6070//5719 6017//5666
f 6070//5719 6069//5718 6017//5666
f 6070//5719 6018//5667 6019//5668
f 6071//5720 6070//5719 6019//5668
f 6071//5720 6019//5668 6020//5669
f 6072//5721 6071//5720 6020//5669
f 6072//5721 6020//5669 6021//5670
f 6073//5722 6072//5721 6021//5670
f 6073//5722 6021//5670 6022//5671
f 6074//5723 6073//5722 6022//5671
f 6074//5723 6022//5671 6023//5672
f 6075//5724 6074//5723 6023//5672
f 6075//5724 6023//5672 6024//5673
f 6076//5725 6075//5724 6024//5673
f 6077//5726 6024//5673 6025//5674
f 6077//5726 6076//5725 6024//5673
f 6078//5727 6025//5674 6026//5675
f 6078//5727 6077//5726 6025//5674
f 6079//5728 6026//5675 6027//5676
f 6079//5728 6078//5727 6026//5675
f 6080//5729 6027//5676 6028//5677
f 6080//5729 6079//5728 6027//5676
f 6081//5730 6028//5677 6029//5678
f 6081//5730 6080//5729 6028//5677
f 6082//5731 6029//5678 6030//5679
f 6082//5731 6081//5730 6029//5678
f 6083//5732 6030//5679 6031//5680
f 6083//5732 6082//5731 6030//5679
f 6083//5732 6031//5680 6032//5681
f 6084//5733 6083//5732 6032//5681
f 6084//5733 6032//5681 6033//5682
f 6085//5734 6084//5733 6033//5682
f 6085//5734 6033//5682 6034//5683
f 6086//5735 6085//5734 6034//5683
f 6086//5735 6034//5683 6035//5684
f 6087//5736 6086//5735 6035//5684
f 6087//5736 6035//5684 6036//5685
f 6088//5737 6087//5736 6036//5685
f 6088//5737 6036//5685 5986//5635
f 6037//5686 6088//5737 5986//5635
f 6089//5738 6037//5686 6038//5687
f 6090//5739 6089//5738 6038//5687
f 6091//5740 6090//5739 6038//5687
f 6091//5740 6038//5687 6039//5688
f 6092//5741 6091//5740 6039//5688
f 6092//5741 6039//5688 6040//5689
f 6093//5742 6092//5741 6040//5689
f 6093//5742 6040//5689 6041//5690
f 6094//5743 6093//5742 6041//5690
f 6094//5743 6041//5690 6042//5691
f 6095//5744 6094//5743 6042//5691
f 6095//5744 6042//5691 6043//5692
f 6096//5745 6095//5744 6043//5692
f 6096//5745 6043//5692 6044//5693
f 6045//5694 6096//5745 6044//5693
f 6097//5746 6096//5745 6045//5694
f 6046//5695 6097//5746 6045//5694
f 6098//5747 6097//5746 6046//5695
f 6047//5696 6098//5747 6046//5695
f 6099//5748 6098//5747 6047//5696
f 6048//5697 6099//5748 6047//5696
f 6100//5749 6099//5748 6048//5697
f 6049//5698 6100//5749 6048//5697
f 6101//5750 6100//5749 6049//5698
f 6050//5699 6101//5750 6049//5698
f 6102//5751 6101//5750 6050//5699
f 6103//5752 6102//5751 6050//5699
f 6051//5700 6103//5752 6050//5699
f 6104//5753 6103//5752 6051//5700
f 6052//5701 6104//5753 6051//5700
f 6105//5754 6104//5753 6052//5701
f 6053//5702 6105//5754 6052//5701
f 6106//5755 6105//5754 6053//5702
f 6054//5703 6106//5755 6053//5702
f 6107//5756 6106//5755 6054//5703
f 6055//5704 6107//5756 6054//5703
f 6108//5757 6107//5756 6055//5704
f 6056//5705 6108//5757 6055//5704
f 6109//5758 6108//5757 6056//5705
f 6057//5706 6109//5758 6056//5705
f 6058//5707 6109//5758 6057//5706
f 6110//5759 6109//5758 6058//5707
f 6059//5708 6110//5759 6058//5707
f 6111//5760 6110//5759 6059//5708
f 6060//5709 6111//5760 6059//5708
f 6112//5761 6111//5760 6060//5709
f 6061//5710 6112//5761 6060//5709
f 6113//5762 6112//5761 6061//5710
f 6062//5711 6113//5762 6061//5710
f 6114//5763 6113//5762 6062//5711
f 6063//5712 6114//5763 6062//5711
f 6115//5764 6114//5763 6063//5712
f 6064//5713 6116//5765 6063//5712
f 6116//5765 6115//5764 6063//5712
f 6117//5766 6116//5765 6064//5713
f 6065//5714 6117//5766 6064//5713
f 6066//5715 6118//5767 6065//5714
f 6118//5767 6117//5766 6065//5714
f 6067//5716 6119//5768 6066//5715
f 6119//5768 6118//5767 6066//5715
f 6068//5717 6120//5769 6067//5716
f 6120//5769 6119//5768 6067//5716
f 6069//5718 6121//5770 6068//5717
f 6121//5770 6120//5769 6068//5717
f 6070//5719 6122//5771 6069//5718
f 6122//5771 6121//5770 6069//5718
f 6122//5771 6070//5719 6071//5720
f 6123//5772 6122//5771 6071//5720
f 6123//5772 6071//5720 6072//5721
f 6124//5773 6123//5772 6072//5721
f 6124//5773 6072//5721 6073//5722
f 6125//5774 6124//5773 6073//5722
f 6125//5774 6073//5722 6074//5723
f 6126//5775 6125//5774 6074//5723
f 6126//5775 6074//5723 6075//5724
f 6127//5776 6126//5775 6075//5724
f 6127//5776 6075//5724 6076//5725
f 6128//5777 6127//5776 6076//5725
f 6129//5778 6076//5725 6077//5726
f 6129//5778 6128//5777 6076//5725
f 6130//5779 6077//5726 6078//5727
f 6130//5779 6129//5778 6077//5726
f 6131//5780 6078//5727 6079//5728
f 6131//5780 6130//5779 6078//5727
f 6132//5781 6079//5728 6080//5729
f 6132//5781 6131//5780 6079//5728
f 6133//5782 6080//5729 6081//5730
f 6133//5782 6132//5781 6080//5729
f 6134//5783 6081//5730 6082//5731
f 6134//5783 6133//5782 6081//5730
f 6135//5784 6082//5731 6083//5732
f 6135//5784 6134//5783 6082//5731
f 6135//5784 6083//5732 6084//5733
f 6136//5785 6135//5784 6084//5733
f 6136//5785 6084//5733 6085//5734
f 6137//5786 6136//5785 6085//5734
f 6137//5786 6085//5734 6086//5735
f 6138//5787 6137//5786 6086//5735
f 6138//5787 6086//5735 6087//5736
f 6139//5788 6138//5787 6087//5736
f 6139//5788 6087//5736 6088//5737
f 6140//5789 6139//5788 6088//5737
f 6140//5789 6088//5737 6037//5686
f 6089//5738 6140//5789 6037//5686
f 6141//5790 6089//5738 6142//5790
f 6142//5790 6089//5738 6090//5739
f 6142//5790 6090//5739 6091//5740
f 6142//5790 6091//5740 6092//5741
f 6142//5790 6092//5741 6093//5742
f 6142//5790 6093//5742 6094//5743
f 6142//5790 6094//5743 6095//5744
f 6142//5790 6095//5744 6096//5745
f 6097//5746 6142//5790 6096//5745
f 6098//5747 6142//5790 6097//5746
f 6099//5748 6142//5790 6098//5747
f 6100//5749 6142//5790 6099//5748
f 6101//5750 6142//5790 6100//5749
f 6102//5751 6142//5790 6101//5750
f 6143//5790 6142//5790 6102//5751
f 6103//5752 6143//5790 6102//5751
f 6104//5753 6143//5790 6103//5752
f 6105//5754 6143//5790 6104//5753
f 6106//5755 6143//5790 6105//5754
f 6107//5756 6143//5790 6106//5755
f 6108//5757 6143//5790 6107//5756
f 6109//5758 6143//5790 6108//5757
f 6110//5759 6143//5790 6109//5758
f 6110//5759 6111//5760 6143//5790
f 6111//5760 6112//5761 6143//5790
f 6112//5761 6113//5762 6143//5790
f 6113//5762 6114//5763 6143//5790
f 6114//5763 6115//5764 6143//5790
f 6116//5765 6144//5790 6115//5764
f 6115//5764 6144//5790 6143//5790
f 6116//5765 6117//5766 6144//5790
f 6117//5766 6118//5767 6144//5790
f 6118//5767 6119//5768 6144//5790
f 6119//5768 6120//5769 6144//5790
f 6120//5769 6121//5770 6144//5790
f 6121//5770 6122//5771 6144//5790
f 6122//5771 6123//5772 6144//5790
f 6123//5772 6124//5773 6144//5790
f 6124//5773 6125//5774 6144//5790
f 6125//5774 6126//5775 6144//5790
f 6126//5775 6127//5776 6144//5790
f 6127//5776 6128//5777 6144//5790
f 6144//5790 6129//5778 6141//5790
f 6144//5790 6128//5777 6129//5778
f 6129//5778 6130//5779 6141//5790
f 6130//5779 6131//5780 6141//5790
f 6131//5780 6132//5781 6141//5790
f 6132//5781 6133//5782 6141//5790
f 6133//5782 6134//5783 6141//5790
f 6134//5783 6135//5784 6141//5790
f 6141//5790 6135//5784 6136//5785
f 6141//5790 6136//5785 6137//5786
f 6141//5790 6137//5786 6138//5787
f 6141//5790 6138//5787 6139//5788
f 6141//5790 6139//5788 6140//5789
f 6141//5790 6140//5789 6089//5738
f 6144//5790 6141//5790 6143//5790
f 6143//5790 6141//5790 6142//5790
# Vertices: 1256, normals: 1243, texture coordinates: 0, faces: 2508

o obj23
v -2243.99989615 -1739.50437055 636.19846235
v -5317.62650957 1670.59974315 647.47331594
v -2243.99989611 -1739.72849164 636.93369184
v -5314.47221319 1670.59974328 635.9776493
v -5317.88139342 1670.59974313 623.55076956
v -5314.72904917 1670.59974327 635.0422245
v -2243.99989651 -1743.06845746 624.50144086
v -2243.99989653 -1743.29062543 623.77207074
v -5317.8823689 1670.59974313 648.40422415
v -2243.99989545 -1743.29172406 648.62558637
v -5326.87406963 1670.59974274 613.79271331
v -2243.99989653 -1743.9223393 623.15494428
v -5326.87406769 1670.59974274 658.16246429
v -2243.99989539 -1743.92343793 649.2428349
v -5327.58988998 1670.59974271 613.01579684
v -2243.99989652 -1754.07346235 613.23746381
v -5327.59037625 1670.59974271 658.93938083
v -2243.99989451 -1754.07346235 659.16159711
v -5341.07426526 1670.59974212 606.4824112
v -2243.9998965 -1754.99375043 612.83609662
v -5328.65824732 1670.59974266 659.45683693
v -5342.12064938 1670.59974207 665.97826086
v -2243.99989356 -1769.32236371 665.81363569
v -2243.9998935 -1770.2101811 666.20090375
v -5342.11967544 1670.59974207 605.97588048
v -2243.99989612 -1770.21127973 606.19919477
v -5358.06400866 1670.59974138 668.27696761
v -2243.99989345 -1771.25253949 666.33627973
v -5359.26176539 1670.59974133 603.50371326
v -2243.99989544 -1788.24851117 603.85721479
v -2243.9998954 -1789.24545942 603.72782026
v -5343.34770279 1670.59974202 605.79869548
v -5359.26029771 1670.59974133 668.44951405
v -2243.99989256 -1789.24533735 668.67417035
v -5375.23930172 1670.59974063 666.14391172
v -2243.99989252 -1790.23691449 668.54538617
v -5375.23930436 1670.59974063 605.80760801
v -2243.99989535 -1790.23715864 603.85660444
v -5376.39848141 1670.59974058 665.97673647
v -5389.97221217 1670.59973998 659.40032105
v -2243.99989184 -1808.28024946 666.20291791
v -2243.99989182 -1809.07834516 665.85489545
v -5376.39848404 1670.59974058 605.97484438
v -2243.99989446 -1808.28159223 606.20072065
v -5377.37748792 1670.59974053 606.44902656
v -2243.99989349 -1823.65354047 612.90708051
v -5390.9277806 1670.59973994 613.01366338
v -2243.99989345 -1824.41831098 613.24082074
v -5390.92826688 1670.59973994 658.93718633
v -2243.99989144 -1824.41855512 659.16361127
v -5391.56449738 1670.59973991 658.24626839
v -2243.99989143 -1834.70444379 649.11167035
v -5391.56401104 1670.59973991 613.70445931
v -2243.99989256 -1834.70432172 623.29221235
v -5400.63578687 1670.59973952 648.40154222
v -2243.99989143 -1835.19870649 648.62857709
v -5400.63578796 1670.59973952 623.54729417
v -2243.99989251 -1835.19846235 623.77530561
v -5403.82719363 1670.59973938 636.77056092
v -2243.99989145 -1835.37204633 648.05991254
v -5400.85551448 1670.59973951 624.34764819
v -2243.99989184 -1838.81479535 635.64017377
v -5404.04545538 1670.59973937 635.97490663
v -2243.99989181 -1838.98606 636.20285688
v -5317.62656617 1670.59974315 -647.47285106
v -5314.47226879 1670.59974328 -635.97718469
v -2243.99995177 -1739.50437055 -636.19826617
v -2243.9999518 -1739.72849164 -636.93349566
v -2243.99995111 -1743.06845746 -624.50124469
v -5317.88144794 1670.59974313 -623.55030466
v -2243.99995106 -1743.29062543 -623.77187457
v -5314.72910469 1670.59974327 -635.04175987
v -5317.88242559 1670.59974313 -648.40375925
v -2243.99995215 -1743.29172406 -648.62539019
v -5326.87412329 1670.59974274 -613.79224762
v -2243.99995101 -1743.9223393 -623.1547481
v -5326.87412523 1670.59974274 -658.1619986
v -2243.99995215 -1743.92343793 -649.24263873
v -5327.58994357 1670.59974271 -613.01533109
v -2243.99995013 -1754.07346235 -613.23726763
v -5327.59043386 1670.59974271 -658.93891507
v -2243.99995214 -1754.07346235 -659.16140094
v -5341.07431828 1670.59974212 -606.48194427
v -2243.99995007 -1754.99375043 -612.83590045
v -5342.1207076 1670.59974207 -665.97779383
v -2243.99995176 -1769.32236371 -665.81343951
v -2243.99995174 -1770.2101811 -666.20070758
v -5328.65830498 1670.59974266 -659.45637108
v -5342.11972842 1670.59974207 -605.97541346
v -2243.99994912 -1770.21127973 -606.19899859
v -5358.06406708 1670.59974138 -668.27649919
v -2243.9999517 -1771.25253949 -666.33608355
v -5343.34775575 1670.59974202 -605.79822835
v -5359.26181815 1670.59974133 -603.50324474
v -2243.99994823 -1788.24851117 -603.85701861
v -2243.99994818 -1789.24545942 -603.72762408
v -5359.26035615 1670.59974133 -668.44904552
v -2243.99995102 -1789.24533735 -668.67397418
v -5375.23935995 1670.59974063 -666.1434418
v -2243.99995097 -1790.23691449 -668.54519
v -5375.23935732 1670.59974063 -605.80713809
v -2243.99994814 -1790.23715864 -603.85640826
v -5389.97226982 1670.59973998 -659.39984985
v -2243.99995008 -1808.28024946 -666.20272174
v -2243.99995003 -1809.07834516 -665.85469927
v -5376.39853964 1670.59974058 -665.97626646
v -5376.39853701 1670.59974058 -605.97437437
v -2243.99994746 -1808.28159223 -606.20052447
v -5377.37754094 1670.59974053 -606.44855645
v -2243.99994708 -1823.65354047 -612.90688433
v -5390.92783419 1670.59973994 -613.01319209
v -2243.99994706 -1824.41831098 -613.24062457
v -5390.92832448 1670.59973994 -658.93671504
v -2243.99994907 -1824.41855512 -659.1634151
v -5391.56455492 1670.59973991 -658.24579704
v -2243.99994818 -1834.70444379 -649.11147418
v -5391.56406469 1670.59973991 -613.70398796
v -2243.99994705 -1834.70432172 -623.29201617
v -5400.63584355 1670.59973952 -648.40107008
v -2243.99994813 -1835.19870649 -648.62838092
v -5400.63584247 1670.59973952 -623.54682204
v -2243.99994705 -1835.19846235 -623.77510943
v -5403.8272493 1670.59973938 -636.7700885
v -2243.9999481 -1835.37204633 -648.05971636
v -5400.85556907 1670.59973951 -624.34717603
v -2243.99994741 -1838.81479535 -635.6399776
v -5404.04551098 1670.59973937 -635.97443419
v -2243.99994742 -1838.98606 -636.2026607
v -648.40726177 1670.54989842 5054.16750881
v -658.00174456 1670.549898 5045.70608345
v -649.38910586 -1782.83584382 2252.00002839
v -648.62140563 -1783.67043851 2252.00002835
v -623.00043398 -1782.83559852 2252.00002723
v -623.55301372 1670.5498995 5054.16750773
v -623.76813414 -1783.67031535 2252.00002727
v -613.96036272 1670.54989992 5045.70559324
v -624.65018167 1670.54989945 5054.45559371
v -635.29834638 -1787.40237152 2252.00002777
v -637.07376554 1670.54989891 5057.14553566
v -647.7179022 -1783.96279687 2252.00002831
v -635.98068692 1670.54989896 5057.43166842
v -636.19574627 -1787.69363132 2252.00002781
v -606.62051956 1670.54990024 5032.23830777
v -613.01938375 1670.54989996 5044.87697992
v -612.70832025 -1770.94179924 2252.00002678
v -613.23358874 -1772.21987544 2252.00002681
v -659.15644031 -1772.22012159 2252.00002881
v -658.9429067 1670.54989795 5044.87747021
v -606.19342836 -1755.0805929 2252.0000265
v -605.98050497 1670.54990027 5030.97268274
v -659.57352199 1670.54989793 5043.63186477
v -666.19562563 -1755.07949689 2252.00002912
v -665.65546444 -1756.39407207 2252.0000291
v -665.98239706 1670.54989765 5030.97268536
v -605.74704686 1670.54990028 4999.72561242
v -603.50925324 1670.54990038 5014.57570997
v -603.91852697 -1733.2422139 2252.0000264
v -603.72046782 -1734.8630635 2252.00002639
v -666.20798306 1670.54989764 5029.47659162
v -668.66681792 -1734.86294427 2252.00002923
v -668.4698574 -1736.47317375 2252.00002922
v -668.45511506 1670.54989754 5014.57424797
v -605.75491909 1670.54990028 5029.47658898
v -603.91748923 -1736.473293 2252.0000264
v -666.39777576 -1716.31509261 2252.00002913
v -668.22470741 1670.54989755 5013.04592765
v -665.9838023 1670.54989765 4998.17288067
v -665.60877443 -1713.22134257 2252.00002909
v -666.19349116 -1714.64517072 2252.00002912
v -659.62387853 1670.54989792 4985.6103804
v -606.19178218 -1714.6463888 2252.0000265
v -605.98142193 1670.54990027 4998.17141321
v -612.63062564 -1698.96584709 2252.00002678
v -606.65116076 1670.54990024 4996.84865933
v -659.15412424 -1697.50674268 2252.00002881
v -658.94486248 1670.54989795 4984.26809521
v -613.02127849 1670.54989996 4984.26760492
v -613.22999094 -1697.50674067 2252.00002681
v -614.04044357 1670.54989992 4983.36916747
v -622.84907098 -1687.04934363 2252.00002723
v -649.53370233 -1687.05044343 2252.00002839
v -657.92569748 1670.549898 4983.36916938
v -635.98307103 1670.54989896 4971.71535983
v -634.76425998 1670.54989901 4972.03664884
v -636.19092911 -1682.03237644 2252.00002781
v -624.84687378 -1685.70412888 2252.00002731
v -647.19467979 1670.54989847 4974.65969626
v -637.27936904 -1682.38418313 2252.00002786
v -623.55625204 1670.5498995 4974.9780546
v -623.76453733 -1686.05422648 2252.00002727
v -648.40970663 1670.54989841 4974.97854397
v -648.61811399 -1686.05557034 2252.00002835
v 648.40711572 1670.5499551 -5054.16750881
v 658.00159851 1670.54995552 -5045.70608345
v 649.38926172 -1782.83578704 -2252.00002839
v 648.62156156 -1783.6703818 -2252.00002835
v 623.00058984 -1782.83554406 -2252.00002723
v 623.55286767 1670.54995401 -5054.16750773
v 623.76829008 -1783.67026082 -2252.00002727
v 613.96021668 1670.54995359 -5045.70559324
v 624.65003563 1670.54995406 -5054.45559371
v 635.29850264 -1787.40231598 -2252.00002777
v -649.38930273 -1782.83584382 -2251.99997161
v -648.40770361 1670.54989842 -5054.16745213
v -648.6216025 -1783.67043851 -2251.99997165
v -658.00218567 1670.549898 -5045.70602593
v -623.55345557 1670.5498995 -5054.16745321
v -613.96080383 1670.54989992 -5045.70553957
v -623.00063086 -1782.83559852 -2251.99997277
v -623.76833102 -1783.67031535 -2251.99997273
v -624.65062355 1670.54989945 -5054.4555391
v -635.29854326 -1787.40237152 -2251.99997223
v 637.0736195 1670.54995461 -5057.14553566
v 647.71805815 -1783.96274024 -2252.00002831
v 635.98054087 1670.54995456 -5057.43166842
v 636.19590256 -1787.69357571 -2252.00002781
v -637.07420765 1670.54989891 -5057.14547997
v -647.71809907 -1783.96279687 -2251.99997169
v -635.98112905 1670.54989896 -5057.43161283
v -636.19594315 -1787.69363132 -2251.99997219
v 606.62037352 1670.54995327 -5032.23830777
v 613.01923771 1670.54995355 -5044.87697992
v 612.70847507 -1770.94174568 -2252.00002678
v 613.23374368 -1772.21982183 -2252.00002681
v 659.15659524 -1772.22006396 -2252.00002881
v 658.94276066 1670.54995556 -5044.87747021
v -613.01982479 1670.54989996 -5044.87692633
v -612.70851712 -1770.94179924 -2251.99997322
v -613.23378562 -1772.21987544 -2251.99997319
v -606.62095949 1670.54990024 -5032.23825473
v -658.94334774 1670.54989795 -5044.8774126
v -659.15663718 -1772.22012159 -2251.99997119
v 606.19358179 -1755.08053991 -2252.0000265
v 605.98035892 1670.54995325 -5030.97268274
v -606.19362524 -1755.0805929 -2251.9999735
v -605.98094479 1670.54990027 -5030.97262976
v 659.57337595 1670.54995559 -5043.63186477
v 666.19577906 -1755.07943865 -2252.00002912
v 665.65561798 -1756.39401387 -2252.0000291
v 665.98225101 1670.54995587 -5030.97268536
v -665.98283688 1670.54989765 -5030.97262714
v -659.57396292 1670.54989793 -5043.63180711
v -666.1958225 -1755.07949689 -2251.99997088
v -665.65566131 -1756.39407207 -2251.9999709
v 605.74690082 1670.54995324 -4999.72561242
v 603.5091072 1670.54995314 -5014.57570997
v 603.9186785 -1733.2421611 -2252.0000264
v 603.72061949 -1734.86301072 -2252.00002639
v -603.50969163 1670.54990038 -5014.57565721
v -603.91872385 -1733.2422139 -2251.9999736
v -603.72066469 -1734.8630635 -2251.99997361
v -605.74748395 1670.54990028 -4999.72555946
v 666.20783702 1670.54995588 -5029.47659162
v 668.66696958 -1734.86288581 -2252.00002923
v 668.4700092 -1736.47311531 -2252.00002922
v 668.45496901 1670.54995598 -5014.57424797
v 605.75477305 1670.54995324 -5029.47658898
v 603.91764104 -1736.4732402 -2252.0000264
v -668.45555345 1670.54989754 -5014.57418953
v -666.20842275 1670.54989764 -5029.47653338
v -668.66701479 -1734.86294427 -2251.99997077
v -668.47005427 -1736.47317375 -2251.99997078
v -605.75535879 1670.54990028 -5029.47653602
v -603.91768611 -1736.473293 -2251.9999736
v 666.3979258 -1716.31503435 -2252.00002913
v 668.22456137 1670.54995597 -5013.04592765
v -666.39797263 -1716.31509261 -2251.99997087
v -668.22514566 1670.54989755 -5013.04586923
v 665.98365625 1670.54995587 -4998.17288067
v 665.6089242 -1713.22128438 -2252.00002909
v 666.19364106 -1714.64511248 -2252.00002912
v 659.62373249 1670.54995559 -4985.6103804
v -659.62431439 1670.54989792 -4985.61032273
v -665.98423925 1670.54989765 -4998.17282245
v -665.6089713 -1713.22134257 -2251.99997091
v -666.19368804 -1714.64517072 -2251.99997088
v 606.19193208 -1714.64633581 -2252.0000265
v 605.98127588 1670.54995325 -4998.17141321
v -606.19197905 -1714.6463888 -2251.9999735
v -605.98185888 1670.54990027 -4998.17136023
v 612.63077417 -1698.96579353 -2252.00002678
v 606.65101471 1670.54995328 -4996.84865933
v -612.63082251 -1698.96584709 -2251.99997322
v -606.65159759 1670.54990024 -4996.84860629
v 659.15427264 -1697.50668505 -2252.00002881
v 658.94471643 1670.54995556 -4984.26809521
v -659.15432111 -1697.50674268 -2251.99997119
v -658.94529822 1670.54989795 -4984.2680376
v 613.02113245 1670.54995355 -4984.26760492
v 613.23013934 -1697.50668706 -2252.00002681
v -613.23018781 -1697.50674067 -2251.99997319
v -613.02171423 1670.54989996 -4984.26755133
v 614.04029753 1670.5499536 -4983.36916747
v 622.84921847 -1687.04928918 -2252.00002723
v 649.53384982 -1687.05038665 -2252.00002839
v 657.92555143 1670.54995552 -4983.36916938
v -622.84926786 -1687.04934363 -2251.99997277
v -614.04087923 1670.54989992 -4983.36911378
v -657.92613314 1670.549898 -4983.36911187
v -649.53389921 -1687.05044343 -2251.99997161
v 635.98292499 1670.54995456 -4971.71535983
v 634.76411394 1670.5499545 -4972.03664884
v 636.19107616 -1682.03232082 -2252.00002781
v 624.84702114 -1685.70407425 -2252.00002731
v -634.76469465 1670.54989901 -4972.03659335
v -636.19112599 -1682.03237644 -2251.99997219
v -624.84707065 -1685.70412888 -2251.99997269
v -635.98350567 1670.54989896 -4971.71530423
v 647.19453375 1670.54995505 -4974.65969626
v 637.27951612 -1682.38412742 -2252.00002786
v 623.556106 1670.54995401 -4974.9780546
v 623.76468473 -1686.05417195 -2252.00002727
v 648.40956059 1670.5499551 -4974.97854397
v 648.61826139 -1686.05551364 -2252.00002835
v -647.19511469 1670.54989847 -4974.65963968
v -637.27956591 -1682.38418313 -2251.99997214
v -623.55668697 1670.5498995 -4974.97800009
v -623.76473421 -1686.05422648 -2251.99997273
v -648.41014156 1670.54989841 -4974.97848728
v -648.61831087 -1686.05557034 -2251.99997165
v 5404.04530933 1670.6002118 -635.97490663
v 5400.85536843 1670.60021166 -624.34764819
v 2264.00005162 -1816.58119987 -635.56864144
v 2264.0000516 -1816.77382682 -636.20145394
v 5391.56435133 1670.60021126 -658.24626839
v 5400.63564082 1670.60021166 -648.40154222
v 2264.00005085 -1812.43129752 -649.16971566
v 2264.0000509 -1812.9864733 -648.62711312
v 5400.63564191 1670.60021166 -623.54729417
v 5391.56386499 1670.60021126 -613.70445931
v 2264.00005198 -1812.43105338 -623.23130013
v 2264.00005198 -1812.98622916 -623.77384164
v 5403.82704758 1670.60021179 -636.77056092
v 2264.00005093 -1813.18105338 -647.98844125
v 5390.92763456 1670.60021123 -613.01366338
v 2264.00005195 -1801.34987662 -612.86588265
v 2264.00005197 -1802.20595572 -613.23935678
v 5377.37734187 1670.60021064 -606.44902656
v 2264.00004996 -1802.2060778 -659.16220834
v 5390.92812083 1670.60021123 -658.93718633
v 5376.39833536 1670.6002106 -665.97673647
v 5389.97206612 1670.60021119 -659.40032105
v 2264.00004895 -1786.06801627 -666.20151498
v 2264.00004901 -1786.95668815 -665.81381967
v 2264.00005157 -1786.06923697 -606.19925668
v 5376.39833799 1670.6002106 -605.97484438
v 2264.00004807 -1768.13173697 -668.53006722
v 5375.23915567 1670.60021055 -666.14391172
v 2264.00005089 -1768.13198112 -603.86905648
v 5375.23915831 1670.60021055 -605.80760801
v 5359.26161935 1670.60020985 -603.50371326
v 2264.0000508 -1765.92861197 -603.8697889
v 2264.00005085 -1767.0333483 -603.72641732
v 5343.34755675 1670.60020915 -605.79869548
v 5359.26015166 1670.60020985 -668.44951405
v 2264.00004801 -1767.03310416 -668.67276742
v 5328.65810127 1670.60020851 -659.45683693
v 5342.12050333 1670.6002091 -665.97826086
v 2264.00004726 -1747.01869987 -665.77243783
v 2264.00004729 -1747.99794791 -666.19950082
v 5358.06386261 1670.60020979 -668.27696761
v 2264.00004733 -1749.14736197 -666.34873178
v 2264.00004991 -1747.99892447 -606.19779183
v 5342.11952939 1670.6002091 -605.97588048
v 5341.07411922 1670.60020905 -606.4824112
v 2264.0000489 -1731.86122916 -613.23606088
v 2264.00004896 -1732.87209342 -612.79508187
v 5327.58974393 1670.60020846 -613.01579684
v 2264.00004689 -1731.86122916 -659.16019418
v 5327.5902302 1670.60020846 -658.93938083
v 5317.88124738 1670.60020804 -623.55076956
v 5314.72890312 1670.6002079 -635.0422245
v 2264.00004792 -1720.83486197 -624.57010629
v 2264.00004796 -1721.07839225 -623.77060678
v 5326.87392358 1670.60020843 -613.79271331
v 2264.00004802 -1721.77077506 -623.09415414
v 5317.88222285 1670.60020804 -648.40422415
v 5326.87392164 1670.60020843 -658.16246429
v 2264.00004688 -1721.07949088 -648.62418344
v 2264.00004688 -1721.77187369 -649.30069711
v 2264.00004726 -1717.29213737 -636.19705941
v 5317.62636352 1670.60020803 -647.47331594
v 2264.00004723 -1717.53737662 -637.00229623
v 5314.47206715 1670.60020789 -635.9776493
v 5375.23921391 1670.60021055 666.1434418
v 2275.00010593 -1754.81630681 668.67177556
v 2275.00010598 -1755.97377751 668.52138493
v 5359.2602101 1670.60020985 668.44904552
v 5343.34760971 1670.60020915 605.79822835
v 5359.26167211 1670.60020985 603.50324474
v 2275.00010305 -1753.65248845 603.87642644
v 2275.0001031 -1754.81655095 603.72536442
v 5375.23921127 1670.60021055 605.80713809
v 2275.00010315 -1755.97389958 603.87575505
v 5376.39839359 1670.6002106 665.97626646
v 2275.00010666 -1773.85134099 666.20046208
v 5358.06392103 1670.60020979 668.27649919
v 2275.00010499 -1735.78115056 666.19850896
v 2275.00010505 -1736.98928044 666.35543034
v 5342.12056156 1670.6002091 665.97779383
v 5389.97212377 1670.60021119 659.39984985
v 2275.00010668 -1774.78993962 665.79109929
v 2275.00010493 -1734.75185368 665.74959538
v 5328.65815893 1670.60020851 659.45637108
v 5390.92817844 1670.60021123 658.93671504
v 2275.00010706 -1789.98940251 659.16115544
v 2275.00010398 -1719.64443181 659.15920231
v 5327.59028781 1670.60020846 658.93891507
v 5400.63569751 1670.60021166 648.40107008
v 2275.00010707 -1800.18093083 649.20137761
v 2275.00010707 -1800.76967595 648.62612126
v 5391.56440887 1670.60021126 658.24579704
v 5326.87397918 1670.60020843 658.1619986
v 2275.00010305 -1708.8628156 648.62319157
v 2275.00010311 -1709.5885236 649.33229802
v 5317.88227954 1670.60020804 648.40375925
v 5403.82710325 1670.60021179 636.7700885
v 2275.00010705 -1800.97585271 647.9489362
v 2275.00010239 -1705.33229802 637.03981755
v 5317.62642012 1670.60020803 647.47285106
v 2275.00010665 -1804.35268376 635.52907536
v 5404.04536493 1670.6002118 635.97443419
v 2275.00010669 -1804.55715153 636.20040104
v 5400.85542302 1670.60021166 624.34717603
v 5314.47212274 1670.60020789 635.97718469
v 2275.00010234 -1705.07534001 636.19606755
v 5314.72895864 1670.6002079 635.04175987
v 2275.00010199 -1708.6062238 624.60768864
v 2275.00010593 -1800.18068669 623.19753239
v 5400.63569642 1670.60021166 623.54682204
v 2275.00010598 -1800.76955388 623.77284978
v 5391.56391865 1670.60021126 613.70398796
v 5317.88130189 1670.60020804 623.55030466
v 2275.00010196 -1708.86159489 623.76961491
v 5326.87397724 1670.60020843 613.79224762
v 2275.00010196 -1709.58742497 623.0605695
v 5377.37739489 1670.60021064 606.44855645
v 5390.92768815 1670.60021123 613.01319209
v 2275.00010499 -1789.08303044 612.84304021
v 2275.00010505 -1789.98915837 613.23836491
v 5327.58979752 1670.60020846 613.01533109
v 5341.07417224 1670.60020905 606.48194427
v 2275.00010197 -1719.64443181 613.23506901
v 2275.000102 -1720.70510075 612.77230046
v 2275.00010404 -1773.85243962 606.19826481
v 5376.39839096 1670.6002106 605.97437437
v 5342.11958237 1670.6002091 605.97541346
v 2275.00010237 -1735.78212712 606.19679997
v 668.4554074 1670.54995598 5014.57418953
v 666.20827671 1670.54995588 5029.47653338
v 668.66673916 -1728.20639167 2257.39987312
v 668.4658115 -1729.84921394 2257.39987312
v 665.98269083 1670.54995587 5030.97262714
v 659.57381688 1670.54995559 5043.63180711
v 666.19554864 -1748.42294451 2257.39987322
v 665.64403502 -1749.76522969 2257.39987325
v 666.4017237 -1709.69125505 2257.39987321
v 668.22499962 1670.54995597 5013.04586923
v 665.98409321 1670.54995587 4998.17282245
v 666.19341064 -1707.98874041 2257.39987322
v 659.62416834 1670.54995559 4985.61032273
v 665.5972802 -1706.53720235 2257.39987325
v 658.9432017 1670.54995556 5044.8774126
v 659.15636481 -1765.56356982 2257.39987353
v 659.15404221 -1690.85019091 2257.39987353
v 658.94515217 1670.54995556 4984.2680376
v 658.00203962 1670.54995552 5045.70602593
v 649.4060601 -1776.16073822 2257.39987396
v 657.92598709 1670.54995552 4983.36911187
v 649.5506482 -1680.41244719 2257.39987395
v 648.40755757 1670.5499551 5054.16745213
v 648.62133113 -1777.01388766 2257.39987399
v 637.07406161 1670.54995461 5057.14547997
v 647.69774716 -1777.3128379 2257.39987403
v 648.61803097 -1679.39914157 2257.39987399
v 648.40999552 1670.5499551 4974.97848728
v 635.98098301 1670.54995456 5057.43161283
v 636.19567213 -1781.03708157 2257.39987453
v 635.98335963 1670.54995456 4971.71530423
v 647.19496865 1670.54995505 4974.65963968
v 636.19084574 -1675.37594875 2257.39987453
v 637.29930522 -1675.734103 2257.39987449
v 635.27819165 -1780.73935211 2257.39987457
v 624.65047751 1670.54995406 5054.4555391
v 634.76454861 1670.5499545 4972.03659335
v 624.86687129 -1679.04111038 2257.39987503
v 623.55330952 1670.54995401 5054.16745321
v 622.98333061 -1776.1606173 2257.39987511
v 623.76799862 -1777.01376668 2257.39987508
v 613.96065779 1670.54995359 5045.70553957
v 623.55654093 1670.54995401 4974.97800009
v 623.76445431 -1679.39779988 2257.39987508
v 614.04073319 1670.5499536 4983.36911378
v 622.83202027 -1680.41134973 2257.39987512
v 613.01967875 1670.54995355 5044.87692633
v 612.69683107 -1764.25741951 2257.39987556
v 613.23351325 -1765.56332769 2257.39987554
v 606.62081345 1670.54995327 5032.23825473
v 606.65145155 1670.54995328 4996.84860629
v 613.22990891 -1690.85019292 2257.39987554
v 612.6191912 -1692.33700935 2257.39987557
v 613.02156819 1670.54995355 4984.26755133
v 606.19335137 -1748.42416784 2257.39987585
v 605.98079874 1670.54995325 5030.97262976
v 605.98171284 1670.54995325 4998.17136023
v 606.19170165 -1707.98984167 2257.39987585
v 603.9213779 -1729.84946091 2257.39987595
v 605.75521274 1670.54995324 5029.47653602
v 605.74733791 1670.54995324 4999.72555946
v 603.92241536 -1726.55295212 2257.39987595
v 603.50954559 1670.54995314 5014.57565721
v 603.72038906 -1728.20663865 2257.39987595
vn 0.00328 -0.74314 0.66913
vn -0.19981 -0.72815 0.65564
vn -0.19983 -0.72815 0.65564
vn -0.17068 -0.73223 0.65932
vn 0.38521 -0.68581 0.61748
vn 0.19977 -0.72817 0.65564
vn 0.19977 -0.72817 0.65564
vn 0.54691 -0.62217 0.56017
vn -0.3822 -0.68671 0.61834
vn -0.39506 -0.68268 0.61472
vn 0.56505 -0.61316 0.55205
vn 0.56506 -0.61315 0.55205
vn -0.56501 -0.61314 0.55211
vn -0.565 -0.61315 0.55212
vn 0.70952 -0.5237 0.4715
vn 0.71892 -0.51658 0.46508
vn -0.58641 -0.60194 0.54203
vn -0.72121 -0.51477 0.46355
vn 0.8377 -0.40588 0.3654
vn 0.83774 -0.40584 0.36536
vn -0.83772 -0.40581 0.36544
vn -0.92519 -0.282 0.25398
vn -0.83772 -0.4058 0.36544
vn -0.97771 -0.156 0.14053
vn 0.85118 -0.39009 0.35118
vn 0.92999 -0.27321 0.24594
vn -0.98169 -0.14154 0.12751
vn -0.98167 -0.14159 0.12755
vn 0.99999 -0.00366 0.00323
vn 0.98169 -0.1416 0.12744
vn 0.98512 0.1277 -0.11505
vn 0.98169 -0.1416 0.12744
vn -0.99997 -0.00608 0.00554
vn -0.99999 0.00298 -0.00261
vn -0.98168 0.14164 -0.12747
vn -0.98168 0.14162 -0.12745
vn 0.98168 0.14156 -0.12752
vn 0.98168 0.14156 -0.12753
vn -0.93016 0.27287 -0.24564
vn -0.83772 0.40586 -0.36538
vn -0.92578 0.28098 -0.25294
vn -0.83771 0.40587 -0.36539
vn 0.97696 0.15858 -0.14285
vn 0.92443 0.28337 -0.25521
vn 0.8377 0.40583 -0.36546
vn 0.8377 0.40583 -0.36547
vn 0.8244 0.42059 -0.37876
vn 0.5791 0.60584 -0.54553
vn -0.82487 0.42015 -0.37825
vn -0.71082 0.52273 -0.47063
vn -0.56496 0.6132 -0.55209
vn -0.56497 0.6132 -0.55209
vn 0.56502 0.61313 -0.5521
vn 0.56502 0.61313 -0.5521
vn -0.39507 0.6827 -0.61468
vn -0.21695 0.72545 -0.65319
vn 0.54515 0.62299 -0.56098
vn 0.21636 0.72554 -0.65329
vn -0.19982 0.72816 -0.65563
vn -0.19983 0.72816 -0.65563
vn 0.19981 0.72815 -0.65564
vn 0.19981 0.72815 -0.65565
vn -0.00382 0.74314 -0.66913
vn -0.18237 0.73069 -0.6579
vn 0.19981 -0.72815 0.65564
vn 0.17068 -0.73223 0.65932
vn -0.00328 -0.74314 0.66913
vn 0.19983 -0.72815 0.65564
vn -0.19977 -0.72817 0.65564
vn -0.38521 -0.68581 0.61748
vn -0.54691 -0.62217 0.56017
vn -0.19977 -0.72817 0.65564
vn 0.3822 -0.68671 0.61834
vn 0.39506 -0.68268 0.61472
vn -0.56505 -0.61316 0.55205
vn -0.56506 -0.61315 0.55205
vn 0.56501 -0.61314 0.55211
vn 0.565 -0.61315 0.55212
vn -0.70952 -0.5237 0.4715
vn -0.71892 -0.51658 0.46508
vn 0.58641 -0.60194 0.54203
vn 0.72121 -0.51477 0.46355
vn -0.8377 -0.40588 0.3654
vn -0.83774 -0.40584 0.36536
vn 0.92519 -0.282 0.25398
vn 0.83772 -0.4058 0.36544
vn 0.97771 -0.156 0.14053
vn 0.83772 -0.40581 0.36544
vn -0.85118 -0.39009 0.35118
vn -0.92999 -0.27321 0.24594
vn 0.98169 -0.14154 0.12751
vn 0.98167 -0.14159 0.12755
vn -0.98169 -0.1416 0.12744
vn -0.99999 -0.00366 0.00323
vn -0.98169 -0.1416 0.12744
vn -0.98512 0.1277 -0.11505
vn 0.99997 -0.00608 0.00554
vn 0.99999 0.00298 -0.00261
vn 0.98168 0.14164 -0.12747
vn 0.98168 0.14162 -0.12745
vn -0.98168 0.14156 -0.12752
vn -0.98168 0.14156 -0.12753
vn 0.83772 0.40586 -0.36538
vn 0.92578 0.28098 -0.25294
vn 0.83771 0.40587 -0.36539
vn 0.93016 0.27287 -0.24564
vn -0.97696 0.15858 -0.14285
vn -0.92443 0.28337 -0.25521
vn -0.8377 0.40583 -0.36546
vn -0.8377 0.40583 -0.36547
vn -0.8244 0.42059 -0.37876
vn -0.5791 0.60584 -0.54553
vn 0.82487 0.42015 -0.37825
vn 0.71082 0.52273 -0.47063
vn 0.56496 0.6132 -0.55209
vn 0.56497 0.6132 -0.55209
vn -0.56502 0.61313 -0.5521
vn -0.56502 0.61313 -0.5521
vn 0.39507 0.6827 -0.61468
vn 0.21695 0.72545 -0.65319
vn -0.54515 0.62299 -0.56098
vn -0.21636 0.72554 -0.65329
vn 0.19982 0.72816 -0.65563
vn 0.19983 0.72816 -0.65563
vn -0.19981 0.72815 -0.65564
vn -0.19981 0.72815 -0.65565
vn 0.00382 0.74314 -0.66913
vn 0.18237 0.73069 -0.6579
vn -0.71249 0.39788 -0.57797
vn -0.64078 0.56499 -0.51979
vn -0.64077 0.56502 -0.51978
vn -0.75644 0.22639 -0.61363
vn -0.64071 -0.56507 -0.51979
vn -0.6544 -0.53842 -0.53091
vn -0.75658 -0.22552 -0.61378
vn -0.64072 -0.56505 -0.5198
vn -0.76093 -0.19984 -0.6173
vn -0.76092 -0.19986 -0.6173
vn -0.76093 0.19988 -0.61728
vn -0.76094 0.19983 -0.61728
vn -0.77659 0.00314 -0.63
vn -0.76504 0.17188 -0.62062
vn -0.42409 -0.83771 -0.34408
vn -0.4446 -0.81989 -0.36072
vn -0.42411 -0.83769 -0.3441
vn -0.62891 -0.58664 -0.51023
vn -0.54768 0.709 -0.44425
vn -0.44407 0.82041 -0.36019
vn -0.29794 -0.92346 -0.24176
vn -0.17154 -0.97529 -0.13921
vn -0.42413 0.83771 -0.34402
vn -0.29596 0.92455 -0.24003
vn -0.42414 0.8377 -0.34403
vn -0.28362 0.93094 -0.23002
vn 0.14798 -0.98169 0.11998
vn 0.00609 -0.99997 0.00488
vn 0.14797 -0.98169 0.11998
vn -0.12639 -0.98666 -0.10259
vn -0.14803 0.98167 -0.12002
vn -0.00567 0.99997 -0.00454
vn -0.148 0.98168 -0.12
vn 0.00794 0.99995 0.0065
vn -0.14795 -0.98168 -0.12008
vn -0.14795 -0.98168 -0.12008
vn 0.14797 0.98167 0.1201
vn 0.14792 0.98168 0.12006
vn 0.29685 0.92405 0.24087
vn 0.42409 0.8377 0.34409
vn 0.17005 0.97572 0.13801
vn 0.42408 0.83771 0.34408
vn 0.28369 -0.93091 0.23008
vn 0.40262 -0.85514 0.32656
vn 0.42411 -0.83773 0.344
vn 0.42415 -0.8377 0.34403
vn 0.53651 0.72298 0.43527
vn 0.62549 0.59267 0.50745
vn 0.54837 -0.70813 0.44481
vn 0.53785 -0.72137 0.43628
vn 0.64076 -0.56503 0.51977
vn 0.64075 -0.56505 0.51976
vn 0.64074 0.565 0.51983
vn 0.64075 0.56498 0.51983
vn 0.76637 0.16171 0.62171
vn 0.76095 -0.19978 0.61729
vn 0.77659 -0.0022 0.63
vn 0.76095 -0.19974 0.6173
vn 0.76093 0.19979 0.6173
vn 0.76093 0.19983 0.6173
vn 0.71762 -0.38229 0.58213
vn 0.65423 -0.53883 0.5307
vn 0.71821 0.38037 0.58266
vn 0.71229 0.39841 0.57785
vn 0.71249 -0.39788 -0.57797
vn 0.64078 -0.56499 -0.51979
vn 0.64077 -0.56502 -0.51978
vn 0.75644 -0.22639 -0.61363
vn 0.64071 0.56507 -0.51979
vn 0.6544 0.53842 -0.53091
vn 0.75658 0.22552 -0.61378
vn 0.64072 0.56505 -0.5198
vn 0.76093 0.19984 -0.6173
vn 0.76092 0.19986 -0.6173
vn 0.64077 0.56502 -0.51978
vn 0.71249 0.39788 -0.57797
vn 0.75644 0.22639 -0.61363
vn 0.64078 0.56499 -0.51979
vn 0.6544 -0.53842 -0.53091
vn 0.64072 -0.56505 -0.5198
vn 0.64071 -0.56507 -0.51979
vn 0.75658 -0.22552 -0.61378
vn 0.76093 -0.19984 -0.6173
vn 0.76092 -0.19986 -0.6173
vn 0.76093 -0.19988 -0.61728
vn 0.76094 -0.19983 -0.61728
vn 0.77659 -0.00314 -0.63
vn 0.76504 -0.17188 -0.62062
vn 0.76093 0.19988 -0.61728
vn 0.76094 0.19983 -0.61728
vn 0.77659 0.00314 -0.63
vn 0.76504 0.17188 -0.62062
vn 0.42409 0.83771 -0.34408
vn 0.4446 0.81989 -0.36072
vn 0.42411 0.83769 -0.3441
vn 0.62891 0.58664 -0.51023
vn 0.54768 -0.709 -0.44425
vn 0.44407 -0.82041 -0.36019
vn 0.4446 -0.81989 -0.36072
vn 0.42411 -0.83769 -0.3441
vn 0.62891 -0.58664 -0.51023
vn 0.42409 -0.83771 -0.34408
vn 0.44407 0.82041 -0.36019
vn 0.54768 0.709 -0.44425
vn 0.29794 0.92346 -0.24176
vn 0.17154 0.97529 -0.13921
vn 0.29794 -0.92346 -0.24176
vn 0.17154 -0.97529 -0.13921
vn 0.42413 -0.83771 -0.34402
vn 0.29596 -0.92455 -0.24003
vn 0.42414 -0.8377 -0.34403
vn 0.28362 -0.93094 -0.23002
vn 0.28362 0.93094 -0.23002
vn 0.42413 0.83771 -0.34402
vn 0.29596 0.92455 -0.24003
vn 0.42414 0.8377 -0.34403
vn -0.14798 0.98169 0.11998
vn -0.00609 0.99997 0.00488
vn -0.14797 0.98169 0.11998
vn 0.12639 0.98666 -0.10259
vn -0.00609 -0.99997 0.00488
vn -0.14797 -0.98169 0.11998
vn 0.12639 -0.98666 -0.10259
vn -0.14798 -0.98169 0.11998
vn 0.14803 -0.98167 -0.12002
vn 0.00567 -0.99997 -0.00454
vn 0.148 -0.98168 -0.12
vn -0.00794 -0.99995 0.0065
vn 0.14795 0.98168 -0.12008
vn 0.14795 0.98168 -0.12008
vn -0.00794 0.99995 0.0065
vn 0.14803 0.98167 -0.12002
vn 0.00567 0.99997 -0.00454
vn 0.148 0.98168 -0.12
vn 0.14795 -0.98168 -0.12008
vn 0.14795 -0.98168 -0.12008
vn -0.14797 -0.98167 0.1201
vn -0.14792 -0.98168 0.12006
vn -0.14797 0.98167 0.1201
vn -0.14792 0.98168 0.12006
vn -0.29685 -0.92405 0.24087
vn -0.42409 -0.8377 0.34409
vn -0.17005 -0.97572 0.13801
vn -0.42408 -0.83771 0.34408
vn -0.42408 0.83771 0.34408
vn -0.29685 0.92405 0.24087
vn -0.42409 0.8377 0.34409
vn -0.17005 0.97572 0.13801
vn -0.28369 0.93091 0.23008
vn -0.40262 0.85514 0.32656
vn -0.28369 -0.93091 0.23008
vn -0.40262 -0.85514 0.32656
vn -0.42411 0.83773 0.344
vn -0.42415 0.8377 0.34403
vn -0.42411 -0.83773 0.344
vn -0.42415 -0.8377 0.34403
vn -0.53651 -0.72298 0.43527
vn -0.62549 -0.59267 0.50745
vn -0.53651 0.72298 0.43527
vn -0.62549 0.59267 0.50745
vn -0.54837 0.70813 0.44481
vn -0.53785 0.72137 0.43628
vn -0.53785 -0.72137 0.43628
vn -0.54837 -0.70813 0.44481
vn -0.64076 0.56503 0.51977
vn -0.64075 0.56505 0.51976
vn -0.64074 -0.565 0.51983
vn -0.64075 -0.56498 0.51983
vn -0.64075 -0.56505 0.51976
vn -0.64076 -0.56503 0.51977
vn -0.64075 0.56498 0.51983
vn -0.64074 0.565 0.51983
vn -0.76637 -0.16171 0.62171
vn -0.76095 0.19978 0.61729
vn -0.77659 0.0022 0.63
vn -0.76095 0.19974 0.6173
vn -0.76095 -0.19978 0.61729
vn -0.77659 -0.0022 0.63
vn -0.76095 -0.19974 0.6173
vn -0.76637 0.16171 0.62171
vn -0.76093 -0.19979 0.6173
vn -0.76093 -0.19983 0.6173
vn -0.71762 0.38229 0.58213
vn -0.65423 0.53883 0.5307
vn -0.71821 -0.38037 0.58266
vn -0.71229 -0.39841 0.57785
vn -0.76093 0.19979 0.6173
vn -0.76093 0.19983 0.6173
vn -0.71762 -0.38229 0.58213
vn -0.65423 -0.53883 0.5307
vn -0.71821 0.38037 0.58266
vn -0.71229 0.39841 0.57785
vn 0.00268 -0.74314 -0.66913
vn -0.19981 -0.72815 -0.65564
vn -0.19981 -0.72815 -0.65565
vn 0.18019 -0.73099 -0.65817
vn 0.56496 -0.6132 -0.55209
vn 0.3956 -0.68253 -0.61453
vn 0.56497 -0.6132 -0.55209
vn 0.21885 -0.72514 -0.6529
vn -0.54526 -0.62294 -0.56093
vn -0.56502 -0.61313 -0.5521
vn -0.56503 -0.61313 -0.5521
vn -0.21841 -0.7252 -0.65298
vn 0.19981 -0.72817 -0.65563
vn 0.19983 -0.72816 -0.65563
vn -0.82448 -0.42051 -0.37869
vn -0.8377 -0.40583 -0.36547
vn -0.58078 -0.60495 -0.54474
vn -0.8377 -0.40583 -0.36546
vn 0.71079 -0.52275 -0.47064
vn 0.8248 -0.42022 -0.37832
vn 0.92996 -0.27325 -0.24597
vn 0.83771 -0.40587 -0.36539
vn 0.92535 -0.28177 -0.25364
vn 0.83771 -0.40588 -0.3654
vn -0.92441 -0.2834 -0.25524
vn -0.97693 -0.15868 -0.14294
vn 0.98168 -0.14162 -0.12745
vn 0.98168 -0.14165 -0.12747
vn -0.98168 -0.14156 -0.12753
vn -0.98168 -0.14156 -0.12752
vn -0.99999 0.00407 0.0036
vn -0.98169 0.1416 0.12744
vn -0.98543 -0.12636 -0.11384
vn -0.98169 0.1416 0.12744
vn 0.99997 0.00568 0.00518
vn 0.99999 -0.00382 -0.00337
vn 0.83772 0.40581 0.36544
vn 0.92497 0.28239 0.25432
vn 0.83772 0.4058 0.36544
vn 0.97733 0.15731 0.14171
vn 0.98169 0.14154 0.12751
vn 0.98167 0.14159 0.12755
vn -0.93 0.27318 0.24591
vn -0.85125 0.39 0.35111
vn -0.8377 0.40588 0.3654
vn -0.71973 0.51596 0.46452
vn -0.83774 0.40584 0.36537
vn -0.70991 0.52341 0.47124
vn 0.72123 0.51475 0.46353
vn 0.58653 0.60188 0.54197
vn -0.38467 0.68597 0.61763
vn -0.19977 0.72817 0.65564
vn -0.19977 0.72817 0.65564
vn -0.54536 0.62292 0.56085
vn -0.56505 0.61316 0.55205
vn -0.56506 0.61315 0.55205
vn 0.38272 0.68655 0.6182
vn 0.565 0.61314 0.55211
vn 0.39615 0.68233 0.6144
vn 0.565 0.61315 0.55212
vn -0.00213 0.74314 0.66913
vn 0.19981 0.72815 0.65565
vn 0.19983 0.72815 0.65564
vn 0.17068 0.73223 0.65932
vn -0.98168 -0.14165 -0.12747
vn -0.99998 -0.00428 -0.00379
vn -0.98168 -0.14162 -0.12745
vn -0.99997 0.00546 0.00498
vn 0.98169 0.14161 0.12744
vn 0.99998 0.00429 0.0038
vn 0.98169 0.1416 0.12744
vn 0.9856 -0.12564 -0.11319
vn 0.98168 -0.14156 -0.12752
vn 0.98168 -0.14156 -0.12753
vn -0.92985 -0.27345 -0.24616
vn -0.92511 -0.2822 -0.25403
vn -0.98169 0.14154 0.12751
vn -0.97712 0.15803 0.14235
vn -0.98167 0.14159 0.12755
vn -0.92486 0.2826 0.25451
vn -0.83772 -0.40586 -0.36539
vn -0.83771 -0.40588 -0.3654
vn -0.83772 0.4058 0.36544
vn -0.83772 0.40581 0.36545
vn -0.82476 -0.42026 -0.37835
vn -0.71077 -0.52277 -0.47066
vn -0.72125 0.51473 0.46352
vn -0.58659 0.60184 0.54194
vn -0.3959 -0.68244 -0.61444
vn -0.56497 -0.6132 -0.55209
vn -0.21988 -0.72496 -0.65275
vn -0.56496 -0.6132 -0.55209
vn -0.565 0.61314 0.55211
vn -0.39675 0.68214 0.61423
vn -0.565 0.61315 0.55212
vn -0.38301 0.68646 0.61812
vn -0.1998 -0.72817 -0.65563
vn -0.19983 -0.72816 -0.65563
vn -0.19983 0.72815 0.65564
vn -0.1998 0.72815 0.65565
vn 0.19981 -0.72815 -0.65565
vn -0.00205 -0.74314 -0.66913
vn -0.17899 -0.73115 -0.65832
vn 0.19981 -0.72815 -0.65564
vn -0.17068 0.73223 0.65932
vn 0.0015 0.74314 0.66913
vn 0.19977 0.72817 0.65564
vn 0.19977 0.72817 0.65564
vn 0.56503 -0.61313 -0.5521
vn 0.54532 -0.62291 -0.5609
vn 0.21953 -0.72501 -0.65282
vn 0.56502 -0.61313 -0.5521
vn 0.38438 0.68606 0.61771
vn 0.54452 0.62333 0.56121
vn 0.56505 0.61316 0.55205
vn 0.56506 0.61315 0.55205
vn 0.8377 -0.40583 -0.36547
vn 0.82452 -0.42047 -0.37865
vn 0.8377 -0.40583 -0.36547
vn 0.5817 -0.60446 -0.5443
vn 0.71013 0.52325 0.47109
vn 0.8377 0.40588 0.3654
vn 0.72017 0.51562 0.46422
vn 0.83774 0.40584 0.36537
vn 0.9244 -0.28342 -0.25525
vn 0.97692 -0.15872 -0.14298
vn 0.85129 0.38996 0.35106
vn 0.93001 0.27316 0.2459
vn 0.00782 -0.99995 0.00641
vn -0.14803 -0.98167 -0.12002
vn -0.00593 -0.99997 -0.00475
vn -0.148 -0.98168 -0.12
vn -0.28373 -0.93088 -0.23011
vn -0.42413 -0.83771 -0.34402
vn -0.2962 -0.92442 -0.24022
vn -0.42414 -0.8377 -0.34403
vn 0.14797 -0.98167 0.1201
vn 0.14792 -0.98168 0.12006
vn 0.29696 -0.92399 0.24096
vn 0.17042 -0.97562 0.13831
vn 0.42408 -0.83771 0.34408
vn 0.42409 -0.8377 0.34409
vn -0.4441 -0.82038 -0.36021
vn -0.54769 -0.70899 -0.44426
vn 0.5365 -0.72299 0.43527
vn 0.62546 -0.59271 0.50743
vn -0.64078 -0.56499 -0.51979
vn -0.64077 -0.56502 -0.51978
vn 0.64075 -0.56498 0.51983
vn 0.64074 -0.565 0.51983
vn -0.71244 -0.39803 -0.57793
vn -0.75635 -0.22689 -0.61356
vn -0.76093 -0.19987 -0.61728
vn -0.76094 -0.19983 -0.61728
vn 0.71218 -0.39872 0.57777
vn 0.71816 -0.38052 0.58262
vn -0.77659 -0.00281 -0.63
vn -0.76513 -0.17125 -0.62069
vn 0.76637 -0.16171 0.62171
vn 0.76093 -0.19979 0.6173
vn 0.7766 0.00187 0.63
vn 0.76093 -0.19983 0.6173
vn -0.76092 0.19986 -0.6173
vn -0.76093 0.19984 -0.6173
vn 0.76095 0.19978 0.61729
vn 0.76095 0.19974 0.6173
vn -0.65438 0.53846 -0.53089
vn -0.64071 0.56507 -0.51979
vn -0.75648 0.22609 -0.61369
vn -0.64072 0.56505 -0.5198
vn 0.71767 0.38214 0.58217
vn 0.65444 0.53841 0.53087
vn 0.64076 0.56503 0.51977
vn 0.64075 0.56505 0.51976
vn -0.44457 0.81991 -0.3607
vn -0.42411 0.83769 -0.3441
vn -0.62864 0.58711 -0.51001
vn -0.42409 0.83771 -0.34408
vn 0.42415 0.8377 0.34403
vn 0.53766 0.72161 0.43612
vn 0.42411 0.83773 0.344
vn 0.54828 0.70824 0.44474
vn -0.29795 0.92346 -0.24177
vn -0.17157 0.97528 -0.13924
vn 0.40259 0.85516 0.32654
vn 0.28368 0.93091 0.23007
vn -0.14795 0.98168 -0.12008
vn -0.14795 0.98168 -0.12008
vn 0.14798 0.98169 0.11998
vn 0.14797 0.98169 0.11998
vn 0.00622 0.99997 0.00498
vn -0.12602 0.98674 -0.10229
usemtl mat7
f 6145//5791 6146//5792 6147//5793
f 6148//5794 6146//5792 6145//5791
f 6149//5795 6150//5796 6151//5797
f 6149//5795 6151//5797 6152//5798
f 6150//5796 6145//5791 6151//5797
f 6150//5796 6148//5794 6145//5791
f 6147//5793 6153//5799 6154//5800
f 6146//5792 6153//5799 6147//5793
f 6155//5801 6152//5798 6156//5802
f 6155//5801 6149//5795 6152//5798
f 6153//5799 6157//5803 6154//5800
f 6154//5800 6157//5803 6158//5804
f 6159//5805 6156//5802 6160//5806
f 6159//5805 6155//5801 6156//5802
f 6157//5803 6161//5807 6158//5804
f 6158//5804 6161//5807 6162//5808
f 6163//5809 6160//5806 6164//5810
f 6163//5809 6159//5805 6160//5806
f 6165//5811 6166//5812 6167//5813
f 6167//5813 6166//5812 6168//5814
f 6169//5815 6164//5810 6170//5816
f 6169//5815 6163//5809 6164//5810
f 6162//5808 6165//5811 6167//5813
f 6161//5807 6165//5811 6162//5808
f 6166//5812 6171//5817 6168//5814
f 6168//5814 6171//5817 6172//5818
f 6173//5819 6174//5820 6175//5821
f 6173//5819 6176//5822 6174//5820
f 6172//5818 6177//5823 6178//5824
f 6171//5817 6177//5823 6172//5818
f 6176//5822 6170//5816 6174//5820
f 6176//5822 6169//5815 6170//5816
f 6177//5823 6179//5825 6178//5824
f 6178//5824 6179//5825 6180//5826
f 6181//5827 6175//5821 6182//5828
f 6181//5827 6173//5819 6175//5821
f 6183//5829 6184//5830 6185//5831
f 6185//5831 6184//5830 6186//5832
f 6180//5826 6183//5829 6185//5831
f 6179//5825 6183//5829 6180//5826
f 6187//5833 6182//5828 6188//5834
f 6187//5833 6181//5827 6182//5828
f 6189//5835 6188//5834 6190//5836
f 6189//5835 6187//5833 6188//5834
f 6191//5837 6190//5836 6192//5838
f 6191//5837 6189//5835 6190//5836
f 6186//5832 6193//5839 6194//5840
f 6184//5830 6193//5839 6186//5832
f 6194//5840 6195//5841 6196//5842
f 6193//5839 6195//5841 6194//5840
f 6197//5843 6192//5838 6198//5844
f 6197//5843 6191//5837 6192//5838
f 6196//5842 6199//5845 6200//5846
f 6195//5841 6199//5845 6196//5842
f 6201//5847 6197//5843 6198//5844
f 6201//5847 6198//5844 6202//5848
f 6199//5845 6203//5849 6200//5846
f 6200//5846 6203//5849 6204//5850
f 6205//5851 6202//5848 6206//5852
f 6205//5851 6201//5847 6202//5848
f 6207//5853 6205//5851 6206//5852
f 6207//5853 6206//5852 6208//5854
f 6203//5849 6207//5853 6204//5850
f 6204//5850 6207//5853 6208//5854
f 6209//5855 6210//5856 6211//5857
f 6209//5855 6211//5857 6212//5858
f 6213//5859 6214//5860 6215//5861
f 6216//5862 6214//5860 6213//5859
f 6210//5856 6216//5862 6211//5857
f 6211//5857 6216//5862 6213//5859
f 6217//5863 6212//5858 6218//5864
f 6217//5863 6209//5855 6212//5858
f 6214//5860 6219//5865 6215//5861
f 6215//5861 6219//5865 6220//5866
f 6221//5867 6218//5864 6222//5868
f 6221//5867 6217//5863 6218//5864
f 6219//5865 6223//5869 6220//5866
f 6220//5866 6223//5869 6224//5870
f 6225//5871 6222//5868 6226//5872
f 6225//5871 6221//5867 6222//5868
f 6223//5869 6227//5873 6224//5870
f 6224//5870 6227//5873 6228//5874
f 6229//5875 6230//5876 6231//5877
f 6229//5875 6232//5878 6230//5876
f 6228//5874 6233//5879 6234//5880
f 6227//5873 6233//5879 6228//5874
f 6232//5878 6226//5872 6230//5876
f 6232//5878 6225//5871 6226//5872
f 6235//5881 6231//5877 6236//5882
f 6235//5881 6229//5875 6231//5877
f 6237//5883 6238//5884 6239//5885
f 6239//5885 6238//5884 6240//5886
f 6241//5887 6236//5882 6242//5888
f 6241//5887 6235//5881 6236//5882
f 6234//5880 6237//5883 6239//5885
f 6233//5879 6237//5883 6234//5880
f 6243//5889 6242//5888 6244//5890
f 6243//5889 6241//5887 6242//5888
f 6238//5884 6245//5891 6240//5886
f 6240//5886 6245//5891 6246//5892
f 6247//5893 6248//5894 6249//5895
f 6247//5893 6250//5896 6248//5894
f 6250//5896 6244//5890 6248//5894
f 6250//5896 6243//5889 6244//5890
f 6246//5892 6251//5897 6252//5898
f 6245//5891 6251//5897 6246//5892
f 6252//5898 6253//5899 6254//5900
f 6251//5897 6253//5899 6252//5898
f 6253//5899 6255//5901 6254//5900
f 6254//5900 6255//5901 6256//5902
f 6257//5903 6249//5895 6258//5904
f 6257//5903 6247//5893 6249//5895
f 6259//5905 6258//5904 6260//5906
f 6259//5905 6257//5903 6258//5904
f 6255//5901 6261//5907 6256//5902
f 6256//5902 6261//5907 6262//5908
f 6263//5909 6259//5905 6260//5906
f 6263//5909 6260//5906 6264//5910
f 6262//5908 6265//5911 6266//5912
f 6261//5907 6265//5911 6262//5908
f 6267//5913 6264//5910 6268//5914
f 6267//5913 6263//5909 6264//5910
f 6265//5911 6269//5915 6266//5912
f 6266//5912 6269//5915 6270//5916
f 6270//5916 6271//5917 6272//5918
f 6269//5915 6271//5917 6270//5916
f 6271//5917 6268//5914 6272//5918
f 6271//5917 6267//5913 6268//5914
f 6273//5919 6274//5920 6275//5921
f 6273//5919 6275//5921 6276//5922
f 6277//5923 6278//5924 6279//5925
f 6280//5926 6278//5924 6277//5923
f 6279//5925 6281//5927 6282//5928
f 6278//5924 6281//5927 6279//5925
f 6283//5929 6276//5922 6284//5930
f 6283//5929 6273//5919 6276//5922
f 6282//5928 6285//5931 6286//5932
f 6281//5927 6285//5931 6282//5928
f 6285//5931 6284//5930 6286//5932
f 6285//5931 6283//5929 6284//5930
f 6287//5933 6288//5934 6289//5935
f 6289//5935 6288//5934 6290//5936
f 6274//5920 6291//5937 6275//5921
f 6274//5920 6292//5938 6291//5937
f 6290//5936 6280//5926 6277//5923
f 6288//5934 6280//5926 6290//5936
f 6293//5939 6287//5933 6289//5935
f 6294//5940 6287//5933 6293//5939
f 6295//5941 6296//5942 6297//5943
f 6295//5941 6298//5944 6296//5942
f 6292//5938 6297//5943 6291//5937
f 6292//5938 6295//5941 6297//5943
f 6299//5945 6300//5946 6301//5947
f 6301//5947 6300//5946 6302//5948
f 6303//5949 6304//5950 6305//5951
f 6303//5949 6306//5952 6304//5950
f 6300//5946 6307//5953 6302//5948
f 6302//5948 6307//5953 6308//5954
f 6298//5944 6305//5951 6296//5942
f 6298//5944 6303//5949 6305//5951
f 6308//5954 6294//5940 6293//5939
f 6307//5953 6294//5940 6308//5954
f 6306//5952 6309//5955 6304//5950
f 6306//5952 6310//5956 6309//5955
f 6311//5957 6312//5958 6313//5959
f 6311//5957 6314//5960 6312//5958
f 6315//5961 6299//5945 6301//5947
f 6316//5962 6299//5945 6315//5961
f 6310//5956 6313//5959 6309//5955
f 6310//5956 6311//5957 6313//5959
f 6317//5963 6316//5962 6315//5961
f 6318//5964 6316//5962 6317//5963
f 6314//5960 6319//5965 6312//5958
f 6314//5960 6320//5966 6319//5965
f 6321//5967 6318//5964 6322//5968
f 6322//5968 6318//5964 6317//5963
f 6323//5969 6321//5967 6324//5970
f 6324//5970 6321//5967 6322//5968
f 6320//5966 6325//5971 6319//5965
f 6320//5966 6326//5972 6325//5971
f 6327//5973 6328//5974 6329//5975
f 6329//5975 6328//5974 6330//5976
f 6331//5977 6327//5973 6329//5975
f 6331//5977 6329//5975 6332//5978
f 6328//5974 6333//5979 6330//5976
f 6330//5976 6333//5979 6334//5980
f 6335//5981 6332//5978 6336//5982
f 6335//5981 6331//5977 6332//5978
f 6334//5980 6323//5969 6324//5970
f 6333//5979 6323//5969 6334//5980
f 6326//5972 6336//5982 6325//5971
f 6326//5972 6335//5981 6336//5982
f 6337//5983 6338//5984 6339//5985
f 6337//5983 6339//5985 6340//5986
f 6341//5987 6342//5988 6343//5989
f 6344//5990 6342//5988 6341//5987
f 6343//5989 6345//5991 6346//5992
f 6342//5988 6345//5991 6343//5989
f 6347//5993 6348//5994 6349//5995
f 6350//5996 6348//5994 6347//5993
f 6351//5997 6352//5998 6353//5999
f 6351//5997 6353//5999 6354//6000
f 6355//6001 6354//6000 6356//6002
f 6355//6001 6351//5997 6354//6000
f 6357//6003 6340//5986 6358//6004
f 6357//6003 6337//5983 6340//5986
f 6346//5992 6359//6005 6360//6006
f 6345//5991 6359//6005 6346//5992
f 6359//6005 6358//6004 6360//6006
f 6359//6005 6357//6003 6358//6004
f 6348//5994 6361//6007 6349//5995
f 6349//5995 6361//6007 6362//6008
f 6363//6009 6355//6001 6356//6002
f 6363//6009 6356//6002 6364//6010
f 6361//6007 6363//6009 6362//6008
f 6362//6008 6363//6009 6364//6010
f 6365//6011 6366//6012 6367//6013
f 6367//6013 6366//6012 6368//6014
f 6338//5984 6369//6015 6339//5985
f 6338//5984 6370//6016 6369//6015
f 6368//6014 6344//5990 6341//5987
f 6366//6012 6344//5990 6368//6014
f 6371//6017 6372//6018 6373//6019
f 6371//6017 6374//6020 6372//6018
f 6375//6021 6350//5996 6376//6022
f 6376//6022 6350//5996 6347//5993
f 6352//5998 6373//6019 6353//5999
f 6352//5998 6371//6017 6373//6019
f 6377//6023 6365//6011 6367//6013
f 6378//6024 6365//6011 6377//6023
f 6374//6020 6379//6025 6372//6018
f 6374//6020 6380//6026 6379//6025
f 6381//6027 6382//6028 6383//6029
f 6381//6027 6384//6030 6382//6028
f 6370//6016 6383//6029 6369//6015
f 6370//6016 6381//6027 6383//6029
f 6385//6031 6386//6032 6387//6033
f 6387//6033 6386//6032 6388//6034
f 6388//6034 6375//6021 6376//6022
f 6386//6032 6375//6021 6388//6034
f 6389//6035 6390//6036 6391//6037
f 6391//6037 6390//6036 6392//6038
f 6393//6039 6394//6040 6395//6041
f 6393//6039 6396//6042 6394//6040
f 6397//6043 6398//6044 6399//6045
f 6397//6043 6400//6046 6398//6044
f 6390//6036 6401//6047 6392//6038
f 6392//6038 6401//6047 6402//6048
f 6384//6030 6399//6045 6382//6028
f 6384//6030 6397//6043 6399//6045
f 6402//6048 6378//6024 6377//6023
f 6401//6047 6378//6024 6402//6048
f 6403//6049 6404//6050 6405//6051
f 6405//6051 6404//6050 6406//6052
f 6407//6053 6395//6041 6408//6054
f 6407//6053 6393//6039 6395//6041
f 6406//6052 6385//6031 6387//6033
f 6404//6050 6385//6031 6406//6052
f 6380//6026 6408//6054 6379//6025
f 6380//6026 6407//6053 6408//6054
f 6400//6046 6409//6055 6398//6044
f 6400//6046 6410//6056 6409//6055
f 6411//6057 6403//6049 6405//6051
f 6412//6058 6403//6049 6411//6057
f 6413//6059 6414//6060 6415//6061
f 6413//6059 6416//6062 6414//6060
f 6417//6063 6418//6064 6419//6065
f 6419//6065 6418//6064 6420//6066
f 6421//6067 6389//6035 6391//6037
f 6422//6068 6389//6035 6421//6067
f 6396//6042 6423//6069 6394//6040
f 6396//6042 6424//6070 6423//6069
f 6410//6056 6415//6061 6409//6055
f 6410//6056 6413//6059 6415//6061
f 6418//6064 6412//6058 6420//6066
f 6420//6066 6412//6058 6411//6057
f 6425//6071 6422//6068 6421//6067
f 6426//6072 6422//6068 6425//6071
f 6424//6070 6427//6073 6423//6069
f 6424//6070 6428//6074 6427//6073
f 6416//6062 6429//6075 6414//6060
f 6416//6062 6430//6076 6429//6075
f 6431//6077 6417//6063 6419//6065
f 6432//6078 6417//6063 6431//6077
f 6433//6079 6426//6072 6434//6080
f 6434//6080 6426//6072 6425//6071
f 6428//6074 6435//6081 6427//6073
f 6428//6074 6436//6082 6435//6081
f 6437//6083 6433//6079 6438//6084
f 6438//6084 6433//6079 6434//6080
f 6430//6076 6439//6085 6429//6075
f 6430//6076 6440//6086 6439//6085
f 6436//6082 6441//6087 6435//6081
f 6436//6082 6442//6088 6441//6087
f 6443//6089 6432//6078 6444//6090
f 6444//6090 6432//6078 6431//6077
f 6445//6091 6446//6092 6447//6093
f 6447//6093 6446//6092 6448//6094
f 6449//6095 6450//6096 6451//6097
f 6449//6095 6452//6098 6450//6096
f 6453//6099 6445//6091 6447//6093
f 6453//6099 6447//6093 6454//6100
f 6446//6092 6455//6101 6448//6094
f 6448//6094 6455//6101 6456//6102
f 6457//6103 6454//6100 6458//6104
f 6457//6103 6453//6099 6454//6100
f 6450//6096 6459//6105 6460//6106
f 6452//6098 6459//6105 6450//6096
f 6461//6107 6451//6097 6462//6108
f 6461//6107 6449//6095 6451//6097
f 6459//6105 6463//6109 6460//6106
f 6460//6106 6463//6109 6464//6110
f 6456//6102 6437//6083 6438//6084
f 6455//6101 6437//6083 6456//6102
f 6440//6086 6458//6104 6439//6085
f 6440//6086 6457//6103 6458//6104
f 6442//6088 6461//6107 6462//6108
f 6442//6088 6462//6108 6441//6087
f 6463//6109 6443//6089 6464//6110
f 6464//6110 6443//6089 6444//6090
f 6465//6111 6466//6112 6467//6113
f 6465//6111 6467//6113 6468//6114
f 6469//6115 6470//6116 6471//6117
f 6471//6117 6470//6116 6472//6118
f 6473//6119 6474//6120 6475//6121
f 6473//6119 6475//6121 6476//6122
f 6472//6118 6477//6123 6478//6124
f 6470//6116 6477//6123 6472//6118
f 6466//6112 6476//6122 6467//6113
f 6466//6112 6473//6119 6476//6122
f 6477//6123 6465//6111 6478//6124
f 6478//6124 6465//6111 6468//6114
f 6479//6125 6480//6126 6481//6127
f 6479//6125 6482//6128 6480//6126
f 6483//6129 6469//6115 6471//6117
f 6484//6130 6469//6115 6483//6129
f 6474//6120 6481//6127 6475//6121
f 6474//6120 6479//6125 6481//6127
f 6485//6131 6486//6132 6487//6133
f 6487//6133 6486//6132 6488//6134
f 6482//6128 6489//6135 6480//6126
f 6482//6128 6490//6136 6489//6135
f 6488//6134 6484//6130 6483//6129
f 6486//6132 6484//6130 6488//6134
f 6491//6137 6485//6131 6487//6133
f 6492//6138 6485//6131 6491//6137
f 6490//6136 6493//6139 6489//6135
f 6490//6136 6494//6140 6493//6139
f 6495//6141 6496//6142 6497//6143
f 6495//6141 6498//6144 6496//6142
f 6499//6145 6492//6138 6500//6146
f 6500//6146 6492//6138 6491//6137
f 6494//6140 6497//6143 6493//6139
f 6494//6140 6495//6141 6497//6143
f 6501//6147 6502//6148 6503//6149
f 6503//6149 6502//6148 6504//6150
f 6502//6148 6505//6151 6504//6150
f 6504//6150 6505//6151 6506//6152
f 6506//6152 6499//6145 6500//6146
f 6505//6151 6499//6145 6506//6152
f 6498//6144 6507//6153 6496//6142
f 6498//6144 6508//6154 6507//6153
f 6509//6155 6510//6156 6511//6157
f 6509//6155 6512//6158 6510//6156
f 6508//6154 6511//6157 6507//6153
f 6508//6154 6509//6155 6511//6157
f 6513//6159 6501//6147 6503//6149
f 6514//6160 6501//6147 6513//6159
f 6515//6161 6516//6162 6517//6163
f 6515//6161 6517//6163 6518//6164
f 6519//6165 6518//6164 6520//6166
f 6519//6165 6515//6161 6518//6164
f 6521//6167 6522//6168 6523//6169
f 6523//6169 6522//6168 6524//6170
f 6512//6158 6520//6166 6510//6156
f 6512//6158 6519//6165 6520//6166
f 6522//6168 6514//6160 6524//6170
f 6524//6170 6514//6160 6513//6159
f 6525//6171 6526//6172 6527//6173
f 6528//6174 6526//6172 6525//6171
f 6516//6162 6525//6171 6517//6163
f 6516//6162 6528//6174 6525//6171
f 6527//6173 6521//6167 6523//6169
f 6526//6172 6521//6167 6527//6173
f 6529//6175 6530//6176 6531//6177
f 6529//6175 6532//6178 6530//6176
f 6533//6179 6534//6180 6535//6181
f 6535//6181 6534//6180 6536//6182
f 6534//6180 6537//6183 6536//6182
f 6536//6182 6537//6183 6538//6184
f 6539//6185 6531//6177 6540//6186
f 6539//6185 6529//6175 6531//6177
f 6541//6187 6542//6188 6543//6189
f 6541//6187 6544//6190 6542//6188
f 6532//6178 6543//6189 6530//6176
f 6532//6178 6541//6187 6543//6189
f 6545//6191 6540//6186 6546//6192
f 6545//6191 6539//6185 6540//6186
f 6544//6190 6547//6193 6542//6188
f 6544//6190 6548//6194 6547//6193
f 6549//6195 6546//6192 6550//6196
f 6549//6195 6545//6191 6546//6192
f 6548//6194 6551//6197 6547//6193
f 6548//6194 6552//6198 6551//6197
f 6553//6199 6554//6200 6555//6201
f 6553//6199 6556//6202 6554//6200
f 6556//6202 6550//6196 6554//6200
f 6556//6202 6549//6195 6550//6196
f 6557//6203 6558//6204 6559//6205
f 6557//6203 6560//6206 6558//6204
f 6552//6198 6559//6205 6551//6197
f 6552//6198 6557//6203 6559//6205
f 6561//6207 6555//6201 6562//6208
f 6561//6207 6553//6199 6555//6201
f 6560//6206 6563//6209 6558//6204
f 6560//6206 6564//6210 6563//6209
f 6565//6211 6566//6212 6567//6213
f 6568//6214 6566//6212 6565//6211
f 6566//6212 6562//6208 6567//6213
f 6566//6212 6561//6207 6562//6208
f 6564//6210 6569//6215 6570//6216
f 6564//6210 6570//6216 6563//6209
f 6569//6215 6571//6217 6570//6216
f 6570//6216 6571//6217 6572//6218
f 6573//6219 6574//6220 6575//6221
f 6576//6222 6574//6220 6573//6219
f 6574//6220 6568//6214 6575//6221
f 6575//6221 6568//6214 6565//6211
f 6571//6217 6577//6223 6572//6218
f 6572//6218 6577//6223 6578//6224
f 6577//6223 6579//6225 6578//6224
f 6578//6224 6579//6225 6580//6226
f 6581//6227 6582//6228 6583//6229
f 6583//6229 6582//6228 6584//6230
f 6582//6228 6576//6222 6584//6230
f 6584//6230 6576//6222 6573//6219
f 6585//6231 6586//6232 6587//6233
f 6587//6233 6586//6232 6588//6234
f 6579//6225 6585//6231 6580//6226
f 6580//6226 6585//6231 6587//6233
f 6589//6235 6581//6227 6583//6229
f 6590//6236 6581//6227 6589//6235
f 6588//6234 6591//6237 6592//6238
f 6586//6232 6591//6237 6588//6234
f 6538//6184 6590//6236 6589//6235
f 6537//6183 6590//6236 6538//6184
f 6592//6238 6533//6179 6535//6181
f 6591//6237 6533//6179 6592//6238
f 6593//6239 6594//6240 6595//6241
f 6595//6241 6594//6240 6596//6242
f 6597//6243 6598//6244 6599//6245
f 6599//6245 6598//6244 6600//6246
f 6596//6242 6597//6243 6599//6245
f 6594//6240 6597//6243 6596//6242
f 6601//6247 6593//6239 6595//6241
f 6602//6248 6593//6239 6601//6247
f 6603//6249 6602//6248 6604//6250
f 6604//6250 6602//6248 6601//6247
f 6605//6251 6603//6249 6606//6252
f 6606//6252 6603//6249 6604//6250
f 6600//6246 6607//6253 6608//6254
f 6598//6244 6607//6253 6600//6246
f 6609//6255 6605//6251 6606//6252
f 6610//6256 6605//6251 6609//6255
f 6607//6253 6611//6257 6608//6254
f 6608//6254 6611//6257 6612//6258
f 6613//6259 6610//6256 6614//6260
f 6614//6260 6610//6256 6609//6255
f 6612//6258 6615//6261 6616//6262
f 6611//6257 6615//6261 6612//6258
f 6616//6262 6617//6263 6618//6264
f 6615//6261 6617//6263 6616//6262
f 6619//6265 6613//6259 6614//6260
f 6620//6266 6613//6259 6619//6265
f 6617//6263 6621//6267 6618//6264
f 6618//6264 6621//6267 6622//6268
f 6623//6269 6624//6270 6625//6271
f 6625//6271 6624//6270 6626//6272
f 6624//6270 6620//6266 6626//6272
f 6626//6272 6620//6266 6619//6265
f 6621//6267 6627//6273 6622//6268
f 6621//6267 6628//6274 6627//6273
f 6629//6275 6625//6271 6630//6276
f 6629//6275 6623//6269 6625//6271
f 6631//6277 6632//6278 6633//6279
f 6631//6277 6634//6280 6632//6278
f 6628//6274 6633//6279 6627//6273
f 6628//6274 6631//6277 6633//6279
f 6635//6281 6630//6276 6636//6282
f 6635//6281 6629//6275 6630//6276
f 6637//6283 6635//6281 6636//6282
f 6637//6283 6636//6282 6638//6284
f 6639//6285 6640//6286 6641//6287
f 6639//6285 6642//6288 6640//6286
f 6634//6280 6641//6287 6632//6278
f 6634//6280 6639//6285 6641//6287
f 6643//6289 6644//6290 6645//6291
f 6643//6289 6646//6292 6644//6290
f 6646//6292 6638//6284 6644//6290
f 6646//6292 6637//6283 6638//6284
f 6642//6288 6647//6293 6640//6286
f 6642//6288 6648//6294 6647//6293
f 6649//6295 6645//6291 6650//6296
f 6649//6295 6643//6289 6645//6291
f 6648//6294 6651//6297 6647//6293
f 6648//6294 6652//6298 6651//6297
f 6653//6299 6650//6296 6654//6300
f 6653//6299 6649//6295 6650//6296
f 6655//6301 6654//6300 6656//6302
f 6655//6301 6653//6299 6654//6300
f 6652//6298 6656//6302 6651//6297
f 6652//6298 6655//6301 6656//6302
# Vertices: 512, normals: 512, texture coordinates: 0, faces: 512

o obj24
v -5525.64990905 1670.7397487 1517.40026595
v -5525.64991189 1670.7397487 1452.30016829
v -5453.50635436 1670.73975185 1517.40026279
v -5453.5063572 1670.73975185 1452.30016514
v -5525.65003932 1670.7397487 -1462.79980729
v -5453.50648463 1670.73975185 -1462.79981045
v -5525.65004216 1670.7397487 -1527.89978288
v -5453.50648747 1670.73975185 -1527.89978603
v -2231.36328795 1670.7398927 1517.40012195
v -2231.3632908 1670.7398927 1452.30002429
v -2231.36341822 1670.7398927 -1462.79995129
v -2231.36342107 1670.7398927 -1527.89992688
v -2159.21997741 1670.73989585 1517.4001188
v -2159.21998025 1670.73989585 1452.30002114
v -2159.22010767 1670.73989585 -1462.79995445
v -2159.22011052 1670.73989585 -1527.89993003
v 5525.6498928 1670.74023177 1452.29968522
v 5525.64989564 1670.74023177 1517.39978288
v 5453.50634095 1670.74022861 1517.39978603
v 5453.50633811 1670.74022861 1452.29968838
v 5525.64976537 1670.74023177 -1462.80029036
v 5453.50621068 1670.74022861 -1462.80028721
v 5525.64976253 1670.74023177 -1527.90026595
v 5453.50620784 1670.74022861 -1527.90026279
v 2231.36327455 1670.74008777 1517.39992688
v 2231.3632717 1670.74008777 1452.29982922
v 2231.36314428 1670.74008777 -1462.80014636
v 2231.36314143 1670.74008777 -1527.90012195
v 2159.219964 1670.74008462 1517.39993003
v 2159.21996115 1670.74008462 1452.29983238
v 2159.21983373 1670.74008462 -1462.80014321
v 2159.21983089 1670.74008462 -1527.9001188
v -1587.95023938 1670.73992082 -2130.05998918
v -1587.95024223 1670.73992082 -2195.15666887
v -1529.32011243 1670.73992339 -2130.05999175
v -1529.32011527 1670.73992339 -2195.15667143
v -1587.95036965 1670.73992082 -5110.25334856
v -1529.3202427 1670.73992339 -5110.25335112
v -1587.95037249 1670.73992082 -5175.35002824
v -1529.32024554 1670.73992339 -5175.35003081
v 1529.30989246 1670.74005708 -2130.06012544
v 1529.30988961 1670.74005708 -2195.15680513
v 1529.30976219 1670.74005708 -5110.25348482
v 1529.30975934 1670.74005708 -5175.3501645
v 1587.93989734 1670.74005965 -2130.060128
v 1587.93989449 1670.74005965 -2195.15680769
v 1587.93976707 1670.74005965 -5110.25348738
v 1587.93976422 1670.74005965 -5175.35016707
v -1587.95005313 1670.73992082 2130.95954207
v -1529.31992617 1670.73992339 2130.9595395
v -1587.95005028 1670.73992082 2196.05622176
v -1529.31992333 1670.73992339 2196.05621919
v -1587.94992286 1670.73992082 5111.15290144
v -1529.3197959 1670.73992339 5111.15289888
v -1587.94992001 1670.73992082 5176.24958113
v -1529.31979306 1670.73992339 5176.24957857
v 1529.31007871 1670.74005708 2130.95940581
v 1529.31008156 1670.74005708 2196.0560855
v 1529.31020898 1670.74005708 5111.15276518
v 1529.31021182 1670.74005708 5176.24944487
v 1587.94008359 1670.74005965 2130.95940325
v 1587.94008644 1670.74005965 2196.05608293
v 1587.94021386 1670.74005965 5111.15276262
v 1587.94021671 1670.74005965 5176.24944231
vn 0 0 -1
usemtl mat8
f 6657//6303 6658//6303 6659//6303
f 6658//6303 6660//6303 6659//6303
f 6658//6303 6661//6303 6660//6303
f 6661//6303 6662//6303 6660//6303
f 6661//6303 6663//6303 6662//6303
f 6663//6303 6664//6303 6662//6303
f 6659//6303 6660//6303 6665//6303
f 6660//6303 6666//6303 6665//6303
f 6660//6303 6662//6303 6666//6303
f 6662//6303 6667//6303 6666//6303
f 6662//6303 6664//6303 6667//6303
f 6664//6303 6668//6303 6667//6303
f 6665//6303 6666//6303 6669//6303
f 6666//6303 6670//6303 6669//6303
f 6666//6303 6667//6303 6670//6303
f 6667//6303 6671//6303 6670//6303
f 6667//6303 6668//6303 6671//6303
f 6668//6303 6672//6303 6671//6303
f 6673//6303 6674//6303 6675//6303
f 6676//6303 6673//6303 6675//6303
f 6677//6303 6673//6303 6676//6303
f 6678//6303 6677//6303 6676//6303
f 6679//6303 6677//6303 6678//6303
f 6680//6303 6679//6303 6678//6303
f 6676//6303 6675//6303 6681//6303
f 6682//6303 6676//6303 6681//6303
f 6678//6303 6676//6303 6682//6303
f 6683//6303 6678//6303 6682//6303
f 6680//6303 6678//6303 6683//6303
f 6684//6303 6680//6303 6683//6303
f 6682//6303 6681//6303 6685//6303
f 6686//6303 6682//6303 6685//6303
f 6683//6303 6682//6303 6686//6303
f 6687//6303 6683//6303 6686//6303
f 6684//6303 6683//6303 6687//6303
f 6688//6303 6684//6303 6687//6303
f 6689//6303 6690//6303 6691//6303
f 6690//6303 6692//6303 6691//6303
f 6690//6303 6693//6303 6692//6303
f 6693//6303 6694//6303 6692//6303
f 6693//6303 6695//6303 6694//6303
f 6695//6303 6696//6303 6694//6303
f 6691//6303 6692//6303 6697//6303
f 6692//6303 6698//6303 6697//6303
f 6692//6303 6694//6303 6698//6303
f 6694//6303 6699//6303 6698//6303
f 6694//6303 6696//6303 6699//6303
f 6696//6303 6700//6303 6699//6303
f 6698//6303 6701//6303 6697//6303
f 6698//6303 6702//6303 6701//6303
f 6699//6303 6702//6303 6698//6303
f 6699//6303 6703//6303 6702//6303
f 6700//6303 6703//6303 6699//6303
f 6700//6303 6704//6303 6703//6303
f 6705//6303 6706//6303 6707//6303
f 6707//6303 6706//6303 6708//6303
f 6707//6303 6708//6303 6709//6303
f 6709//6303 6708//6303 6710//6303
f 6709//6303 6710//6303 6711//6303
f 6711//6303 6710//6303 6712//6303
f 6706//6303 6713//6303 6708//6303
f 6708//6303 6713//6303 6714//6303
f 6708//6303 6714//6303 6710//6303
f 6710//6303 6714//6303 6715//6303
f 6710//6303 6715//6303 6712//6303
f 6712//6303 6715//6303 6716//6303
f 6713//6303 6717//6303 6714//6303
f 6717//6303 6718//6303 6714//6303
f 6714//6303 6718//6303 6715//6303
f 6718//6303 6719//6303 6715//6303
f 6715//6303 6719//6303 6716//6303
f 6719//6303 6720//6303 6716//6303
# Vertices: 64, normals: 1, texture coordinates: 0, faces: 72

o obj25
v -5525.6499127 1754.27978776 1517.40026595
v -5525.64990905 1670.7397487 1517.40026595
v -5453.50635436 1670.73975185 1517.40026279
v -5453.50635801 1754.27979092 1517.40026279
v -2231.36328795 1670.7398927 1517.40012195
v -2231.3632916 1754.27993176 1517.40012195
v -2159.21997741 1670.73989585 1517.4001188
v -2159.21998106 1754.27993491 1517.4001188
v -2159.21998025 1670.73989585 1452.30002114
v -2159.2199839 1754.27993491 1452.30002114
v -2159.22010767 1670.73989585 -1462.79995445
v -2159.22011133 1754.27993491 -1462.79995445
v -2159.22011052 1670.73989585 -1527.89993003
v -2159.22011417 1754.27993491 -1527.89993003
v -2231.36342107 1670.7398927 -1527.89992688
v -2231.36342472 1754.27993176 -1527.89992688
v -5453.50648747 1670.73975185 -1527.89978603
v -5453.50649112 1754.27979092 -1527.89978603
v -5525.65004216 1670.7397487 -1527.89978288
v -5525.65004581 1754.27978776 -1527.89978288
v -5525.65004297 1754.27978776 -1462.79980729
v -5525.65003932 1670.7397487 -1462.79980729
v -5525.64991554 1754.27978776 1452.30016829
v -5525.64991189 1670.7397487 1452.30016829
v -5453.50636086 1754.27979092 1452.30016514
v -5453.50648828 1754.27979092 -1462.79981045
v -2231.36329445 1754.27993176 1452.30002429
v -2231.36342187 1754.27993176 -1462.79995129
v 5525.64989564 1670.74023177 1517.39978288
v 5525.64989199 1754.28027083 1517.39978288
v 5453.50634095 1670.74022861 1517.39978603
v 5453.5063373 1754.28026768 1517.39978603
v 2231.36327455 1670.74008777 1517.39992688
v 2231.3632709 1754.28012683 1517.39992688
v 2159.219964 1670.74008462 1517.39993003
v 2159.21996035 1754.28012368 1517.39993003
v 2159.21996115 1670.74008462 1452.29983238
v 2159.2199575 1754.28012368 1452.29983238
v 2159.21983373 1670.74008462 -1462.80014321
v 2159.21983008 1754.28012368 -1462.80014321
v 2159.21983089 1670.74008462 -1527.9001188
v 2159.21982723 1754.28012368 -1527.9001188
v 2231.36313778 1754.28012683 -1527.90012195
v 2231.36314143 1670.74008777 -1527.90012195
v 5453.50620419 1754.28026768 -1527.90026279
v 5453.50620784 1670.74022861 -1527.90026279
v 5525.64975888 1754.28027083 -1527.90026595
v 5525.64976253 1670.74023177 -1527.90026595
v 5525.64976172 1754.28027083 -1462.80029036
v 5525.64976537 1670.74023177 -1462.80029036
v 5525.64988914 1754.28027083 1452.29968522
v 5525.6498928 1670.74023177 1452.29968522
v 5453.50633446 1754.28026768 1452.29968838
v 5453.50620703 1754.28026768 -1462.80028721
v 2231.36326805 1754.28012683 1452.29982922
v 2231.36314063 1754.28012683 -1462.80014636
v -1587.95024303 1754.25994035 -2130.05998918
v -1587.95023938 1670.73992082 -2130.05998918
v -1529.32011243 1670.73992339 -2130.05999175
v -1529.32011608 1754.25994292 -2130.05999175
v 1529.30989246 1670.74005708 -2130.06012544
v 1529.3098888 1754.26007661 -2130.06012544
v 1587.93989734 1670.74005965 -2130.060128
v 1587.93989369 1754.26007918 -2130.060128
v 1587.93989449 1670.74005965 -2195.15680769
v 1587.93989084 1754.26007918 -2195.15680769
v 1587.93976707 1670.74005965 -5110.25348738
v 1587.93976342 1754.26007918 -5110.25348738
v 1587.93976422 1670.74005965 -5175.35016707
v 1587.93976057 1754.26007918 -5175.35016707
v 1529.30975569 1754.26007661 -5175.3501645
v 1529.30975934 1670.74005708 -5175.3501645
v -1529.32024554 1670.73992339 -5175.35003081
v -1529.32024919 1754.25994292 -5175.35003081
v -1587.95037249 1670.73992082 -5175.35002824
v -1587.95037615 1754.25994035 -5175.35002824
v -1587.9503733 1754.25994035 -5110.25334856
v -1587.95036965 1670.73992082 -5110.25334856
v -1587.95024588 1754.25994035 -2195.15666887
v -1587.95024223 1670.73992082 -2195.15666887
v -1529.32011892 1754.25994292 -2195.15667143
v -1529.32024635 1754.25994292 -5110.25335112
v 1529.30988596 1754.26007661 -2195.15680513
v 1529.30975854 1754.26007661 -5110.25348482
v -1587.95005313 1670.73992082 2130.95954207
v -1587.95005678 1754.25994035 2130.95954207
v -1529.31992617 1670.73992339 2130.9595395
v -1529.31992982 1754.25994292 2130.9595395
v 1529.31007871 1670.74005708 2130.95940581
v 1529.31007506 1754.26007661 2130.95940581
v 1587.94008359 1670.74005965 2130.95940325
v 1587.94007994 1754.26007918 2130.95940325
v 1587.94008644 1670.74005965 2196.05608293
v 1587.94008279 1754.26007918 2196.05608293
v 1587.94021386 1670.74005965 5111.15276262
v 1587.94021021 1754.26007918 5111.15276262
v 1587.94021671 1670.74005965 5176.24944231
v 1587.94021306 1754.26007918 5176.24944231
v 1529.31020817 1754.26007661 5176.24944487
v 1529.31021182 1670.74005708 5176.24944487
v -1529.31979671 1754.25994292 5176.24957857
v -1529.31979306 1670.73992339 5176.24957857
v -1587.94992366 1754.25994035 5176.24958113
v -1587.94992001 1670.73992082 5176.24958113
v -1587.94992651 1754.25994035 5111.15290144
v -1587.94992286 1670.73992082 5111.15290144
v -1587.95005393 1754.25994035 2196.05622176
v -1587.95005028 1670.73992082 2196.05622176
v -1529.31992698 1754.25994292 2196.05621919
v -1529.31979955 1754.25994292 5111.15289888
v 1529.31007791 1754.26007661 2196.0560855
v 1529.31020533 1754.26007661 5111.15276518
vn -0.71318 0.64355 0.27788
vn -0.74242 0.66994 0
vn -1 0 0
vn -0.92765 0 0.37345
vn -0.55255 0 0.83348
vn -0.91152 -0.41126 0
vn -0.38673 -0.69796 0.60274
vn 0 -1 0
vn 0 -0.75685 0.65359
vn 0.74242 -0.66994 0
vn 0.64262 -0.57988 0.50077
vn 1 0 0
vn 0.78878 0 0.61467
vn 0.48467 0.8747 0
vn 0.74313 0.33529 0.57909
vn 0 0.51334 0.85819
vn 0 1 0
vn 0 0.91325 0.4074
vn 0 0 1
vn -0.74242 -0.66994 0
vn -0.71318 -0.64355 0.27788
vn -0.91152 0.41126 0
vn -0.38673 0.69796 0.60274
vn 0 0.75685 0.65359
vn 0.74242 0.66994 0
vn 0.64262 0.57988 0.50077
vn 0.74313 -0.33529 0.57909
vn 0.48467 -0.8747 0
vn 0 -0.51334 0.85819
vn 0 -0.91325 0.4074
vn -0.64757 0.719 0.25236
vn -0.66924 0.74305 0
vn -0.92822 0 0.37204
vn -0.55071 0 0.83469
vn -0.87431 -0.48537 0
vn -0.34584 -0.76796 0.5391
vn 0 -0.81847 0.57455
vn 0.66924 -0.74305 0
vn 0.59337 -0.65881 0.46248
vn 0.78873 0 0.61474
vn 0.41062 0.91181 0
vn 0.7225 0.4011 0.56313
vn 0 0.59269 0.80543
vn 0 0.9401 0.3409
vn 0.66924 0.74305 0
vn 0.64757 0.719 0.25236
vn 0.92822 0 0.37204
vn 0.55071 0 0.83469
vn 0.87431 -0.48537 0
vn 0.34584 -0.76796 0.5391
vn -0.66924 -0.74305 0
vn -0.59337 -0.65881 0.46248
vn -0.78873 0 0.61474
vn -0.7225 0.4011 0.56313
vn -0.41062 0.91181 0
usemtl mat8
f 6721//6304 6722//6305 6723//6306
f 6724//6307 6721//6304 6723//6306
f 6724//6307 6723//6306 6725//6306
f 6726//6308 6724//6307 6725//6306
f 6726//6308 6725//6306 6727//6309
f 6728//6310 6726//6308 6727//6309
f 6729//6311 6728//6310 6727//6309
f 6730//6312 6728//6310 6729//6311
f 6731//6311 6730//6312 6729//6311
f 6732//6312 6730//6312 6731//6311
f 6733//6313 6732//6312 6731//6311
f 6734//6314 6732//6312 6733//6313
f 6735//6315 6736//6316 6733//6313
f 6736//6316 6734//6314 6733//6313
f 6737//6315 6738//6316 6735//6315
f 6738//6316 6736//6316 6735//6315
f 6739//6317 6740//6318 6737//6315
f 6740//6318 6738//6316 6737//6315
f 6741//6319 6739//6317 6742//6320
f 6741//6319 6740//6318 6739//6317
f 6743//6321 6742//6320 6744//6320
f 6743//6321 6741//6319 6742//6320
f 6721//6304 6744//6320 6722//6305
f 6721//6304 6743//6321 6744//6320
f 6743//6321 6721//6304 6724//6307
f 6745//6322 6743//6321 6724//6307
f 6741//6319 6743//6321 6745//6322
f 6746//6322 6741//6319 6745//6322
f 6740//6318 6741//6319 6746//6322
f 6738//6316 6740//6318 6746//6322
f 6745//6322 6724//6307 6726//6308
f 6747//6322 6745//6322 6726//6308
f 6738//6316 6746//6322 6748//6322
f 6736//6316 6738//6316 6748//6322
f 6747//6322 6726//6308 6728//6310
f 6730//6312 6747//6322 6728//6310
f 6748//6322 6747//6322 6730//6312
f 6732//6312 6748//6322 6730//6312
f 6736//6316 6748//6322 6732//6312
f 6734//6314 6736//6316 6732//6312
f 6749//6323 6750//6324 6751//6306
f 6750//6324 6752//6307 6751//6306
f 6751//6306 6752//6307 6753//6306
f 6752//6307 6754//6308 6753//6306
f 6753//6306 6754//6308 6755//6325
f 6754//6308 6756//6326 6755//6325
f 6756//6326 6757//6320 6755//6325
f 6756//6326 6758//6327 6757//6320
f 6758//6327 6759//6320 6757//6320
f 6758//6327 6760//6327 6759//6320
f 6760//6327 6761//6328 6759//6320
f 6760//6327 6762//6329 6761//6328
f 6763//6316 6764//6315 6761//6328
f 6762//6329 6763//6316 6761//6328
f 6765//6316 6766//6315 6764//6315
f 6763//6316 6765//6316 6764//6315
f 6767//6330 6768//6331 6766//6315
f 6765//6316 6767//6330 6766//6315
f 6768//6331 6769//6332 6770//6311
f 6767//6330 6769//6332 6768//6331
f 6770//6311 6771//6333 6772//6311
f 6769//6332 6771//6333 6770//6311
f 6772//6311 6750//6324 6749//6323
f 6771//6333 6750//6324 6772//6311
f 6750//6324 6771//6333 6752//6307
f 6771//6333 6773//6322 6752//6307
f 6771//6333 6769//6332 6773//6322
f 6769//6332 6774//6322 6773//6322
f 6769//6332 6767//6330 6774//6322
f 6767//6330 6765//6316 6774//6322
f 6752//6307 6773//6322 6754//6308
f 6773//6322 6775//6322 6754//6308
f 6774//6322 6765//6316 6776//6322
f 6765//6316 6763//6316 6776//6322
f 6754//6308 6775//6322 6756//6326
f 6775//6322 6758//6327 6756//6326
f 6775//6322 6776//6322 6758//6327
f 6776//6322 6760//6327 6758//6327
f 6776//6322 6763//6316 6760//6327
f 6763//6316 6762//6329 6760//6327
f 6777//6334 6778//6335 6779//6306
f 6780//6336 6777//6334 6779//6306
f 6780//6336 6779//6306 6781//6306
f 6782//6337 6780//6336 6781//6306
f 6783//6338 6782//6337 6781//6306
f 6784//6339 6782//6337 6783//6338
f 6785//6311 6784//6339 6783//6338
f 6786//6340 6784//6339 6785//6311
f 6787//6311 6786//6340 6785//6311
f 6788//6340 6786//6340 6787//6311
f 6789//6341 6788//6340 6787//6311
f 6790//6342 6788//6340 6789//6341
f 6791//6343 6789//6341 6792//6315
f 6791//6343 6790//6342 6789//6341
f 6793//6315 6794//6343 6792//6315
f 6794//6343 6791//6343 6792//6315
f 6795//6344 6796//6345 6793//6315
f 6796//6345 6794//6343 6793//6315
f 6797//6346 6795//6344 6798//6320
f 6797//6346 6796//6345 6795//6344
f 6799//6347 6798//6320 6800//6320
f 6799//6347 6797//6346 6798//6320
f 6777//6334 6800//6320 6778//6335
f 6777//6334 6799//6347 6800//6320
f 6799//6347 6777//6334 6780//6336
f 6801//6322 6799//6347 6780//6336
f 6797//6346 6799//6347 6801//6322
f 6802//6322 6797//6346 6801//6322
f 6796//6345 6797//6346 6802//6322
f 6794//6343 6796//6345 6802//6322
f 6801//6322 6780//6336 6782//6337
f 6803//6322 6801//6322 6782//6337
f 6794//6343 6802//6322 6804//6322
f 6791//6343 6794//6343 6804//6322
f 6784//6339 6803//6322 6782//6337
f 6786//6340 6803//6322 6784//6339
f 6786//6340 6804//6322 6803//6322
f 6788//6340 6804//6322 6786//6340
f 6788//6340 6791//6343 6804//6322
f 6790//6342 6791//6343 6788//6340
f 6805//6348 6806//6349 6807//6315
f 6806//6349 6808//6350 6807//6315
f 6807//6315 6808//6350 6809//6315
f 6808//6350 6810//6351 6809//6315
f 6810//6351 6811//6352 6809//6315
f 6810//6351 6812//6353 6811//6352
f 6811//6352 6812//6353 6813//6311
f 6812//6353 6814//6340 6813//6311
f 6813//6311 6814//6340 6815//6311
f 6814//6340 6816//6340 6815//6311
f 6815//6311 6816//6340 6817//6354
f 6816//6340 6818//6355 6817//6354
f 6817//6354 6819//6356 6820//6306
f 6818//6355 6819//6356 6817//6354
f 6821//6356 6822//6306 6820//6306
f 6819//6356 6821//6356 6820//6306
f 6823//6357 6824//6358 6822//6306
f 6821//6356 6823//6357 6822//6306
f 6825//6346 6826//6320 6824//6358
f 6823//6357 6825//6346 6824//6358
f 6827//6347 6828//6320 6826//6320
f 6825//6346 6827//6347 6826//6320
f 6806//6349 6805//6348 6828//6320
f 6827//6347 6806//6349 6828//6320
f 6808//6350 6806//6349 6827//6347
f 6808//6350 6827//6347 6829//6322
f 6829//6322 6827//6347 6825//6346
f 6829//6322 6825//6346 6830//6322
f 6830//6322 6825//6346 6823//6357
f 6830//6322 6823//6357 6821//6356
f 6810//6351 6808//6350 6829//6322
f 6810//6351 6829//6322 6831//6322
f 6832//6322 6830//6322 6821//6356
f 6832//6322 6821//6356 6819//6356
f 6812//6353 6810//6351 6831//6322
f 6814//6340 6812//6353 6831//6322
f 6814//6340 6831//6322 6832//6322
f 6816//6340 6814//6340 6832//6322
f 6816//6340 6832//6322 6819//6356
f 6818//6355 6816//6340 6819//6356
# Vertices: 112, normals: 55, texture coordinates: 0, faces: 160

o obj26
v 169.27345619 2104.64624763 -260.53321052
v 148.25012479 2104.64624671 -276.66492347
v 185.40521675 2104.64624834 -239.50988054
v 195.54604118 2104.64624878 -215.02771851
v 199.00488938 2104.64624893 -188.75512039
v 195.54604348 2104.64624878 -162.48253723
v 185.40522118 2104.64624834 -138.00037432
v 169.2734472 2104.64624763 -116.97706581
v 148.25013248 2104.64624671 -100.84532051
v 123.7679857 2104.64624564 -90.70448081
v 97.49540285 2104.6462445 -87.24563262
v 71.2227968 2104.64624335 -90.70447852
v 123.76798476 2104.64624564 -286.80579154
v 97.49539397 2104.6462445 -290.26462218
v 46.74066058 2104.64624228 -100.84533896
v 25.71735208 2104.64624136 -116.97708242
v 9.58560105 2104.64624065 -138.00038189
v -0.55524132 2104.64624021 -162.48254392
v 71.22281875 2104.64624335 -286.80578925
v 46.74066434 2104.64624228 -276.66494955
v 25.71736297 2104.64624136 -260.53320425
v 9.58561378 2104.64624065 -239.50987286
v -0.55524362 2104.64624021 -215.02770994
v -4.01409303 2104.64624006 -188.75511152
v -279.45813337 2104.64622802 -69.68631286
v -295.58990736 2104.64622731 -48.66302343
v -305.73074491 2104.64622687 -24.18083762
v -309.18957555 2104.64622672 2.09176056
v -258.43481865 2104.64622894 -85.81807342
v -233.95267188 2104.64623001 -95.95890548
v -207.68008902 2104.64623116 -99.41776131
v -181.40747534 2104.6462323 -95.95889252
v -156.92532768 2104.64623337 -85.81805497
v -135.90202681 2104.64623429 -69.68630387
v -305.73074261 2104.64622687 28.36435319
v -295.58990292 2104.64622731 52.84650569
v -119.77027387 2104.646235 -48.66301204
v -109.62942655 2104.64623544 -24.18084047
v -106.17059361 2104.64623559 2.09174334
v -109.62944714 2104.64623544 28.36433508
v -119.77028469 2104.646235 52.84649037
v -135.90203579 2104.64623429 73.86979506
v -156.92532 2104.64623337 90.00153274
v -181.40749729 2104.6462323 100.14238769
v -207.6800954 2104.64623116 103.60122826
v -279.45815762 2104.64622802 73.86979371
v -258.434872 2104.64622894 90.00153718
v -233.95270908 2104.64623001 100.14238236
v 136.45850741 2104.6462462 269.00869154
v 160.94065418 2104.64624727 258.86779082
v 110.18587878 2104.64624505 272.46752448
v 83.91330325 2104.6462439 269.00869384
v 59.43114414 2104.64624283 258.86782577
v 38.40783945 2104.64624191 242.73608231
v 22.27609033 2104.64624121 221.71278284
v 12.13525731 2104.64624076 197.23060555
v 8.6764034 2104.64624061 170.95802269
v 12.13525502 2104.64624076 144.68542427
v 181.96398417 2104.64624819 242.73607603
v 198.09572763 2104.64624889 221.71277515
v 22.27609352 2104.64624121 120.20327661
v 38.40784462 2104.64624191 99.17996048
v 59.43115553 2104.64624283 83.04823043
v 83.91331756 2104.6462439 72.90739074
v 110.18590042 2104.64624505 69.44853492
v 136.45849884 2104.6462462 72.90738844
v 160.94063124 2104.64624727 83.04821837
v 181.96394737 2104.64624819 99.17997709
v 208.23656518 2104.64624934 197.23062749
v 198.09569268 2104.64624889 120.20328419
v 208.23656289 2104.64624934 144.68544622
v 211.69539582 2104.64624949 170.95804434
v 123.76798353 2132.69360893 -286.80579154
v 97.49539275 2132.69360778 -290.26462218
v 148.25012357 2132.69361 -276.66492347
v 169.27345496 2132.69361091 -260.53321052
v 185.40521552 2132.69361162 -239.50988054
v 195.54603996 2132.69361206 -215.02771851
v 199.00488815 2132.69361221 -188.75512039
v 195.54604225 2132.69361206 -162.48253723
v 185.40521996 2132.69361162 -138.00037432
v 169.27344598 2132.69361091 -116.97706581
v 148.25013125 2132.69361 -100.84532051
v 123.76798448 2132.69360893 -90.70448081
v 97.49540162 2132.69360778 -87.24563262
v 71.22279557 2132.69360663 -90.70447852
v 46.74065936 2132.69360556 -100.84533896
v 25.71735085 2132.69360464 -116.97708242
v 9.58559983 2132.69360393 -138.00038189
v -0.55524255 2132.69360349 -162.48254392
v -4.01409426 2132.69360334 -188.75511152
v -0.55524485 2132.69360349 -215.02770994
v 9.58561256 2132.69360393 -239.50987286
v 25.71736174 2132.69360464 -260.53320425
v 46.74066312 2132.69360556 -276.66494955
v 71.22281752 2132.69360663 -286.80578925
v -305.73074384 2132.69359015 28.36435319
v -295.58990415 2132.69359059 52.84650569
v -309.18957677 2132.69359 2.09176056
v -305.73074614 2132.69359015 -24.18083762
v -295.58990858 2132.69359059 -48.66302343
v -279.4581346 2132.6935913 -69.68631286
v -258.43481987 2132.69359222 -85.81807342
v -233.9526731 2132.69359329 -95.95890548
v -207.68009024 2132.69359444 -99.41776131
v -181.40747657 2132.69359559 -95.95889252
v -156.92532891 2132.69359666 -85.81805497
v -135.90202803 2132.69359758 -69.68630387
v -119.7702751 2132.69359828 -48.66301204
v -109.62942778 2132.69359872 -24.18084047
v -106.17059484 2132.69359887 2.09174334
v -109.62944837 2132.69359872 28.36433508
v -119.77028592 2132.69359828 52.84649037
v -135.90203702 2132.69359758 73.86979506
v -156.92532122 2132.69359666 90.00153274
v -181.40749851 2132.69359559 100.14238769
v -207.68009663 2132.69359444 103.60122826
v -233.95271031 2132.69359329 100.14238236
v -258.43487322 2132.69359222 90.00153718
v -279.45815884 2132.6935913 73.86979371
v 181.96398294 2132.69361147 242.73607603
v 198.0957264 2132.69361217 221.71277515
v 160.94065296 2132.69361055 258.86779082
v 136.45850618 2132.69360948 269.00869154
v 110.18587755 2132.69360833 272.46752448
v 83.91330202 2132.69360718 269.00869384
v 59.43114292 2132.69360611 258.86782577
v 38.40783822 2132.69360519 242.73608231
v 22.27608911 2132.69360449 221.71278284
v 12.13525609 2132.69360405 197.23060555
v 8.67640217 2132.69360389 170.95802269
v 12.13525379 2132.69360405 144.68542427
v 22.2760923 2132.69360449 120.20327661
v 38.40784339 2132.69360519 99.17996048
v 59.4311543 2132.69360611 83.04823043
v 83.91331634 2132.69360718 72.90739074
v 110.18589919 2132.69360833 69.44853492
v 136.45849761 2132.69360948 72.90738844
v 160.94063001 2132.69361055 83.04821837
v 181.96394615 2132.69361147 99.17997709
v 198.09569145 2132.69361217 120.20328419
v 208.23656166 2132.69361262 144.68544622
v 211.6953946 2132.69361277 170.95804434
v 208.23656396 2132.69361262 197.23062749
vn -0.67316 0.73495 0.08186
vn -0.05817 0.03707 0.99762
vn -0.43922 0.84418 0.30732
vn -0.17663 0.79759 0.57676
vn 0.02799 0.63792 0.76959
vn 0.14697 0.46578 0.87261
vn 0.20596 0.32313 0.92367
vn 0.23081 0.21141 0.94975
vn 0.23647 0.12303 0.96382
vn 0.23056 0.05106 0.97172
vn 0.21681 -0.00951 0.97617
vn 0.10007 -0.03157 0.99448
vn -0.19369 0.06112 0.97916
vn -0.08374 0.00367 0.99648
vn 0.18301 -0.11665 0.97617
vn 0.1595 -0.17414 0.97172
vn 0.12303 -0.23647 0.96382
vn 0.0385 -0.17383 0.98402
vn -0.37412 -0.08285 0.92367
vn -0.43328 -0.22543 0.87261
vn -0.47087 -0.43128 0.76959
vn -0.42214 -0.6623 0.619
vn -0.29991 -0.95045 0.08186
vn -0.04172 -0.95069 0.30732
vn -0.57917 -0.53047 0.61901
vn -0.53568 -0.84044 0.08186
vn -0.28636 -0.9075 0.30732
vn -0.00452 -0.10306 0.99466
vn -0.56645 -0.29472 0.76959
vn -0.47686 -0.10561 0.87261
vn -0.38282 0.0168 0.92367
vn -0.29849 0.09419 0.94975
vn -0.22478 0.14327 0.96382
vn -0.0758 0.08276 0.99368
vn 0.04692 -0.21189 0.97617
vn 0.02441 -0.04692 0.9986
vn -0.09374 0.18018 0.97916
vn -0.04464 0.20159 0.97845
vn 0.00951 0.21681 0.97617
vn 0.07106 0.2252 0.97172
vn 0.14327 0.22478 0.96382
vn 0.23081 0.21141 0.94975
vn 0.33993 0.17686 0.92367
vn 0.47686 0.10561 0.87261
vn 0.54703 -0.02401 0.83677
vn 0.55177 -0.60242 0.57676
vn 0.80246 -0.51148 0.30732
vn 0.95045 -0.29991 0.08186
vn 0.97307 0.2155 0.08186
vn 0.09075 0.04722 0.99475
vn 0.95069 -0.04172 0.30732
vn 0.77905 -0.24583 0.57676
vn 0.53846 -0.3432 0.76959
vn 0.32989 -0.36017 0.87261
vn 0.17686 -0.33993 0.92367
vn 0.06768 -0.30559 0.94975
vn -0.01169 -0.26631 0.96382
vn -0.03377 -0.10703 0.99368
vn 0.16004 0.14658 0.97617
vn 0.02915 0.04573 0.99853
vn -0.10917 -0.17127 0.97916
vn -0.15226 -0.13946 0.97845
vn -0.19252 -0.10017 0.97617
vn -0.23056 -0.05106 0.97172
vn -0.26631 0.01169 0.96382
vn -0.29849 0.09419 0.94975
vn -0.32313 0.20596 0.92367
vn -0.27413 0.2993 0.91393
vn 0.17116 0.54242 0.82249
vn -0.3625 0.69673 0.619
vn -0.2155 0.97307 0.08186
vn 0.04172 0.95069 0.30732
vn -0.97634 0.21622 0
vn -0.99904 -0.04384 0
vn -0.88711 0.46155 0
vn -0.73743 0.67543 0
vn -0.53749 0.84327 0
vn -0.30092 0.95365 0
vn -0.04384 0.99904 0
vn 0.21622 0.97634 0
vn 0.46155 0.88711 0
vn 0.67543 0.73743 0
vn 0.84327 0.53749 0
vn 0.95365 0.30092 0
vn 0.99904 0.04384 0
vn 0.97634 -0.21622 0
vn 0.88711 -0.46155 0
vn 0.73743 -0.67543 0
vn 0.53749 -0.84327 0
vn 0.30092 -0.95365 0
vn 0.04384 -0.99904 0
vn -0.21622 -0.97634 0
vn -0.46155 -0.88711 0
vn -0.67543 -0.73743 0
vn -0.84327 -0.53749 0
vn -0.95365 -0.30092 0
vn 0.53749 -0.84327 0
vn 0.04384 -0.99904 0
vn -0.21622 -0.97634 0
vn -0.46155 -0.88711 0
vn -0.67543 -0.73743 0
vn -0.84327 -0.53749 0
vn -0.95365 -0.30092 0
vn -0.99904 -0.04384 0
vn -0.97634 0.21622 0
vn -0.88711 0.46155 0
vn -0.73743 0.67543 0
vn -0.30092 0.95365 0
vn -0.04384 0.99904 0
vn 0.21622 0.97634 0
vn 0.46155 0.88711 0
vn 0.67543 0.73743 0
vn 0.84327 0.53749 0
vn 0.95365 0.30092 0
vn 0.99904 0.04384 0
vn 0.97634 -0.21622 0
vn 0.88711 -0.46155 0
vn 0.73743 -0.67543 0
vn 0.46155 0.88711 0
vn 0.84327 0.53749 0
vn 0.95365 0.30092 0
vn 0.99904 0.04384 0
vn 0.97634 -0.21622 0
vn 0.88711 -0.46155 0
vn 0.53749 -0.84327 0
vn 0.30092 -0.95365 0
vn 0.04384 -0.99904 0
vn -0.21622 -0.97634 0
vn -0.46155 -0.88711 0
vn -0.67543 -0.73743 0
vn -0.84327 -0.53749 0
vn -0.95365 -0.30092 0
vn -0.99904 -0.04384 0
vn -0.97634 0.21622 0
vn -0.88711 0.46155 0
vn -0.73743 0.67543 0
vn -0.53749 0.84327 0
vn -0.30092 0.95365 0
vn -0.04384 0.99904 0
vn 0.21622 0.97634 0
usemtl mat9
f 6833//6359 6834//6360 6835//6361
f 6835//6361 6834//6360 6836//6362
f 6836//6362 6834//6360 6837//6363
f 6837//6363 6834//6360 6838//6364
f 6838//6364 6834//6360 6839//6365
f 6839//6365 6834//6360 6840//6366
f 6840//6366 6834//6360 6841//6367
f 6841//6367 6834//6360 6842//6368
f 6842//6368 6834//6360 6843//6369
f 6834//6360 6844//6370 6843//6369
f 6834//6360 6845//6371 6844//6370
f 6845//6371 6846//6372 6844//6370
f 6846//6372 6847//6373 6844//6370
f 6846//6372 6848//6374 6847//6373
f 6846//6372 6849//6375 6848//6374
f 6846//6372 6850//6376 6849//6375
f 6846//6372 6851//6377 6850//6376
f 6851//6377 6852//6378 6850//6376
f 6852//6378 6853//6379 6850//6376
f 6853//6379 6854//6380 6850//6376
f 6854//6380 6855//6381 6856//6382
f 6854//6380 6856//6382 6850//6376
f 6857//6383 6858//6384 6859//6385
f 6857//6383 6859//6385 6860//6386
f 6861//6387 6857//6383 6860//6386
f 6862//6388 6861//6387 6860//6386
f 6863//6389 6862//6388 6860//6386
f 6864//6390 6863//6389 6860//6386
f 6865//6391 6864//6390 6860//6386
f 6866//6392 6865//6391 6860//6386
f 6866//6392 6860//6386 6867//6393
f 6866//6392 6867//6393 6868//6394
f 6869//6395 6866//6392 6868//6394
f 6870//6396 6869//6395 6868//6394
f 6871//6397 6870//6396 6868//6394
f 6872//6398 6871//6397 6868//6394
f 6873//6399 6872//6398 6868//6394
f 6873//6399 6868//6394 6874//6400
f 6874//6400 6868//6394 6875//6401
f 6875//6401 6868//6394 6876//6402
f 6876//6402 6868//6394 6877//6403
f 6868//6394 6878//6404 6877//6403
f 6879//6405 6880//6406 6877//6403
f 6878//6404 6879//6405 6877//6403
f 6881//6407 6882//6408 6883//6409
f 6882//6408 6884//6410 6883//6409
f 6882//6408 6885//6411 6884//6410
f 6882//6408 6886//6412 6885//6411
f 6887//6413 6886//6412 6882//6408
f 6888//6414 6887//6413 6882//6408
f 6889//6415 6888//6414 6882//6408
f 6890//6416 6889//6415 6882//6408
f 6891//6417 6890//6416 6882//6408
f 6892//6418 6890//6416 6891//6417
f 6893//6419 6890//6416 6892//6418
f 6894//6420 6893//6419 6892//6418
f 6895//6421 6894//6420 6892//6418
f 6896//6422 6895//6421 6892//6418
f 6897//6423 6896//6422 6892//6418
f 6898//6424 6897//6423 6892//6418
f 6899//6425 6898//6424 6892//6418
f 6900//6426 6899//6425 6892//6418
f 6901//6427 6900//6426 6892//6418
f 6902//6428 6900//6426 6901//6427
f 6903//6429 6902//6428 6904//6430
f 6904//6430 6902//6428 6901//6427
f 6905//6431 6846//6372 6845//6371
f 6905//6431 6906//6432 6846//6372
f 6907//6433 6845//6371 6834//6360
f 6907//6433 6905//6431 6845//6371
f 6908//6434 6834//6360 6833//6359
f 6908//6434 6907//6433 6834//6360
f 6909//6435 6833//6359 6835//6361
f 6909//6435 6908//6434 6833//6359
f 6910//6436 6835//6361 6836//6362
f 6910//6436 6909//6435 6835//6361
f 6911//6437 6836//6362 6837//6363
f 6911//6437 6910//6436 6836//6362
f 6912//6438 6837//6363 6838//6364
f 6912//6438 6911//6437 6837//6363
f 6913//6439 6838//6364 6839//6365
f 6913//6439 6912//6438 6838//6364
f 6914//6440 6839//6365 6840//6366
f 6914//6440 6913//6439 6839//6365
f 6915//6441 6840//6366 6841//6367
f 6915//6441 6914//6440 6840//6366
f 6916//6442 6841//6367 6842//6368
f 6916//6442 6915//6441 6841//6367
f 6917//6443 6842//6368 6843//6369
f 6917//6443 6916//6442 6842//6368
f 6844//6370 6918//6444 6843//6369
f 6918//6444 6917//6443 6843//6369
f 6847//6373 6919//6445 6844//6370
f 6919//6445 6918//6444 6844//6370
f 6848//6374 6920//6446 6847//6373
f 6920//6446 6919//6445 6847//6373
f 6849//6375 6921//6447 6848//6374
f 6921//6447 6920//6446 6848//6374
f 6850//6376 6922//6448 6849//6375
f 6922//6448 6921//6447 6849//6375
f 6856//6382 6923//6449 6850//6376
f 6923//6449 6922//6448 6850//6376
f 6855//6381 6924//6450 6856//6382
f 6924//6450 6923//6449 6856//6382
f 6854//6380 6925//6451 6855//6381
f 6925//6451 6924//6450 6855//6381
f 6853//6379 6926//6452 6854//6380
f 6926//6452 6925//6451 6854//6380
f 6852//6378 6927//6453 6853//6379
f 6927//6453 6926//6452 6853//6379
f 6851//6377 6928//6454 6852//6378
f 6928//6454 6927//6453 6852//6378
f 6846//6372 6906//6432 6851//6377
f 6906//6432 6928//6454 6851//6377
f 6867//6393 6929//6448 6868//6394
f 6929//6448 6930//6455 6868//6394
f 6860//6386 6931//6456 6867//6393
f 6931//6456 6929//6448 6867//6393
f 6859//6385 6932//6457 6860//6386
f 6932//6457 6931//6456 6860//6386
f 6858//6384 6933//6458 6859//6385
f 6933//6458 6932//6457 6859//6385
f 6857//6383 6934//6459 6858//6384
f 6934//6459 6933//6458 6858//6384
f 6861//6387 6935//6460 6857//6383
f 6935//6460 6934//6459 6857//6383
f 6862//6388 6936//6461 6861//6387
f 6936//6461 6935//6460 6861//6387
f 6863//6389 6937//6462 6862//6388
f 6937//6462 6936//6461 6862//6388
f 6938//6463 6863//6389 6864//6390
f 6938//6463 6937//6462 6863//6389
f 6939//6464 6864//6390 6865//6391
f 6939//6464 6938//6463 6864//6390
f 6940//6465 6865//6391 6866//6392
f 6940//6465 6939//6464 6865//6391
f 6941//6435 6866//6392 6869//6395
f 6941//6435 6940//6465 6866//6392
f 6942//6466 6869//6395 6870//6396
f 6942//6466 6941//6435 6869//6395
f 6943//6467 6870//6396 6871//6397
f 6943//6467 6942//6466 6870//6396
f 6944//6468 6871//6397 6872//6398
f 6944//6468 6943//6467 6871//6397
f 6945//6469 6872//6398 6873//6399
f 6945//6469 6944//6468 6872//6398
f 6946//6470 6873//6399 6874//6400
f 6946//6470 6945//6469 6873//6399
f 6947//6471 6874//6400 6875//6401
f 6947//6471 6946//6470 6874//6400
f 6948//6472 6875//6401 6876//6402
f 6948//6472 6947//6471 6875//6401
f 6949//6473 6876//6402 6877//6403
f 6949//6473 6948//6472 6876//6402
f 6880//6406 6950//6474 6877//6403
f 6950//6474 6949//6473 6877//6403
f 6879//6405 6951//6475 6880//6406
f 6951//6475 6950//6474 6880//6406
f 6878//6404 6952//6476 6879//6405
f 6952//6476 6951//6475 6879//6405
f 6868//6394 6930//6455 6878//6404
f 6930//6455 6952//6476 6878//6404
f 6953//6440 6892//6418 6891//6417
f 6953//6440 6954//6477 6892//6418
f 6955//6478 6891//6417 6882//6408
f 6955//6478 6953//6440 6891//6417
f 6956//6479 6882//6408 6881//6407
f 6956//6479 6955//6478 6882//6408
f 6957//6480 6881//6407 6883//6409
f 6957//6480 6956//6479 6881//6407
f 6884//6410 6958//6481 6883//6409
f 6958//6481 6957//6480 6883//6409
f 6885//6411 6959//6482 6884//6410
f 6959//6482 6958//6481 6884//6410
f 6886//6412 6960//6476 6885//6411
f 6960//6476 6959//6482 6885//6411
f 6887//6413 6961//6483 6886//6412
f 6961//6483 6960//6476 6886//6412
f 6888//6414 6962//6484 6887//6413
f 6962//6484 6961//6483 6887//6413
f 6889//6415 6963//6485 6888//6414
f 6963//6485 6962//6484 6888//6414
f 6890//6416 6964//6486 6889//6415
f 6964//6486 6963//6485 6889//6415
f 6893//6419 6965//6487 6890//6416
f 6965//6487 6964//6486 6890//6416
f 6894//6420 6966//6488 6893//6419
f 6966//6488 6965//6487 6893//6419
f 6895//6421 6967//6489 6894//6420
f 6967//6489 6966//6488 6894//6420
f 6896//6422 6968//6490 6895//6421
f 6968//6490 6967//6489 6895//6421
f 6897//6423 6969//6491 6896//6422
f 6969//6491 6968//6490 6896//6422
f 6970//6492 6897//6423 6898//6424
f 6970//6492 6969//6491 6897//6423
f 6971//6493 6898//6424 6899//6425
f 6971//6493 6970//6492 6898//6424
f 6972//6494 6899//6425 6900//6426
f 6972//6494 6971//6493 6899//6425
f 6973//6495 6900//6426 6902//6428
f 6973//6495 6972//6494 6900//6426
f 6974//6496 6902//6428 6903//6429
f 6974//6496 6973//6495 6902//6428
f 6975//6497 6903//6429 6904//6430
f 6975//6497 6974//6496 6903//6429
f 6976//6498 6904//6430 6901//6427
f 6976//6498 6975//6497 6904//6430
f 6954//6477 6901//6427 6892//6418
f 6954//6477 6976//6498 6901//6427
# Vertices: 144, normals: 140, texture coordinates: 0, faces: 210

